{"noiseKey":{"private":{"type":"Buffer","data":"qLpZogU233DCO2C/AyE/bQh0PGVz9xOEoAf4QkIilU0="},"public":{"type":"Buffer","data":"JBMD8DA5WvLBhXN87MbCPHuyqKEQ9kWrfgOv+hWjDEY="}},"pairingEphemeralKeyPair":{"private":{"type":"Buffer","data":"2LDlJWjYfO55UbklAJ8oxyMN4KKwzj7nYXkNijIGo0s="},"public":{"type":"Buffer","data":"Bf7Bn4Nofe2Q0d2XX9dvQyqS+hFmqAzhhR5/sgW2oEQ="}},"signedIdentityKey":{"private":{"type":"Buffer","data":"OEuTWWqrufM6pmHIOiQ2txIfh/2L05AAzgY0OvrZ9mo="},"public":{"type":"Buffer","data":"ZEANnBMEfKke87cbb6A+a7hSeUaxS+BvMmLIhZuHkmU="}},"signedPreKey":{"keyPair":{"private":{"type":"Buffer","data":"4IiLYFJ/uASTVDIej4Pl09HZyKagcODZlh+LLL7qdUc="},"public":{"type":"Buffer","data":"WYr2Z33B6RKCSsh2Qdc5/3xAvO9+RRTMX32isgt2HGo="}},"signature":{"type":"Buffer","data":"hJA+6sxCE0xWHvg/AIHSeVW39E+5UmLB0HZKCVuHiW5DBZmpCQPK2IjM3mYXeKrBtYa8HUerc2Gn1/IVxXvZgA=="},"keyId":1},"registrationId":14,"advSecretKey":"fsdKVdUMvp/eO2Okq3l8/dxFIIZKdOKpTcCMW2ZDvX4=","processedHistoryMessages":[],"nextPreKeyId":1,"firstUnuploadedPreKeyId":1,"accountSyncCounter":0,"accountSettings":{"unarchiveChats":false},"deviceId":"fiRWKtoLQTW2Wq7N0Tve0w","phoneId":"b4a2b86e-95b8-4884-b71a-3be71fef6d03","identityId":{"type":"Buffer","data":"rTnBFo/ajmxt4d4/nRdkR2B0yUM="},"registered":false,"backupToken":{"type":"Buffer","data":"nSNvZREUpoBxIRGnB7C9lxgc2ho="},"registration":{},"pairingCode":"LAA3TQ4N","me":{"id":"6283140861299@s.whatsapp.net","name":"~"}}