{"version":2,"hash":{"type":"Buffer","data":"u/hWJNCISTSABYLoVYCd1knGY3ZkCXaKmBHMrQICNQif7kuCKin6G37Evnbsq2XzDLneA2O7yOPBGLTKm+euA/kPz/U58pYa4FWtwd39R0540wZP4MvFrQOxEd5vLrQPqEms6d3MThK/2ly8p4FypYGx8+o/c1R1eoItJ3qLw54="},"indexValueMap":{"Ah3rGVRvImmbBPiZWzVX59/uiLUgoYfoLmxw8MWKi1A=":{"valueMac":{"type":"Buffer","data":"CTsDT+Nz+p3stlYvnKFdsz+kGSIFbGaes90qekij7Vo="}},"oS5l0GLdr7fZJGKcqhNZfP95E2Dg0q58T88d5QDc6Xg=":{"valueMac":{"type":"Buffer","data":"lpuBwQzQ+mTYy1KVpDuTGuIlfMTxkjRKv1PAJdcKaCE="}}}}