{"version":10,"hash":{"type":"Buffer","data":"N6lIHVnIEJX95keYVopHNAe/cD4s+7H+Fd6glwdW0nsqoUIaTnmw3BpBSDZxE51JXaSVpo07+ycIH+mPaR5BvyjmDvLAegVif9FY6qZJl3QLuwEdPvbAhmpqMkfykd12/CVpB7Oy5iufrEFC2ieAjTWX86hnMBkOStGwJKZuEKQ="},"indexValueMap":{"AHKA6X1m2mJd5ZW4lLmAAu1qG8DsC4vZPetvy8W8b9M=":{"valueMac":{"type":"Buffer","data":"Q6ydheZn2wV51cM/xRlmwLOj7iO7osBITjLauLbAGIg="}},"BFWfcv0KOlT9ZfzXs4CAQja6gb6qs3q7QHJTykwgM7E=":{"valueMac":{"type":"Buffer","data":"D7D6SDfjEGEatgySSJEwFNBS6KZFaeaUZUsj1coM9Fg="}},"BgtfoxNyX4HNChoRYFMWYbAm8UTn7wal2qnkyiIXDHQ=":{"valueMac":{"type":"Buffer","data":"JmuiEBdJTdhnLAkQDD/CVi0tLeZ9GpszEaDKkQH2qlg="}},"BmEs4HK0J/mzT42tuVW4EeH4Np7N9xl+qYORNW0Q9FE=":{"valueMac":{"type":"Buffer","data":"1ECu1OSwNtN3j1dPHzAS8X73Uu0TglnovO/nj4us1rg="}},"Bo1di7Vg/itEwTZFb7e0ZbmWuF0Xsg9CVKACmSKO6m4=":{"valueMac":{"type":"Buffer","data":"nwwLF8BGmxedYY4Os8ZNihoR6IHrtu4xUTJ5dUnkeXU="}},"BxbCVYWbLkppbd6n0vWH0uAPC/S/GQQMtz6CoqCpwcQ=":{"valueMac":{"type":"Buffer","data":"0gxIRYR8Q0c+As+pnuQ+THLOPd3YJ4IWa5h9AsA33mw="}},"CX8wX5nKQkH68xmTSzrzluNA1DLRO/7gGTgMNMuFPuw=":{"valueMac":{"type":"Buffer","data":"Zp9cqykeQkR/I3zXvoDkqTY/1ADnAoJgDGRTjyAuyo0="}},"CbuqAHbrM9IBhPtWY2hLpAV69BfeWznQ8AkYiG/SQwA=":{"valueMac":{"type":"Buffer","data":"WuYrAK3CSgxUacrlkiSddR1J/pQ6FZQOJbkUQ358Jcg="}},"CfY0cj3OELeXzJ3MtbQZs9ccWbNckB1M55YElItjKLo=":{"valueMac":{"type":"Buffer","data":"S+0ZSyy4+5QgB8PoUeN/koVpad3aY7GK49fRTZvp+68="}},"CmI7lpwsM7HOdSwHULdEuC16K0c6ovHwT87kt0pwMzo=":{"valueMac":{"type":"Buffer","data":"XuwWHPlzni2H8gHiTzlaVz/p5lJUEV8Hh/rzD55Ff6M="}},"CvNAAnC+XMh7eZ7jEXMFSU22e/wketRlf9SccxxUymk=":{"valueMac":{"type":"Buffer","data":"Vnx9tllpEK4r4Uk37mMnWqmuretZC6Xzi7ry2frF7mc="}},"C5ujl7OpKik2JQuG4Fowsp7y1kl0Gn3azGa9CjZG2EY=":{"valueMac":{"type":"Buffer","data":"gX0aq6I7i+/GtVr+tpR8kiPDt9+PVF3QPOcQ3QROzek="}},"DCaydh86a/v/rhSA8cIdKCpi5BbTpYmrrlkye++fFnQ=":{"valueMac":{"type":"Buffer","data":"bgqvEbVK2ggJ2odXE6g4bDVM5E8r9Mdd3l7ZzZfFCMM="}},"DG9HlB3xv9MM0MGO8FkrJZqlHWvu/AMTcE3xlE3P9ik=":{"valueMac":{"type":"Buffer","data":"NJvqzDYUaJGi3utbVAWH6H0YGcJ2dZAatHX8WrCTDos="}},"D1BuQvrR3F+mDvGldArWzXTolFp3x7HbO+IgnFsyYSk=":{"valueMac":{"type":"Buffer","data":"oNogRbYflfkH4q2bCNx1A2cua4QYNS+pDnBOiScbx1s="}},"ECvu2bCZl5GxAYWgMnyF9gqm3IWzCHzQAxMs2VvTUvg=":{"valueMac":{"type":"Buffer","data":"0Husoiue3dmtqSFtN7mNNclAtYV6+URwGGt61+7xAi8="}},"EC/gLeCYB+0vow8uT1Wjkf9/gragwggpvpj+1MSgMvk=":{"valueMac":{"type":"Buffer","data":"e+E2qM4nspPLfXvQlBPRqBr2k1NC88htP8sWaeqzCvA="}},"EIWCX9ivZ9C7Bg64W1U3GIHb3j7uJuf5e8tTY1OvsqI=":{"valueMac":{"type":"Buffer","data":"6L5Slvz3v1lvSRBV1AgumbaKAJAbWBHCbG++4Nl1vTE="}},"EbV34SK4GyEHA94g10UdJ57ZHRLK2gAo/mtHPKvbpAg=":{"valueMac":{"type":"Buffer","data":"isV2DXI0Kje97wMfgli2ahvEdHFzk0PdLeTL/TLx1SY="}},"EdoOKRFcRjrIqV8foEeNn+fzgehJwATgcxiGeAW8bFU=":{"valueMac":{"type":"Buffer","data":"WIu2bmgrMkf39ow7eDp+Anx6BLbJv6sgBg0BSiOQVLU="}},"FjUIHxw/ePXPCeZ6FJ3ARkfbGjHtoM2If8hZhD0zm6M=":{"valueMac":{"type":"Buffer","data":"e1XoPMb/OhOa9loLvymUWUN20ecIXcItdIzDsfExXeI="}},"GT2DoqTp1lkP8F4xwU9w6Isjx67cYfoogtqwNRhcuV0=":{"valueMac":{"type":"Buffer","data":"ImdnFmnVfy884dSfAldPCidsyoHBBihusOeTo72qCOs="}},"GjvninbWwy+UQxPiAX1XdJVCh+6iquPaSWFc1tIW0Zk=":{"valueMac":{"type":"Buffer","data":"8jZkaMYCUcw21+Z0HeYmKIVVD7cnwJ79Oz70aypTSLA="}},"Golpw8NunoHImo6snZ+Kde2YuiCdymM2Cz91uCAtauI=":{"valueMac":{"type":"Buffer","data":"5DsLJRNP35DLIrlfU4J+wwYCCWJONMr1SbA+mBJ1V/8="}},"Gt4xzatQtQ/0H60nzUIxTnUTPr1b1fgvXOSyvqZrOjQ=":{"valueMac":{"type":"Buffer","data":"UYesMubz7Hst7gKCtfipChh2Y9smNKevFSQq5XJ/U74="}},"GxczW50Ptei4ooMbc67Ak2amNmCQqYTSf7MMxjzmCHY=":{"valueMac":{"type":"Buffer","data":"TiBW39giU4n42cwuAvqIYQROmjArATNYxJwFGoig9MA="}},"H+n4tWGMLEQXyc1OXd71UnVQRR5G5xpHLPkoufoVFxg=":{"valueMac":{"type":"Buffer","data":"VhT3a6QuuxKvorrlVHbf9oTMgwkd3hBRhBS6wJypkw4="}},"IoRCSSjPlI2KmzHAo9A8hcaTMwTEmQWYSGVB4B1MQBc=":{"valueMac":{"type":"Buffer","data":"l9HXkgr8O++qK4mXQAPjt1r3quRlZkN/SeJOBv83GFI="}},"IpcIwW8Gfg7JHJL90mSvjYUS75gQPGTqFA4yz8n+BpA=":{"valueMac":{"type":"Buffer","data":"H5KWtIUsIBoyIBRebs1TvsyEqOSHdv/me+04BXnuqz4="}},"I147agB9iVOhxDgwBbI6mDqzqzvlALGiuiVmETfQkzE=":{"valueMac":{"type":"Buffer","data":"cjQeOrigl0a7jAErKYyNMqa/q9VptI0t53xW2ivCkmQ="}},"I8m8x7rx5LBh08zuVMOO44BYwBeVFefRfFAqwV/oTNo=":{"valueMac":{"type":"Buffer","data":"c1Q1stOhWIGp9asrIFo1iLKlkVtnMgIQ/b6yBB8DMs0="}},"JVzcFS5iTtW9GPrf6p32EBVAQ9MX6ZFfDmZqisrHtpQ=":{"valueMac":{"type":"Buffer","data":"NyJ+WVj8Y8VduOaU+ditueTp51soP3k52faMfydF7KM="}},"Jd8Rr40sTwLFRmqyKtjVqsBuVBJZvemKR4StU3l3Dmw=":{"valueMac":{"type":"Buffer","data":"ORxdBUOf2B/GNUA7zmS/Rci4W3W98zOzsHJvHkamEGQ="}},"JhRyMkqCot/3IKY3TeUuF5vl+ezqahpC12ZTQzTSFN4=":{"valueMac":{"type":"Buffer","data":"i6yDOA1W5t/jJ6nuegG3xTbK8sDS7TnamJOq4FPtsLA="}},"Jkx4mGgNrvPnRDD6DMZCjmdQJ6t44iko4d/TUDGbnWY=":{"valueMac":{"type":"Buffer","data":"b8xDvJljiuLTLy//m0ZPLu0ku3sQU4QVKK7JP+9q/OM="}},"Jme5S6kD1xqgAaoVHTexlqXBpGEnRErEsU5mRDTces4=":{"valueMac":{"type":"Buffer","data":"keZwFY+FcIs8wYD4cqcRvMLgX5SyeQq5iOYwZPo7CEg="}},"KJ12xBS5xph/2D9Eu9eLj+4epfjPwkdDml3DyCpILZ4=":{"valueMac":{"type":"Buffer","data":"XslytNqoZimFBiL67Nl6RXaIrwiqELL1JpHABTJj2PE="}},"Ka6+KGK6QhoN4lq3OAGbykfDzpnE4GYqNF9Cph6OhWI=":{"valueMac":{"type":"Buffer","data":"sCY7aqXcx21yhw8rTMr1SyDiE2HThAEE6nKWye+rO5U="}},"K/dhyHs+9uO0Xrzwth1t8w/TFpI0lD85i2JRx4xp3Q8=":{"valueMac":{"type":"Buffer","data":"Ohm3q/zDF8fQSBHOQAmwoDolP87wFRxmcgFZdodFzd4="}},"LOGd3Fiuz0EXVmKzG0b9Ewq4UdeIVDStWx3OZUBmsW8=":{"valueMac":{"type":"Buffer","data":"YjTi2UrhPWFuLnJOKkcsVlQ3/sBW28UNDNPKGOPqMc4="}},"LP44zhTRiXWnCrkAeveIAtFykNZa+YghOLaFWifm3lI=":{"valueMac":{"type":"Buffer","data":"4+D3V3brPxLxlRIg5OTZ9+qKH+DLZlLewl4/DkNwgpk="}},"LXqCVnMyV/utGCnGVDDKOCxCZPBFeGG+NT/9UIpYJxc=":{"valueMac":{"type":"Buffer","data":"B3zFx2ndKFkQZJCBW5NFqLPBqXMF+mLu5/D4xLGb9QA="}},"LwIgND6KXFiF49xS/eFcEbSv5t9DfQvdFiVNYb/SuN0=":{"valueMac":{"type":"Buffer","data":"sXnqWIkojJP3iG0q90N6wH12TWjgnqi0spZv2ddHcYk="}},"MUSUjGIwbquEZvlaG4+S4699KNFxDi+J8z3YdHbzwMI=":{"valueMac":{"type":"Buffer","data":"AUXESpEeyrlFXC4G1y99brZhwm4xAjd0PYsmEa41lpQ="}},"NB/gKoj557xbnFIThAmWU9eRL0/rGeYnztm+iCIb8u0=":{"valueMac":{"type":"Buffer","data":"IXScZq/Mm3Gb9LRUj6PgKR0lg/SOMGbN/7pYFhUoMpI="}},"NYsZeFpMGmQ8tAzhFkgO7BmyGTIJ3/OJLpIBVIGD8mM=":{"valueMac":{"type":"Buffer","data":"BTthc1L8hPfSPbaeefzYYSPfqe3bxUihK9hpclPNNPA="}},"NclK+wsas+W8C+LLgSsjllWc833q22LPGTYX+EekG80=":{"valueMac":{"type":"Buffer","data":"3tIpt0VbFGf3K+fqaFe67TQgk3kSN8lbZAtwmejSLyE="}},"NdVw26u+nM4KvkxzhpXDBGzAdMxYBrL2CxkZdpn6MlU=":{"valueMac":{"type":"Buffer","data":"Ba6lt75mpINPOmmlFYNU7pZ51UzJZ2lv9+y2kF8njic="}},"Nl9F3DkCPEcqr+NF8iIRjTbV1geWiAc9yeFTmmTTRhA=":{"valueMac":{"type":"Buffer","data":"AUecFiZbWTyEcn43et5rFWJTFSP+0JreDAq9ON34/qQ="}},"N6qdVY4hzutQj2y8TpFMM87kao2omNgD0eWNPJS2VEg=":{"valueMac":{"type":"Buffer","data":"BA9U9bVgzDEJBp5ZbEvrRb6wZ7AOHyWboyYKj0gzdxc="}},"OLNGQ4y8hzEB3lNQMriw6qRJYQVzptw7klcL+6mbxtU=":{"valueMac":{"type":"Buffer","data":"KvgZt5k2/EkaDFoopeUZ4qtZK68sZuXfYpbLtrU04VI="}},"Oci1j/7B3gF34f0mY7ShB1jfi6rpBcEgAJTS9s0X3Yk=":{"valueMac":{"type":"Buffer","data":"RSeFWX3uXC7F6k8ClcGm8kNXM4QfhJ3RyVR4mhPWMSQ="}},"OsNFZCf/7UO4+6L6Ho+FzXN6jDhX/PBv/vVcoHr+wzk=":{"valueMac":{"type":"Buffer","data":"owho6cz2CG7T5IrJmuz1xX+XSVwrKJ/OpBDwze8+4EY="}},"PW6Zt3VZQTn23EMA8UEExYdIkcM12ZP7bDePcHTTjJM=":{"valueMac":{"type":"Buffer","data":"5fbTHH66u9HkTujXhG/oL2+7eBq3f7MbojbSN8IZ0uc="}},"PcCPriviScJgwuAAACRhhyC6vgBzo8EjUZIvDN/u/NA=":{"valueMac":{"type":"Buffer","data":"jXyaspiZAJaVTNZvjNqX3V0UZqEF8Bz3JlyBz8YFBic="}},"QI7KHjZwJn0kFdfRqclKWJxf7RNS87iVRSSZC1r0bi8=":{"valueMac":{"type":"Buffer","data":"d+4wsUU8vaw+1NspkP3LsB/EYrxxyYrqYKCbRCZJRe8="}},"Q06gPO5KLtz2ovRfskxIek8yF8ap+SwKiODjNGumyV8=":{"valueMac":{"type":"Buffer","data":"u32mCVavNOg8ZlnNhWeVmqL9q2YywQl5Dhe1Khh2XJA="}},"RNzbIYiWrOG4G+gYh2qhdL5zzEvpUvhgAQLhJc2G7h8=":{"valueMac":{"type":"Buffer","data":"3R13kDOiI02A4mKYHp/2SU4Y38IZFGDJPH/hG+8Z+/Y="}},"RQD4hTVQJsXI6KrHSDMg/ZmhBmwKucLVIv03Qdm/Mmk=":{"valueMac":{"type":"Buffer","data":"Y9b+I1SCTcWBjwdFdJ1+piIVFAK0zFjFprrOrJR6DR8="}},"RiZyw7dQAMRJEcE3xAbDNbVvCLbHgtNzdGqLtI29EBQ=":{"valueMac":{"type":"Buffer","data":"9xU6mwD6Dq07yujBGlGDa+TR2A0yXpu97R34KOPmWSY="}},"Rl7hYNn7/8nf5duQtIUix8oYJusSquFATHrUTGwu5YY=":{"valueMac":{"type":"Buffer","data":"8jPebeIykrUpUoVltsbBPwGUTbskuyIgKUK+B4U5H5U="}},"R3T5rA5U5WhLmy5NEh0tgZ/eop2kNkNLaM5GRCFCbMA=":{"valueMac":{"type":"Buffer","data":"es4MecXAoWFy7TEb4YSvGj2ima08inwa6n3KjPTn0Mw="}},"SA/tCu0VcQF3KN0sOPnzGVv4QYJVrYkcssr20tsCrJM=":{"valueMac":{"type":"Buffer","data":"1DU6m1dQ5KmaB74R65GWzZVja1sOZmCPQdBNcM01OB4="}},"S/jMjD8YkZ/ySFlNjyRkncSe8F2ZqYWhPIM7ubRQfa0=":{"valueMac":{"type":"Buffer","data":"/xr8+VDgmZQjL+b+OlEmkLCjOLi/xasusGxN+8Au2Kc="}},"TUW/dvMxWVmoIP+DwOEoTJzZyiA9AJPnHmhADrxw7fw=":{"valueMac":{"type":"Buffer","data":"23yYO9pGrpkCC9v6R8Ho8V5mUeSyLcDMmz+KwM/lgh8="}},"TpA6j2qXl2viIfLIXL0UHcqkRI9cbQI2atddSFOI1i0=":{"valueMac":{"type":"Buffer","data":"pvOmzj928GvWu/madr/q6RHuR56DuiocGIe+FfdyIzc="}},"Txw1Nl39EuIwQ3VGxbPv7PmzSAoQtYzWf5eIpFtZR0I=":{"valueMac":{"type":"Buffer","data":"XnpyfgnYsvHxI8z5doVb0rm9dkE3cCoE545lyD0z7VI="}},"TyuwIQw3oBaLl/0C89GgaOCOENI+dSbfeI/WyqIwlSE=":{"valueMac":{"type":"Buffer","data":"ydg8Ud2E3bRu+FIGSLW6uCcsV9NcEmK6Mn40q1tzIg8="}},"T0cGIIKkpCguLnQa38/0AKGCIMggzVFiuTO00eLGs6w=":{"valueMac":{"type":"Buffer","data":"GzrB7fh3m77HCyyD071n9PlAT5vmz1zjz1hvAfERrb4="}},"UCCQk63H+fu+QPe8lkKcj9geMCe28j/LD39niPzb44I=":{"valueMac":{"type":"Buffer","data":"6S4bC6qRFkAAS5RBmHE4wo3AT3ZjG65+XsPFTwXNwQ8="}},"VUVPL5NKaVcp9L8xo/MXKenBK4LajlAJJt08MuG9YIE=":{"valueMac":{"type":"Buffer","data":"Wr7VF0RKeEiVjcUEGfEJrp6m3xHVjRUns4q32/08Ocw="}},"Vf44KHmSgUWz9wlVKTyxzaS8ZFplgKr/6M2f35euzh0=":{"valueMac":{"type":"Buffer","data":"sUMIPaALrHPeXVatPuj6ekI6CK18werRukygWbbVUHM="}},"VqQx4N0uI83/6yXbbJS/rLB54lKJ0AHkHb/7kwrBaRo=":{"valueMac":{"type":"Buffer","data":"JwJcjWGsu6l5FItkacjmBewF+E2jZXIgrVDleq8a9Ek="}},"V30yK4p70RTP6ZoZXgTQXvYUsVZxVcVVOeCj03pMsmE=":{"valueMac":{"type":"Buffer","data":"S9/DYz8LRt6Nou/WOU+Us7AxVqwcJw8XtMKMYvzwWgk="}},"WA2KAm19LZUhwdFc5wZMEi/vA4Nw6Qril/L6ip6lw9A=":{"valueMac":{"type":"Buffer","data":"dJ/WDJwFAxOioeQDUIHcWMm+Lnjyci8wUkUPVqrEwcs="}},"WWdA+dHg3fOlFShOmgkmgfAyd+JVlwEO8XrbMU7aD7M=":{"valueMac":{"type":"Buffer","data":"DqujRp5B1By4TdYzDMz3LDCUewNF0YvvYRXnd6G14DU="}},"XG5sVpwlia/k3CWCtoVC8siZbj/Sk2BKsZVVttDm6Vg=":{"valueMac":{"type":"Buffer","data":"TrTvsPu8l9FMxagXRRJK+bQMRfZPjaPQIp0Y3TvAPPw="}},"XaYFi+9bGe/DwPCDiuC+g2Hw9D3pZDLtaYnNzcvIhPY=":{"valueMac":{"type":"Buffer","data":"vjDRYyIaj8BzLhSEqdU6r1sxL8NzaAzht8R22DKtxeA="}},"XgcYki3FjXZie7bvqn8b5P6JCXiZkcG2i0/vlqbNmkQ=":{"valueMac":{"type":"Buffer","data":"WIGwQkvQAT4ncRPZSEILXjZPnGMJpKy+zkPWoxPAbbM="}},"XmpAB4LpcFx156lisP80HDI96aAMkWND28jRwk4LHY4=":{"valueMac":{"type":"Buffer","data":"w/bqz0DoNMR2Ne/KFTKJFJK9m6JkyonD2uku2AhLFPU="}},"X/XYRi0AEJFayczMwSHi+2IFv1stLaW1Yu9FWacfUVw=":{"valueMac":{"type":"Buffer","data":"MANyWIlqgDMcZpxwImf+DEAtnnbHcGYvYcIlktG0/Ys="}},"YIfDfcQMEIqbQtL54/jIMJqlDAgEtD8zU8Hfd/DcqJI=":{"valueMac":{"type":"Buffer","data":"sN6vyFdzHLgTJv+gOq2nnsyOKJx35S/K9fOvOX/Z2nk="}},"YQfpFYkQ5XSXc5n2zwY55N/Z9j0mNjYeDbjx7B+9pQ8=":{"valueMac":{"type":"Buffer","data":"1F+XyDvEu7QPqdy26B2CQlabUmBHuTkkR5h2HyyhKJ4="}},"YpW8xFcMKl1jerLgjLjp1quJjksCA3aqjCPieWOEofQ=":{"valueMac":{"type":"Buffer","data":"N2rr1UlL5lnna2a+wkdoTmH9n6I2oeW8StZ8yezPxlw="}},"Yt30d+YF9e6IbWNhkQzw70wejmg7JayfqNdouAYkh6U=":{"valueMac":{"type":"Buffer","data":"1AeL++rH6op23ZFQHUpYemU03WHnpQFfQQQJSTl2TIM="}},"ZY9y0boMZMEWwT9OronWDXf4af5uEf0+LI/YG/KijHY=":{"valueMac":{"type":"Buffer","data":"nhrmqY17E1kv6Spjjwf8sDUWfd0Ybp2Nq90spHTj9OQ="}},"ZvCcu4hJGtFwtQtFKe6eh60l9TrrsTQ1/xhC+27p890=":{"valueMac":{"type":"Buffer","data":"aJlmHKn2LWx1LmjSBYhrA4tSazTvyZzgJe+eHermXIE="}},"aZvUR3AlTH2HDwj6j+l3KzSKKp7o45GGfM4SkyiLH9o=":{"valueMac":{"type":"Buffer","data":"kL6iPIyAwFPRyhVAC/hMA4mvwkS7JX6r95Nl6TDQI0g="}},"adqB9L4vQnEhoyNqFjF8Om/QNxGI8uIWEWtwfprMHCI=":{"valueMac":{"type":"Buffer","data":"nmEYo6JidYsZFg87eM+uoZH4KeQkJCClTIoJ54MzZCc="}},"akvrMeNmZU0nw3EwpGxWB5pLN/f8Wc1BZ998vyovU5A=":{"valueMac":{"type":"Buffer","data":"s2D9CnmGLm1g8rLHr0+2yZ0TFUQCM8u+y0nnv/Ru9hg="}},"bHOL1FqSbwZ3f2X2RH4quFFFk3FQUzq9jdTlT3euNHo=":{"valueMac":{"type":"Buffer","data":"qnGqn6l/RTgCZtE8JYi2fMG8tVEJ1x9ckC4EI90yCnM="}},"bLB7Mf2s1ejxg3FCQ/Jn6TDaRGoBP5fEJb6IdtHAv+c=":{"valueMac":{"type":"Buffer","data":"y7WjN04iy+baXWUnE018jWTCwv3SunIK7ysFJ6PhAiA="}},"bQ/mBmnZ24x3UzVJKs3/SvtG7ETo8nh6IbRBkHKBlKU=":{"valueMac":{"type":"Buffer","data":"vA915ScrXzqWKxV87Ru/fFYm66UQ8pdiznF+Ug3T3tE="}},"bRMEjDa3xWEdu8P/GAOgibHd6lkmKBuemUhvVLmDKi4=":{"valueMac":{"type":"Buffer","data":"llSbmgz+ZYe4CHJEXw+7G/0W0YNvIO0AMbz+VmO1c8E="}},"bqQ9Dbpb4mYfPR2LkQDGiNQ/f2cZW3n1YBingnBlpsM=":{"valueMac":{"type":"Buffer","data":"TItm0B7lSZ++zlvBt3wCsDskf9CPhhx3u5knXYhl+fo="}},"b8yrBco7bRS5aiX7fC3KRoYuwGH45bCIbPxyZEAkhWs=":{"valueMac":{"type":"Buffer","data":"fzz44d/GXc9b5FkBNxUYTYywl2nh06ukdJLKhM8ywI4="}},"dHze4NWHA3leBlJf9dZg4lv0EGLrK1rJu9NBrdIg84U=":{"valueMac":{"type":"Buffer","data":"9UOnAoVn3wFSO8JLvDVgU+kCO6GLC62k3Y9iegJ8NUQ="}},"dVzVLSyafOhxbKFDnSlVoOkcXlz8ftE/8a5NSQlV9iY=":{"valueMac":{"type":"Buffer","data":"H57KPasDgdYFrfkCAchGoQyJkNp+Qt64q0njC2W24Jk="}},"ejp34Mk4PVRNA5YOfBpCiHB/kYLdQ8FyJlRw198+P10=":{"valueMac":{"type":"Buffer","data":"o0r18cOUenPMt+GskcFEaPDjaDoVQ1z4fnRUhON6QDk="}},"esJwY0mBM+Yi3Py7BvDnS5cZhSVVOJI2s+g4W5XhDWw=":{"valueMac":{"type":"Buffer","data":"vdrtl0iWZmtm+WCHBwMnZeeMA140w/Hb43gNq7t0SyE="}},"e3OsUFVvIK9ys39oa6n04y0vX46dl/MRijNA6zoG3HM=":{"valueMac":{"type":"Buffer","data":"DhQWXk0jBouBCDa445DxsIoe0ermxEZE0feSKH4nZoU="}},"e4oBEbBkZfizWrflflIC8fzBE6HVKcdM8Vlj3p4hJxg=":{"valueMac":{"type":"Buffer","data":"tGZwpVoz2jqe2Ceg5aUJVaXPAOWLAF0n6TzLaUwcTGE="}},"fCH5oXLoQlkb5TGmmkIRYZNPeV35mE16mCSNx5uIx9U=":{"valueMac":{"type":"Buffer","data":"vZPOX1B/bP6IEbKytpcWqqiwFaqqukmG4t62LuGafxM="}},"fUPp+omC+Og/9JUBEbI3uKLXHTIu+U2P9OcgsJd7U2k=":{"valueMac":{"type":"Buffer","data":"eaxPdWmCl1olOrkF+p0LzyOmJ1/j4O5BwBrhb1CeQEE="}},"fdIQPX1FLkQYsse67XWc4GFhH/1mKAg/L2b0nNf8TtU=":{"valueMac":{"type":"Buffer","data":"YLpXfMhM2Je/qs+DUPaOK/Vg08uqok9NB5VfWWmqDWE="}},"feQ86yVXWYwNamg+3L7WNFyJLfyJCrxvihIS7KEP9ks=":{"valueMac":{"type":"Buffer","data":"o6o/dAD37mKIfqZoTd1GQ0843S6tzROFHcRI1e7sVIE="}},"fm97EA5HygAr3APX/DXCIFRDpjvSFt4n3aFNDCrqKR0=":{"valueMac":{"type":"Buffer","data":"MAKOgO9SpbZvL4+6RanrI00t7ZM1KKhBk9OyKuj96TY="}},"fplEbtq2yxaWYI7yZh1WaeuUO0U2FZCZ6D06MsqOkg0=":{"valueMac":{"type":"Buffer","data":"I4unWADN6msGxgkNK64wNUx8k9W/4KElCTvwuHLuKR8="}},"frYvMRGsCV7wula4AsKKGpfZGYUs/5oJH8nQmVUDJTI=":{"valueMac":{"type":"Buffer","data":"3V2xrLx/zTGAiU+pK610LDb7DwAQgbXiy1YTbf5h0W8="}},"f1pOiQNzaTt/545XXOKgkv5qTtxSx+teFSuWj5DMAcU=":{"valueMac":{"type":"Buffer","data":"mx02+W6e8OFYyWK4DNnPl9yHcsx/Cku7+jSfmMKjAT8="}},"f8V5KUBtQf/YxYI9nnaDR49RyY6YELdWjiXtqi/hfe4=":{"valueMac":{"type":"Buffer","data":"A6sP9MlbFZh2algUQEjEfADlGurcEtSlAEC6GN1hF44="}},"gK67YQBWgyX6H/YrD4bnfE41ftJmlgCJabcARvEfUpk=":{"valueMac":{"type":"Buffer","data":"xPDq1KYzKoNe+VpiMJWfl+ZMrL/0HxPDofJsfsR0Mcw="}},"gdoCD+qu9UXlKAgwapVlifO+RBIQIXZD6i/te1FBAe0=":{"valueMac":{"type":"Buffer","data":"3mMqu0dJVcEKnkHe8Nl1rrs4iBXExb4YJDCZv92rKPg="}},"hFUfQM6gejuVhDwRp0vJrRzQ/GAw6svJ6PJtg/Ui+yE=":{"valueMac":{"type":"Buffer","data":"DaPus4iTo/1d/HDTFFYaHurQYZAqq/FS3HGjLXuGas4="}},"hIF3YPDyldJaDDq5WnIsT0GgkUFYz8aqDyA7pb3OT1A=":{"valueMac":{"type":"Buffer","data":"Grrb5ir8SfjXa+fR+0EorSYX+n+85f0BVIdwTs/GeSc="}},"iUwffvzlSvDr/h3V1Lklfa8athm8+lcLFsxuOy7eky4=":{"valueMac":{"type":"Buffer","data":"3PJAl+eu03wbJEBSyp4cvDs1f2dQnq2yUEac+d5xOzE="}},"imguGPIQUin5iise+DchWZ9HW/SWtHT+QSV0l9WPQhc=":{"valueMac":{"type":"Buffer","data":"naaJGV6FXk/9Apt6X+zJ1FHnPRUYzaqFFHtCSLfK24g="}},"ivoUBbrVvD7hxclbVZ7x0BdouROeTdjR2D0iJjren60=":{"valueMac":{"type":"Buffer","data":"YF4WLuGzq9U9CkPHqj9qv0jN6QD3ZUeJrRbYL5TGMuE="}},"iytSffzi2HhD2jSicpFaTjxga8cDRIyklDWIQGOVQrg=":{"valueMac":{"type":"Buffer","data":"yZ+WaOQr782eflLb6lyespdq8pNEStug0+9lFX+Q+Rs="}},"izGh3KEm2A2788QFJfSCY5CHENUjZYNEOHHtT55zwho=":{"valueMac":{"type":"Buffer","data":"aK8vQtRDotMnFVS6YaYyn2S0zhmjM+wumHiB8ZyLJEg="}},"i+3TwnO8qnqlZgvdXQyMdK+4EaIQM1CkSgY6xWKwNUc=":{"valueMac":{"type":"Buffer","data":"3nDNDf6zMhFGPmB0GurB8uXE3JeTP3/WUusOfDy7a8E="}},"jOB6G1M5454Fwu7m+Iig/k21f1i6KzP2Tm1rmU0a2IA=":{"valueMac":{"type":"Buffer","data":"DFfBUTd/SVcBMsVHkcSfkydWc0GTGbV3FIfM93lsJsc="}},"juOQ8i4zFYEDVM7jyoV96hcZepZsItiv8aEDCW/sw3c=":{"valueMac":{"type":"Buffer","data":"QOuGBGvq6/F0QZIV+BMt62EsxS7KwV3nLOp9MNqhvXs="}},"kDeLruIBwcUo+Ts8CU39JZr5PKXmS/Gfh9SXKbtADP8=":{"valueMac":{"type":"Buffer","data":"X1sJjb8NoKKCWdkmBSdmVkmNDRBJSBnbi2p+/1cEdGg="}},"ks2Yl1JMGrlh4vAEZmdd/nyBAuri2bvyQDcy1tETB0E=":{"valueMac":{"type":"Buffer","data":"hiUBv8CGFD4CyZabokBL/+mPemMC/45R9oxXTC6nDzo="}},"ktD5ArMQc4vJ+do8Az8jpXmv+9FBJd4WfvGnLY5mwi4=":{"valueMac":{"type":"Buffer","data":"eI8rfr2DablIbn40OcP8HaSW2Ufjg7p7MmVsm7FulMo="}},"lBScIt4Dt6hjWEQzwIED0sK86yKnEoIAEr2S1r/4hGc=":{"valueMac":{"type":"Buffer","data":"JUkmDFXrguAXUmMlSOVP5OXVFTpzGFQbOBLAVO6XwMk="}},"lNkZcMEzfG+bl0rW/3LvJ8IaeKplOO0R7xuEihLhLME=":{"valueMac":{"type":"Buffer","data":"cAFA+Wt9jY4rb6Mx5nCepbtCRJ8HDy0o9W2IewfAteQ="}},"lhSA9KUcg+f6mExMTSZ6CUmG4EqiGjrTd+wcbbftna0=":{"valueMac":{"type":"Buffer","data":"JZfwE/YieOKjnufnHLeHMMOUmiugXEe7iMn7kQJLwXI="}},"li5/8Cm7M/3bWsb3DePJW3MZPGXshPeCt+qzT5vCe7Q=":{"valueMac":{"type":"Buffer","data":"OhY+FXf5sEonyL3LYLYWylxMFvaE7EVy4qnBd3jmCyk="}},"lkFeqaoQUCEeOVpgjcuRYgFvNfvikXbElFWi3V6vzKc=":{"valueMac":{"type":"Buffer","data":"qTPoUvWAIqA2FzanEiZWC2DteuOx+pHGsXBM9WuQINQ="}},"lmCkGhLFONVsiInoB8OAfhnZO/qBaGlM4tsNqXaYXv4=":{"valueMac":{"type":"Buffer","data":"H1mOUkc6cOyXfoUxxcCLCabJ+VV9qIBlvCH2u1d7NJk="}},"ltOxP645WsQ1o4Gb9WBte4nqrK2Lxst7VmOm/5/DfwU=":{"valueMac":{"type":"Buffer","data":"TzOBnD65jZJVpUIcaGFyixJamf1aUHO5LqN98niJPHg="}},"mEncwvDDrTfP84TDlJOYpgh6ilrrvFI6zT5FvjdoQeA=":{"valueMac":{"type":"Buffer","data":"zdFr8vQjjY8ZJw5cljB3iTpy7y5e589i9ni0HshxLho="}},"mTiQG7fe3ZZtxB8zIZ9JkJwNQbyaGrAAk4D78K0QWn0=":{"valueMac":{"type":"Buffer","data":"A2dj8c3PTdwzlVGbSA7890CxMd3iYoM0NXPMLNvLlfM="}},"nYfDPJd92dEiZOQwyJ2h+8su9QikV4uzjkqG9AmisQA=":{"valueMac":{"type":"Buffer","data":"UAvnWek1BjbNZmgpbw1xoCxT6euetDICj1dInCV2U1U="}},"naeEcm21M4QPjZhCcmSq9sUCEbhprhrUtJY/OT+iRog=":{"valueMac":{"type":"Buffer","data":"XSUe2Gt6ncw+N15v3Xw1bMA02/2LUutPdqF47jzjXWk="}},"ndFHducYhtrJHQ2sv15Vk/gpVJYONPLi+FPXO/U9wy8=":{"valueMac":{"type":"Buffer","data":"xTh9llggaCdR9QuzaVfw6VG9lPSnj3Oq8vdQsOPk2xY="}},"nfJ/ivAh4KIwHukwSDxXc3oKu+PKdT4vtI3g4h1JVjc=":{"valueMac":{"type":"Buffer","data":"i86FTVY+KOBQROKb3xYhyQ4qZrXrao5V7GuoQQ5QljU="}},"nqtaMWM1bXAfAkijSOcNYklx77L5lkxKHs7nyMbXKXQ=":{"valueMac":{"type":"Buffer","data":"HHAZH7cxlV5Ljl67MxzJAAGZ+ZT4yCTMchhr3piYrKI="}},"oBmNI8I9B9ky/oO4XitO6pBC6BrSStJt1tyiJGmVS/o=":{"valueMac":{"type":"Buffer","data":"N969obsd9/p6qtfplQDFXbRsAQzXm2akyvEfATIfAGE="}},"ohSA01EOaez71dtDJxolugxT1xe8Ms+W3jlp4B8HmCQ=":{"valueMac":{"type":"Buffer","data":"ecZuEzUxzpf0Dni072disytcUhUYC9vaKcy7gCuKF2I="}},"pR9+8HbTYDpC79Xtad1Qh4rFhHE0FtHS5LJs6sgdEns=":{"valueMac":{"type":"Buffer","data":"aIRZRm5cN3BbenaWx977x/953okoVIbUeIMzHPyhwj4="}},"pnlPTQ+MgbZvxlRnzJ1RgKT+aN+IlAv65rmeMn3+CJY=":{"valueMac":{"type":"Buffer","data":"uraN7JSCRdtqbG6sNqGMVInm7AlAVsiy9xQzkfYsPOg="}},"p7lVUFUzvfgWapaY/hfU1ppRH8dK5ivweNAMEsSe3vU=":{"valueMac":{"type":"Buffer","data":"PYb+CtipYT1Jfu4oGry+OW4coAWQoKMX1WWqLtcpg+w="}},"qCNt0QQHq5U+kA8RvpfjvT23rwClt05SFzH0Fu1DwEs=":{"valueMac":{"type":"Buffer","data":"5sc2UsrF3IZaPbtzptevuCe4oqYociaE/O3cvbImp+E="}},"qHR++SveK4lwOTukyCWUBlzGkGz/itkVuk7iHTUrpIo=":{"valueMac":{"type":"Buffer","data":"6ddEUWEfWDk1uG4jNt+SsoQzvwXLRvRQHFeH2X32z/s="}},"qLN7bx4DQW6a5xPHuIHIhd6A5V4TCRqLKH8h8+ZDEl0=":{"valueMac":{"type":"Buffer","data":"dFru8kddiAAuol1tl/YMrZwErVdWqQDcd0PeUw8v7uA="}},"qL8BIc/Lu/TRO3LCNUPp2ilZVlhg7YPiWmYQjT9NT5Y=":{"valueMac":{"type":"Buffer","data":"gV1E6dwTdttcGQZGB2sn4y7qfjvrwkMvFlpJdRrKqxU="}},"qpmqwTmDD5wPGwqMTfV0ciMmfwAlZLKzPtEjLAwPZoE=":{"valueMac":{"type":"Buffer","data":"psZSfetKl1fwUjP1yL0UMefgvzL1NLq28+YOcW4j5XM="}},"rG2n/+bX+OoMzH8pV1J/WAwwOAHZb692PYNF5XwEWnk=":{"valueMac":{"type":"Buffer","data":"P6p4BU5GpCvEFu57751r/bJaxuOqC05N4SgM2VW61fE="}},"rNka4pIbCMGzrOF7aweUuFtnRSnq5cuIZG9OkoZMhSI=":{"valueMac":{"type":"Buffer","data":"hbhS7D5OhhqFeCoix+mthcz+JMekM2iBEj/ta6RGu+E="}},"rPdFpizXLFzBBuWu09Brz9rAvVjKMvMozvlzjb0ZZ7A=":{"valueMac":{"type":"Buffer","data":"o+7LoxXDbisHIZsLAOZQO3TAD/xbJ0Or8vuhxU9CUug="}},"sCY9mrERv4m1HZH2rbZNspPeEbQV1Hig17JJ8brGlcs=":{"valueMac":{"type":"Buffer","data":"YcgYJusI04Q+y2xTPxhWM1ebUY9dtsWUYrWsithblIY="}},"sU22Gw8wu2lzUzlkA17k8nxQtN0J65uSeXodlPs3DKQ=":{"valueMac":{"type":"Buffer","data":"lxq1y53qH5f6i10idmj9clGWfwI4Fc3KQpchJnx05jY="}},"sfWR/IJJ4SJs0lQuqOCc6/QcYa0CGSbDZrjXmuvOT84=":{"valueMac":{"type":"Buffer","data":"yuDwpeLByxC9aJyPbPqdU4hCACg/YVQICbn1f/ojpaE="}},"sqDIZa3YoludRQtPOGuLaqXhUf7onXBBFJUenz8uNq8=":{"valueMac":{"type":"Buffer","data":"/joUEbeSVMtkaRSHk1S1LV+CXqIhfAEGoB6RWvjJsRg="}},"sta8YWOmkVdsZnNSDGeMbF1aOcj4TWvFo8Buq8XxgRs=":{"valueMac":{"type":"Buffer","data":"r/PV14muREj0l5WfuQpzIwGaRi+04SX/4dtvoBOnu/8="}},"tLxeaiSts++GDw53nfJh1nQ6T8HEeYEp7Fa5MHsHH6A=":{"valueMac":{"type":"Buffer","data":"AFr08HDirvsipiKiIlYOuDzus03+RglHbrX9y5/bnVY="}},"tNzElHiknMCd11WGGyi2pHaAYKYGv6t9ddyxsnSoBCo=":{"valueMac":{"type":"Buffer","data":"kRGq3lOcIUuH42EfRCVffh85b0/+A4KYmqlcz0xG9qY="}},"tRhul8EGsikNaoQILFVUC2VffNPIuMsqVm2VdGE/eJs=":{"valueMac":{"type":"Buffer","data":"Zx5A/da43ihTcB0WEbatKh0lBtcQFE13THaYrXXE2R4="}},"trwGDxld4XSDWipfrjCqaLzhdZN12ZigegK+CDvl7Wk=":{"valueMac":{"type":"Buffer","data":"5ghWvNJiM3HjYSvzI06jLjWbKTZV7cn3D/C+RO6Qqss="}},"txRmnhitTcZf7uHYV6k7obJQ7Kt46L0skhx+sd8WkCg=":{"valueMac":{"type":"Buffer","data":"LqdcFTgh6OIMuGyOfBPvI+4t2YJDQdga28bveArzstY="}},"t4Bofwm53zIQmueHEMuFv6mRmg0eC1xtPyXk+LdEzWk=":{"valueMac":{"type":"Buffer","data":"43Knw3fbp4gNa7Fm39h5a4Poae+tArNXw86W7p1gHzQ="}},"uAQdOKt2r3cTN6igcqPgG6CcMKGIcOHq2kwBQnUvx+A=":{"valueMac":{"type":"Buffer","data":"rPew3YMy8oxC9pG/WOVEzB/7v9WUmnZGhTC89q0ckR0="}},"udifKMsFeQGHSIULYPQB24Fq0ULouj5UtnICi3RoCO0=":{"valueMac":{"type":"Buffer","data":"b10V+voC8HO4hpgytBbFEJYdCB+TfV+5p+782anWBP4="}},"uoReyrkZAWTfcraX2nRRcX/+zGyuTqf4UGaHjf9sTQc=":{"valueMac":{"type":"Buffer","data":"7BqyVZ2A0QqTga8qP7Goh0PYJDSHt0MZUpcbp8h0+8U="}},"uyDegRETC7BajPqIu2HQL6lsxX8Pe3qdRyOCbcURj+o=":{"valueMac":{"type":"Buffer","data":"tNy3uMOKXPOOrMhAcqYoWy6xj6AedRoIP/yI45C3Axw="}},"u4OGQriIXmwxaR9qSh4gWxnul0613z0AHPp3rVeABf8=":{"valueMac":{"type":"Buffer","data":"BQtI+ePu1NMsF/1VuFnyvwLx6u5A+mRflp3IMDSX5x4="}},"u8/wXv0FVb7D88fvOQHVW1RMxQiyBpME3py7X3nJnSY=":{"valueMac":{"type":"Buffer","data":"6zCbNEAU7XmqvT76xG2kzVYUiHRuIhzs4yqV/9ZII9U="}},"vKYHMnSdOpfQ6ONV0JecXwGWArC0phlRtfT89xFZrW8=":{"valueMac":{"type":"Buffer","data":"ob25Q74vWJHjyArWtXpAxDz8nP5rBhpwUoiTZABmrko="}},"vasq8byfT2V06SyyW5Bpk8fS86StA1fan37rl0YXm5g=":{"valueMac":{"type":"Buffer","data":"b1WWGGrbQJRUJzhtTRkGJLg2hTR8tUz4u+OoDrBcgMs="}},"vgTPumLONEryvQcTvvf9hKoiWfqp1GSSk0/0pZwEMbM=":{"valueMac":{"type":"Buffer","data":"/d8VGKYLuLMz9gfMUKUI6lHoifn6w9/0UHaasGywuig="}},"vuq7y5Z3eRxk8pU5680EdzGRiIVfQNwtYcaYYDtdiBo=":{"valueMac":{"type":"Buffer","data":"ce1C33QnklZG2uPc/v+NTUNhEE41zDzVgFnaQRa2NoY="}},"wunNPGrFkmiNQw0YLkn91C356G+gmeqo64X+bR0U6/s=":{"valueMac":{"type":"Buffer","data":"52fMD51/RO5JNG+lNBVCA2DddklFkjS+gKp2KQrkkvo="}},"xdBejIUVHs5Fb9tA6TyyYqjKNpFPoDQKsOAJkbXNUWI=":{"valueMac":{"type":"Buffer","data":"qVGY+M590aqtYIfbqIaz1ZFqp+8vKc7ADxjMJxrJr/8="}},"yHGofxzrLL7ndAFJmymFWA116xsMTafQ1kyccZD7O1I=":{"valueMac":{"type":"Buffer","data":"6hzFZMgyqsCKMowWE0CBCNEtNnDyeeHl1N+9ra6QSys="}},"y+szhB/V22ePWN/OFCgvbOM7k9pbBXN0utOA6YWB6qg=":{"valueMac":{"type":"Buffer","data":"D7TAgInzYHmF2nVLoGLRjJ4qbijtRU0M7UlEpDPe2cU="}},"zFxuptZXWVFCYPNwN/6xEZgVYJNO1mR63HqEjOPitM4=":{"valueMac":{"type":"Buffer","data":"pZXGwYStfhrNaZ8NpXKqCcb/xneFW7wHOlfs58C9rcI="}},"zU20mJ0iMF8ebBSs27cCIYiZ/rIGlQ4kVf2zLg28bOk=":{"valueMac":{"type":"Buffer","data":"JHTcsXCEzr+QexKdjq4HzaEP0NJVgZabTUKu7nwU1+M="}},"zh6TbECFzquVIuInVo+p2WEZBcwAVwVYM1C9GuNwGbw=":{"valueMac":{"type":"Buffer","data":"H7mHBkroisSgc+baZMm0ELoM3fl0s381pMo2Ff8wrCc="}},"zn4zq3ibc+D25IoV3a46T5iyjds7rolbB0Fl/loEK+8=":{"valueMac":{"type":"Buffer","data":"6JbsPFguRVSLHjk1eKwwycqU5UCsNlo2IKCw/FH/JIg="}},"zqufPQtSLhl2og91nQuO07LwKJvC28rcgD7lP69Fo60=":{"valueMac":{"type":"Buffer","data":"w4hdWmkTFTeC7HMU1iAxC7cZKXHjBgTXLUPVY4SpP5k="}},"0FEITr9hGnxQt1Aj9ytmsAM0lAR/HseTkmq08FcP/O0=":{"valueMac":{"type":"Buffer","data":"3N5V3CMhp7RP3Nvjx+Ynrlw1Dp4w24HEWDZb9nLIlWk="}},"0KMpqaLlcKAUDo9Ek8omIzRLjrXdevWoYKIFCrH36ls=":{"valueMac":{"type":"Buffer","data":"fIQgUwEsIph/spvNFVIymKF+ar+TP0JYWbYGFKZnldA="}},"0O4YC5I2VHWDaXhBO4EgsGJ7JSd0V7BzDgV3GqJtsAA=":{"valueMac":{"type":"Buffer","data":"/njAEazW9QfXzhxS6K5rOiEFQ+gNw87sM4A80GI0sbc="}},"0p9SNO4usrniBLk7WYsqycS/QYCX/e6fXWMw59rOqyo=":{"valueMac":{"type":"Buffer","data":"xt03nf0GghbJ1WOhE3gk4ArtHpXj9wQRid9WYKMknxo="}},"0ytwAfQ7jdmGG/EIDIJLnvSGS8TUVGzP8hPgDiLh+L0=":{"valueMac":{"type":"Buffer","data":"vJSojqTtC7Luqw0fGir94MVOhXQttN5ziWL9gjjXHgM="}},"09usaxUfquOb1p+xi649KR3rJSqfKMOn1/suTWDZmgk=":{"valueMac":{"type":"Buffer","data":"9+Imlxy5IRsgfEQinUoSntjTLKM40iH0Av3BSoZH1rc="}},"0+GApm/sRUpbwrXs2/O1bmCK35q1T9WGPZYYQKGpq4Y=":{"valueMac":{"type":"Buffer","data":"kJ4O72zc56v+CQ6G/gev3GPlI2myARbBxw71dQ8djok="}},"1hWxdtcHeXtg2CalUGk17OdfLldNaXcCvSXMxXXLuYs=":{"valueMac":{"type":"Buffer","data":"kk6w+kazG/J4d0Dq7f6sJZf+fNO8Fv4/hCekrMxS6zo="}},"1vSZAZ56t8iLmx8yUAdaufVdbCsJgpvWPzWSea7yiU4=":{"valueMac":{"type":"Buffer","data":"fPsXlgSsIVjl5fbdSqvd6Sb9R8qdcMCIGZN+BF0r7pU="}},"1xsH0wWCe+5WDxSRcWj6iwDuEkxUpkrbwW9NndEvKYw=":{"valueMac":{"type":"Buffer","data":"J0QAytaVusd+v1bTqh6EK2z6iHL0FCUrDu+IqoQoIqI="}},"2UBHO9TOOY80WebmpHZLPq+9kJ1F90NJ4JZBx0zTRvE=":{"valueMac":{"type":"Buffer","data":"rQHUjaYwAJ1R9BtdD6BOE8HovdkF7Q7LtGC+nxFd5hQ="}},"2YBHPKMBZkq6JIH9gllBFOXAII67Ohi9xpd5j/EqZtU=":{"valueMac":{"type":"Buffer","data":"KZN/Q8jmV691XIub3PduaMRyufy1tXipm6BJT8HjQcU="}},"2h9gm3SVCf578F9U46FI6n8wfDJ7aviZcKso5zpA45U=":{"valueMac":{"type":"Buffer","data":"31JBDCfFrGDx91ZVIRf8ykwESk2RT1carzLK+6/hemM="}},"2sUgp2st00o0UCHr6mZYzXKmuXZlx0LGeSW46058s9Y=":{"valueMac":{"type":"Buffer","data":"oxf9Rr6PSCRnOQSh6tCf1ivISPJKQRGyx32v1hgsNcY="}},"3NB5hiyBshg20GiANYk+W4iY4xgE+yRjXJBfWx09jvs=":{"valueMac":{"type":"Buffer","data":"pYytl0pklsf/f6r6tfnW9of6QTYg+wWYmytCXoESk9w="}},"3VGYGKnDrb3eXMY1LgIkZc22ATOFJlFydnLDwq4TJC4=":{"valueMac":{"type":"Buffer","data":"oTL0vK7rDWeCgv+I8Sx6tSrFtlKBJnmGRcVPCLERwbQ="}},"3pzlfI4jJLfpxsFytZF36VZAjV7UJkiBpS/WLs/UvPI=":{"valueMac":{"type":"Buffer","data":"BGAVX6+Ma2gmID/eeLJuInQGSKDbB+T/TCZGlvk/YL0="}},"3v7TOeEZ0+2t0Rf+1dcFM77n2snvHbv2xFiZE8BZSEs=":{"valueMac":{"type":"Buffer","data":"eVHfM7+8eWBtYUWE+pMTiQsmNkEw3ILyT2YUZMmTuig="}},"4F4KIPm+da7EvB57mnsPxZZNNokEtCFXsgTDCvW3vs4=":{"valueMac":{"type":"Buffer","data":"9JucFvYoDZfUF6sQbrNZwWzSDh51Rjz2olKzWkJYLTw="}},"4OiUHwV4XQ/AnjOrBGLBHwfcg9mM+N3FCRFXNjNv4uE=":{"valueMac":{"type":"Buffer","data":"cE4YK4T4eUJ4tp3Fmsff/aDdvxUpqAd9mhlJ3kO+jrs="}},"5UcZ+iutAGKQGDsUflQIlwEq3BfC6/CVO588rul1OuA=":{"valueMac":{"type":"Buffer","data":"rWecFJoriQsKKOvNzwL8tGHQG8o6LEqrzuNhlF4doys="}},"5eb1N7H9FZhtPwJmJ9uHhSts8C8SmbX1qYosPiJ6040=":{"valueMac":{"type":"Buffer","data":"xHPYF2D8j58AQx/l0uz2d3rtR2Zgf6mvwdXy7G0RKs8="}},"5wLdUdRieQq84kwz64kxMo7MGJ8TH+7IPPFAhYsNVHI=":{"valueMac":{"type":"Buffer","data":"GHZsxPPNP4OVczqsLLKgUzJ/C4Z9T4KawKuklyZmH+M="}},"5/vuderEvQ4n2/+7MvaEY6kUxyJ11yDlmL+ME99eGjQ=":{"valueMac":{"type":"Buffer","data":"HPx7kpplCPKHUpCqtiwEHPmEzr0YZ/ycb5ZhQUeUjEQ="}},"67OCvf93DU1utmyXu9Z3jAaAQuOqEsFyKtBWg1BXxNk=":{"valueMac":{"type":"Buffer","data":"AkZKHE+TyjXpSg/DaY8cvmyQXb9zNB0xDv8O4OTuhIA="}},"7lzmgzzYudotF+XBfbTBtiAwxiaIN8fCegLhXNb7wY8=":{"valueMac":{"type":"Buffer","data":"1tlMc4wIpDPH5F8+9YJdlo8bE+Qqh7dfKxp27UiAZz4="}},"7oHva8kw/YOC1DHozKfqv2gll7SqVerY21WHWZ4QfTQ=":{"valueMac":{"type":"Buffer","data":"SZPkPQa98kG/KaM7iZLdG0ClZU0gosaotO4UB4bsxLU="}},"8VzvBUg8lm046trHBtUdAVGavKmoL+U3DT60h8qDJxo=":{"valueMac":{"type":"Buffer","data":"wVnAy06CorYlawWioSTySuy2C5AYooKrtAHgwkO72o4="}},"8hMiZqvJMm0CR3XbgsRa2sJRz8OQ1H2i2d3JFi9lK+w=":{"valueMac":{"type":"Buffer","data":"VWesZRJLabGBZgXe48C/0InxGaHHVG9dywSupeKt4s0="}},"83LquSwzkPF9aFE/v9o3mIO3eQxeUrqGRfE1/djjn08=":{"valueMac":{"type":"Buffer","data":"tyTE6ljvqZLdzbPnQ7DWF4EbX195hlcO/6rVc+GLe4k="}},"9wckeXgM/mtNpsqRC0eoBw1R18awAQopcyynqnIho/4=":{"valueMac":{"type":"Buffer","data":"V2jliEAyxFTCgOcVbLdWvHqvyYxgtySf9htf4354X/o="}},"+cpI5oax8eD6ATrzj2ZA9qhOEbONRF4IVbFiD/i7qpY=":{"valueMac":{"type":"Buffer","data":"ciiTWWVmRP5WLrkgRnUYHdwbTKRUxmS3qbpB1/FfY9Q="}},"+rGKkljl4i0Xo4t8/8SRARRktT0kVPcRQ5no75k8ExQ=":{"valueMac":{"type":"Buffer","data":"wuPaPRlo5wxHsl23u9rGcip1dJoAMRUM2O+829X/JcQ="}},"+rlW32gttKW6YUJvJoknjgl7FZuNh1Drsxs7i85K0tU=":{"valueMac":{"type":"Buffer","data":"PHwe44ReWCW7uD/wPOkruZ+TIkg/SZx9qzTCv7H7s1s="}},"+wLlQJAcY9ZM3KI+KVq4QiJS43OeivRVbQG+ygVXo0s=":{"valueMac":{"type":"Buffer","data":"zoDzjXziZzk1MAdcQmHwKKctaVCrtXeWHgMjd7ycO3Y="}},"+2zGvQ1YrB/IZuUTcjvNrcP/V7BKWRnmM0R/0vLU08k=":{"valueMac":{"type":"Buffer","data":"kaLuvmIpT+7LsNzTl5uXrArS+5KmBu+9Jays1HWkABA="}},"+90Xsyg0OoG5zQoS9zXIYsAvnE9bwChETHdEyTW7yKw=":{"valueMac":{"type":"Buffer","data":"iIBVEhWIFxTTUiuj8s07mYBQYOWgA7o3IJlJoDA8Fg8="}},"/KO87j3j54odAcqpwt8zTqNbznp9gaxDergKBl4tO1o=":{"valueMac":{"type":"Buffer","data":"AC471Xo1rUm1iYc7BSZbyrihExkf5D67Maw9i/v8BnY="}},"/RY9OsLg3j6B7Wlgjulb5TGx5YY2pHZwLfUtub67V6Q=":{"valueMac":{"type":"Buffer","data":"MrYqkhsxyRdI++uDITtQIO0HosslIrj+G5NH+EWq3OE="}},"/VLUYQOkUwZl2tfK2cwpc6ckp4X4/VDNZ/eNo/CNtdQ=":{"valueMac":{"type":"Buffer","data":"dUT0GpxNHSAN3ZuX0Nx9mliIKxMY0MpLjFXbbqzkkYg="}},"/XYhXBgaOsryF6VeJt9yZEIuQxYpImZPWv7YOYtVbkQ=":{"valueMac":{"type":"Buffer","data":"CO1j7bKFY6lp9yLhtH3H13SzCXral+8QIOcFBVdTk0o="}},"/83j8d8eBY9JwMKpks+V1vMH/Vxh/aLz2jfi0dCH0Uw=":{"valueMac":{"type":"Buffer","data":"QI+QX1stObpMrRePRtOKLmK57XrEBqvstnWxmOCWto8="}},"w+6yg89OyMlnozVkRUFigLUiwTU9HmoX1nBAELfUfnU=":{"valueMac":{"type":"Buffer","data":"tGvvUnzF6LU6pirfDnS56qxDkurFwBWmlWHoXXz6oW8="}}}}