{"version":5,"hash":{"type":"Buffer","data":"spTXDhRlvi5xOF2SY2k5ipzpMDjztPITJKuT1TjEZzz82mqCdryh+xa152w4HYHp8hGrf2++19p8ewJOfA1fQKgX2b3QQEGQbUvm1Fi0RZYXr2MxqzzoId4ph5IquK9t1hgZgllOTMkddPpV9QhtgOLHO9NZgH4P1V1PbuCXQRM="},"indexValueMap":{"Hb+feICNnXV/1PhYGWchThKvgRiknDEwiYfwMAmPURY=":{"valueMac":{"type":"Buffer","data":"pAkF/ncxoQW4tc8+o7+cQ6/R61FfOcyXuXhlcedNJBo="}},"PC2OWPDBaM8TkurUU/QhNYyRA7Wy2x0ZzMRqrYfzNq0=":{"valueMac":{"type":"Buffer","data":"++DcSs14PrPp7PSPV5t/+bzlfhc8ukZqwJTQAd50ceU="}},"adjEvlRTxWG1cffFvl67nwjN/q56ssABxEtrdYVURtE=":{"valueMac":{"type":"Buffer","data":"XXzujNE+ctbEsvkS32pTEALEA8/MhVBa/EO/Qk0iZnA="}},"e0s/DL0VCUr/5iSwLlkADzhpLmhtyZoxDkkMOnx7egA=":{"valueMac":{"type":"Buffer","data":"TA3WZprFRyRRQJJvqQigSzjCxPiApdEbAQobLfxXe/I="}},"nSJL04SGQC6GfA1QkVYMKoS6xorzIMeuSOg0KSvL1vo=":{"valueMac":{"type":"Buffer","data":"7sFbHByTPwg3LWO/zsBnmENAEQc/voZbVavQdXdVksw="}},"oqC1XYCBZ5iiTaIvPeq8jm6/GpUuA5YW1MqiLnznBDc=":{"valueMac":{"type":"Buffer","data":"WDEf1cilFZF9YzqcP+LM5BTlQel+tS4047x4WKNal78="}},"wsMj/KQ7MOTU/s5TZR2bUwoqzq+/O1cJ2o/NdU+k/KM=":{"valueMac":{"type":"Buffer","data":"vKn+tWXYbci0eyWycQ8x1pWB+NuHR5Ls6GYoLRjwWGA="}},"4h+w27kx2Eix1rcJY5zAAUSbtTCiSUCmf3h/E9hgsKs=":{"valueMac":{"type":"Buffer","data":"gHcZR4TPWcK6POlQGHBN5do14cgxK7N7RIXClvncJsE="}},"8oiMKgqlKXnLhi2vDe6U+GsUhOCSXBXdm3UYbNrKl/I=":{"valueMac":{"type":"Buffer","data":"9czjHfIjwxfX2wAq/UIr0rQ1FZPyHeE7bB9otFNjOIU="}},"1Oj6KaqEBVijttmKfqPnTKkEyOr0r/XZwwbu/2Ypd3Q=":{"valueMac":{"type":"Buffer","data":"h/sDJxPiqmXrzb60kN9tZ7xpD7wQhn16WEEYHhYBAlw="}},"9qaTjU/k45M6kFU7KtDbEranWifL0PERDDeLr1nEMY8=":{"valueMac":{"type":"Buffer","data":"K4uVkWriZ5dLIOOfAwsicFlVElw3V017LkbElFd3Yac="}},"He5MR++CICKsrkBOWIO5eZFhkJRuRqz9xmbWmtTuXv0=":{"valueMac":{"type":"Buffer","data":"8IiujFlMtq1gHiylXYf+1EqWMa4c6yt0K6n+KTes+nE="}}}}