{"version":1,"hash":{"type":"Buffer","data":"35xbqGGK+kOWWj9zD3ZMjcYCQyd46zCMSStkdPgHidRYQyrmxHhWxmbeWTqkPfjG9cdjplY1K71KUUy8dI9U7crlbDl3rIbmIAI2ImXJlLjAOegg5NbVb2rJghl6KueRNVtDbdELaybG1GRfnwhePvDowJWNU0PI6fQ/pXES20k="},"indexValueMap":{"DeycZUHih/eeHC9o3YCEKocmSAleOP7SNWRhSQghaPc=":{"valueMac":{"type":"Buffer","data":"mO27Gtvdy/d0cH18wKvYNlAwD2VnUJPLVQwuoQtVLRg="}},"Srgj3FOqKDyCLES0GRGFRIt0W4hcyud9v8ZFMuXFD9o=":{"valueMac":{"type":"Buffer","data":"cFXpXU05J/ERlTcwCQdV49Ngbb8N+7iGtEFXdsqcMRk="}},"gMPfYos/SturcCqAI2uRf2euuVqBdRhOZd/W8FO45KM=":{"valueMac":{"type":"Buffer","data":"vJvKgYq2CD8Hv3LBILPPN/ydTF1nsufGvknPBrB7wis="}},"riVE1BjQpXL58Lkn7AaWBMmROJE1r4PfXnInRTN7NPY=":{"valueMac":{"type":"Buffer","data":"93w0n4APJW5VCbKDDMH13UBf0H5n7BKjh6WByLtZgZg="}},"rsTy7v9xq15tv1s80KtpwaGh3/XtwYc6plFUT69MWwk=":{"valueMac":{"type":"Buffer","data":"i7AvG7EnsB3R+H5/d+1bvPMg/54dgtTECG/clvflbIE="}},"xrLSh0PYSFu4C4owyY6sfKSvOLW4ZJ9AyUtrJl8Fp/0=":{"valueMac":{"type":"Buffer","data":"CR9etXcqnhVzYE98adhwdzw7f/MW+93NJnS6eYAsLKo="}},"yvJuwlG5irFY0CHlJMixqw9RXqZ5MHE9G3ixdriX3eE=":{"valueMac":{"type":"Buffer","data":"TrHLkNvGL49Bepdqee2ibShACcnwwCJC7ridF1ZfnZU="}},"68XNCDN/M0+8Oy44KicuUecd+pGZxeyowsioDYZMi78=":{"valueMac":{"type":"Buffer","data":"tDJ0XU/POA//wtIrlFLk3TxfO6e8iDt7uE90hWYdIoM="}},"9JK7HdQGDRi5rcbPVV/3v9q06llU7epGU/2unI9fObA=":{"valueMac":{"type":"Buffer","data":"I67Hk65xNxaOhIe6D46DYJx9g02srJbYS/y/qIW/Q10="}}}}