{"noiseKey":{"private":{"type":"Buffer","data":"0MncDU0BGNtAO0hRWb0Qo0XT6wfPIeTOPLizAYrZEX8="},"public":{"type":"Buffer","data":"b18QJ2jDl9ShjisXY/aTjrQ+ethT1mSuxkkjtggTYh8="}},"pairingEphemeralKeyPair":{"private":{"type":"Buffer","data":"GH+XhQbbQ/OwrA6W9kJFEh+AN1in/7eDfjxgwAt+mUY="},"public":{"type":"Buffer","data":"NvYTqW7Ner5ZrvDPM/QuJPE1mpntcgiOX/Dn91jyFXI="}},"signedIdentityKey":{"private":{"type":"Buffer","data":"MBB6WcEFR+ev6Yo2cfzIS0qdxCwO63XRcfVv+JIz/l8="},"public":{"type":"Buffer","data":"UHOevEUWCGULkscsyEgEIOh1bZZDak+h7YB4yhyH7QA="}},"signedPreKey":{"keyPair":{"private":{"type":"Buffer","data":"oG6H746q2usHV3RA4QK4XW3hCDUuzi3Um9tQrIlwUng="},"public":{"type":"Buffer","data":"iPw5ALiaILu+8bKlYQMeXADPsG4g8U/FXDpV8SBsTAM="}},"signature":{"type":"Buffer","data":"i4X2KpIePJ+FodAvheJ9w0Ch05tJZBXgBBXIq5NHGEIvowFh/fpwWQlqOs837OMJ5DwYTlizSg0kWz5AIvSgjQ=="},"keyId":1},"registrationId":19,"advSecretKey":"Hbd0ZGgqGwOAENIXJGUkF/5q+JxWoPfzcpU9GYm+s0c=","processedHistoryMessages":[{"key":{"remoteJid":"6283857176079@s.whatsapp.net","fromMe":true,"id":"AC1CED79CA79F7274DE203D9465C1832"},"messageTimestamp":1764143780},{"key":{"remoteJid":"6283857176079@s.whatsapp.net","fromMe":true,"id":"ACF9B66D565E3868D3B516D103ACB53E"},"messageTimestamp":1764143780},{"key":{"remoteJid":"6283857176079@s.whatsapp.net","fromMe":true,"id":"AC887D499AC1B3428818B09E6AAB7ABD"},"messageTimestamp":1764143803}],"nextPreKeyId":31,"firstUnuploadedPreKeyId":31,"accountSyncCounter":1,"accountSettings":{"unarchiveChats":false},"deviceId":"JoSlGeaiTpKcydtwSDAhiQ","phoneId":"61493079-870c-4d1e-88ea-b363054b03f0","identityId":{"type":"Buffer","data":"b4m7T7iOreraXLK+Mb7X2hzmrdo="},"registered":true,"backupToken":{"type":"Buffer","data":"R9FFeFFoqi4uPmZ8Ib/DUizogPI="},"registration":{},"pairingCode":"19XVZJW3","me":{"id":"6283857176079:16@s.whatsapp.net","lid":"6550496252043:16@lid","name":"Done"},"account":{"details":"CP/fyZoDEJzlmskGGAMgACgA","accountSignatureKey":"N2ZoPocxeUG1KwsN48QqJvqdQsN+zyXSypjrFzqWLGk=","accountSignature":"dAaZQxvWQJaEHVlrLUV0G9+MYV3pb5W77Z4Im7NKQnAeRSf9w2/UoEafGtgSX16+p9c7v8ILszdPpZYYBztpAA==","deviceSignature":"INW0Fl+dAzoliuD35cy0yOqIikaOXmknEsVBysvEL8kDasYXiNhWXmGX+mKLJykdqx1aO7Hwhq34VnzXPkdLhw=="},"signalIdentities":[{"identifier":{"name":"6283857176079:16@s.whatsapp.net","deviceId":0},"identifierKey":{"type":"Buffer","data":"BTdmaD6HMXlBtSsLDePEKib6nULDfs8l0sqY6xc6lixp"}}],"platform":"android","routingInfo":{"type":"Buffer","data":"CA0IAggF"},"lastAccountSyncTimestamp":1764143778,"lastPropHash":"1K4hH4","myAppStateKeyId":"AAAAADDr"}