{"noiseKey":{"private":{"type":"Buffer","data":"aH5rbenR//a/GektBVX6GjFqm+lExQ4b3NGb1Z65X1c="},"public":{"type":"Buffer","data":"2y3buft3C7Wj9qImD4oLcW6GIrCpjAsJqdkHRvD7BH0="}},"pairingEphemeralKeyPair":{"private":{"type":"Buffer","data":"IKb5P83o0GNPMvkmgnxVx7JlWjN5YZP03XNUkiXOc3E="},"public":{"type":"Buffer","data":"tRfVnYMHAerQ8KyHTwcakdeBq4EatrcGmiejwPlV6lg="}},"signedIdentityKey":{"private":{"type":"Buffer","data":"oAQ4iz24iBsY6DTr7b474edoQaK6w9m36n61BCYb5Go="},"public":{"type":"Buffer","data":"6MZ7hPvrNammDoYiNKMr/sv4JFHh1rgnwgZQVdXgI3o="}},"signedPreKey":{"keyPair":{"private":{"type":"Buffer","data":"YOCGfmW7TKN19ngvYfZAL2IKNlABbiF+TYVZwhdU4lw="},"public":{"type":"Buffer","data":"tTxeoA3rkZkRmw7MiqxrZu8uNKB/mF2nwFF2pb/VXz4="}},"signature":{"type":"Buffer","data":"GcWREffqATBGS5aTa8ALkWZOjN0Luf3IvFP0doMFjP/cjJx3m8K36JMQ3J5LuseIQhLTXu+Lg0Bh/SNhbMqPAw=="},"keyId":1},"registrationId":161,"advSecretKey":"U2wBXc8Yj07nUsf4hxpip5RpIoBfnZYhiK+K7GLbCR8=","processedHistoryMessages":[],"nextPreKeyId":1,"firstUnuploadedPreKeyId":1,"accountSyncCounter":0,"accountSettings":{"unarchiveChats":false},"deviceId":"WaIxyGj4ToWyk4AIlHnaDg","phoneId":"5aac2e3f-68ed-49ed-9d23-f8564966718c","identityId":{"type":"Buffer","data":"6wwzmUVVlLAu3qxiOMvhXL4ssto="},"registered":false,"backupToken":{"type":"Buffer","data":"KczJ6i3YmfSB1EWG8j/9mZJutfw="},"registration":{},"pairingCode":"N21D3P9E","me":{"id":"6285135259181@s.whatsapp.net","name":"~"}}