[
  {
    "text": "Hidup ini bukan soal siapa yang tercepat, tapi siapa yang tetap kuat dalam proses.",
    "author": "Nted Untuk Orang Yang Sedang Berjuang"
  },
  {
    "text": "Jangan takut melangkah, Allah bersamamu dalam setiap niat baik.",
    "author": "Nted Untuk Orang Yang Sedang Berjuang"
  },
  {
    "text": "Jangan iri dengan kehidupan orang lain, karena kamu tidak tahu apa yang mereka lalui.",
    "author": "Nted Untuk Orang Yang Sedang Berjuang"
  },
  {
    "text": "Masa lalu bukan untuk disesali, tapi untuk dijadikan pelajaran.",
    "author": "Nted Untuk Orang Yang Sedang Berjuang"
  },
  {
    "text": "Hidup itu seperti roda, kadang di atas, kadang di bawah. Yang penting tetap berputar dengan doa.",
    "author": "Nted Untuk Orang Yang Sedang Berjuang"
  },
  {
    "text": "Jangan menyerah hanya karena hari ini sulit, esok bisa jadi lebih baik.",
    "author": "Nted Untuk Orang Yang Sedang Berjuang"
  },
  {
    "text": "Hidup sederhana, hati tenang, dan syukur dalam setiap keadaan.",
    "author": "Nted Untuk Orang Yang Sedang Berjuang"
  },
  {
    "text": "Kadang Allah membuatmu lelah agar kamu tahu bagaimana rasanya bersandar kepada-Nya.",
    "author": "Nted Untuk Orang Yang Sedang Berjuang"
  },
  {
    "text": "Setiap luka ada obatnya, dan setiap masalah ada jalan keluarnya.",
    "author": "Nted Untuk Orang Yang Sedang Berjuang"
  },
  {
    "text": "Bahagia itu bukan karena punya segalanya, tapi karena mampu mensyukuri yang ada.",
    "author": "Nted Untuk Orang Yang Sedang Berjuang"
  },
  {
    "text": "Kamu tidak harus hebat untuk memulai, tapi kamu harus memulai untuk menjadi hebat.",
    "author": "Nted Untuk Orang Yang Sedang Berjuang"
  },
  {
    "text": "Jangan menunggu sempurna untuk memulai, karena kesempurnaan datang dari proses.",
    "author": "Nted Untuk Orang Yang Sedang Berjuang"
  },
  {
    "text": "Jika takdir tak sesuai harapanmu, percayalah rencana Allah jauh lebih indah.",
    "author": "Nted Untuk Orang Yang Sedang Berjuang"
  },
  {
    "text": "Kesuksesan butuh kesabaran, bukan sekadar keinginan.",
    "author": "Nted Untuk Orang Yang Sedang Berjuang"
  },
  {
    "text": "Orang hebat bukan yang tak pernah gagal, tapi yang selalu bangkit dari kegagalan.",
    "author": "Nted Untuk Orang Yang Sedang Berjuang"
  },
  {
    "text": "Setiap hari adalah kesempatan baru untuk menjadi lebih baik dari kemarin.",
    "author": "Nted Untuk Orang Yang Sedang Berjuang"
  },
  {
    "text": "Allah menunda bukan berarti menolak. Dia hanya ingin kamu lebih siap.",
    "author": "Nted Untuk Orang Yang Sedang Berjuang"
  },
  {
    "text": "Kegagalan bukan akhir, tapi awal dari cerita suksesmu yang baru.",
    "author": "Nted Untuk Orang Yang Sedang Berjuang"
  },
  {
    "text": "Jangan membandingkan hidupmu dengan orang lain. Fokuslah pada pertumbuhanmu sendiri.",
    "author": "Nted Untuk Orang Yang Sedang Berjuang"
  },
  {
    "text": "Satu langkah kecil setiap hari, lebih baik daripada tidak melangkah sama sekali.",
    "author": "Nted Untuk Orang Yang Sedang Berjuang"
  },
  {
    "text": "Terkadang yang kamu anggap keterlambatan, justru cara Allah menyelamatkanmu.",
    "author": "Nted Untuk Orang Yang Sedang Berjuang"
  },
  {
    "text": "Doa adalah kekuatan terbesar bagi hati yang rapuh.",
    "author": "Nted Untuk Orang Yang Sedang Berjuang"
  },
  {
    "text": "Bersyukurlah, karena masih diberi waktu untuk memperbaiki diri.",
    "author": "Nted Untuk Orang Yang Sedang Berjuang"
  },
  {
    "text": "Hidup bukan soal menunggu badai reda, tapi belajar menari di tengah hujan.",
    "author": "Nted Untuk Orang Yang Sedang Berjuang"
  },
  {
    "text": "Jika kamu yakin, maka tidak ada yang tidak mungkin.",
    "author": "Nted Untuk Orang Yang Sedang Berjuang"
  },
  {
    "text": "Semua akan indah pada waktunya. Waktu Allah, bukan waktumu.",
    "author": "Nted Untuk Orang Yang Sedang Berjuang"
  },
  {
    "text": "Kegelisahan hadir saat kamu jauh dari Allah, ketenangan hadir saat kamu dekat dengan-Nya.",
    "author": "Nted Untuk Orang Yang Sedang Berjuang"
  },
  {
    "text": "Sukses bukan tentang siapa yang paling cepat, tapi siapa yang paling kuat bertahan.",
    "author": "Nted Untuk Orang Yang Sedang Berjuang"
  },
  {
    "text": "Kegagalan bukan musuhmu, tapi guru terbaik dalam hidupmu.",
    "author": "Nted Untuk Orang Yang Sedang Berjuang"
  },
  {
    "text": "Saat tak ada yang mengerti, Allah selalu tahu isi hatimu.",
    "author": "Nted Untuk Orang Yang Sedang Berjuang"
  },
  {
    "text": "Kebaikan sekecil apa pun, pasti kembali padamu suatu hari nanti.",
    "author": "Nted Untuk Orang Yang Sedang Berjuang"
  },
  {
    "text": "Bersabar itu bukan lemah, tapi bukti bahwa kamu sedang mempercayai rencana Allah.",
    "author": "Nted Untuk Orang Yang Sedang Berjuang"
  },
  {
    "text": "Kamu tidak harus sempurna, cukup terus belajar dan tumbuh.",
    "author": "Nted Untuk Orang Yang Sedang Berjuang"
  },
  {
    "text": "Kunci kebahagiaan adalah berdamai dengan takdir dan bersyukur atas apa yang dimiliki.",
    "author": "Nted Untuk Orang Yang Sedang Berjuang"
  },
  {
    "text": "Setiap usaha yang disertai doa tidak akan pernah sia-sia.",
    "author": "Nted Untuk Orang Yang Sedang Berjuang"
  }
]