{"version":1,"hash":{"type":"Buffer","data":"68LnlR8WPCVb8ClGGspzxNpbfYAcJLkd7Eptfam2MhTLtFhPKsuvRZWcnOICdYu37ahlIIBUWo1gJfwrHDmE+PIEzxFs+y7mMnwJL/UHu/WKI+Wtk7Wp/WieRmN0E1OzVCD/M/cOjtLCJDZTztjYs87L7RcAasMLF9zj4rYWZSA="},"indexValueMap":{"q8k46kYXulL64LLbJnvU2LoY1o2Rd4vr4GC/vaA5LPA=":{"valueMac":{"type":"Buffer","data":"TNbyveqDRssNiumlL8sPg+cqg22/t2AY+lBcEdOVLHY="}},"GwK6P1TvJTSCZ6Nimx+tsBRePFOlkP0JSUKVIlYgFPQ=":{"valueMac":{"type":"Buffer","data":"uRxXuGn5utp8bgXZ5+i0pasG7eJl6RC4gZVQyRh8VA4="}},"X89uopRc17J64EUL4JAJxjSKGSHayyrh0fgrhLDnmVw=":{"valueMac":{"type":"Buffer","data":"s0hDF/+Bb3Y03FZNxhNJ6H+SvinYVGdDr+Gix1XFKQ4="}},"m5RLDMOJUo7SAQ4+f3oSstN3N2UnoF51TOQ9W4DtAmw=":{"valueMac":{"type":"Buffer","data":"anZL6ke6MT+cYUX+E8I1An+EW5kxQFkPtgRTNHuegjI="}},"oWTArWRX4MW3/4F/5PaH/qK9Akbq9XpJbFSZcur/qNk=":{"valueMac":{"type":"Buffer","data":"3CBS3p6Pdbj4z6fD7khXeCAX5xkiWGeljNGWGBzIigs="}},"GYYWrm23KzfaXYWFRTJdM1vuESVpo3iLowg+unvkYJQ=":{"valueMac":{"type":"Buffer","data":"jPMZEAV4f2llB3oLLJmp5oanwfSqsHVJIs5PClTgZFQ="}},"hEuF25e2IxJjbi7vOmsy6DpVqkP2aClPLgwwkuLjp98=":{"valueMac":{"type":"Buffer","data":"XlT23GbC5kPo5phkVvzURtnp46M/gVNpnJq5YWcQOH8="}},"adKmY0Bu6WYGpGplJ3D6g4ryNBKgY8Xd/OWTPk7qI78=":{"valueMac":{"type":"Buffer","data":"YICmcqeqArSOisy6IKY7RYYQ7ZNlrs0VxwnAUfqBCz8="}},"tH3+vW/bWnZ5/bQhbPdJxrrW4P+zWlvoqGDSyz6tq6E=":{"valueMac":{"type":"Buffer","data":"UILDGUMYzXMA8S8XJmxgrpY96syxDdfNi9ZC7EZDErw="}},"E8yePhreiaqE8Zcu2GiVO0QSfOHPTALm/ypmLPtoUuk=":{"valueMac":{"type":"Buffer","data":"ba6VME8gliDwUy6vdUJ93/6xTKumnSKM+X3+kooulZY="}},"YH7TXl7tDs/ccBpR1qGeW9F1WpvH+/jxpuP5HiTv4Cw=":{"valueMac":{"type":"Buffer","data":"P1dknDr1dITtQbYP4e/Z/8NtJ3jzV6k1VuIZY7Sn8/E="}},"Hn2r4Rp8fGWtFR4UepfFmna0wxBDQbYo/2+Uvtg4Y/0=":{"valueMac":{"type":"Buffer","data":"N/xgR7Yg95d/wGehWeWCCTPiLj6K2G90lbA0WUxWg+o="}},"DRj721F9auHphOolZU0mN+ymUc82f3Jh2vXXe4MiEOE=":{"valueMac":{"type":"Buffer","data":"gyxOU1257W5q33BPxx0F2lZRQktPPXT7vwIwDK5cs+I="}},"g+vWiQU8CpoCqRBwmSfhqlRuM0ouRa0x++wYjo+NVF8=":{"valueMac":{"type":"Buffer","data":"y5mMTq81TPGtsvOXamRDPVhb9KG1PqNy4cnJExce8Hs="}},"bBRK7fGY81iT/pqSSG0/HN7a+jiJBlO6eC0krMwXG3I=":{"valueMac":{"type":"Buffer","data":"bgsRNTDa5NztmxEVfWkbcXR4TLYr1vJ+sp6Lz+IrnD8="}},"BMOQoik21kbXwOt9Z3T0jchlGcyspZQyom4dTnvtAes=":{"valueMac":{"type":"Buffer","data":"CKRdVj5mCD46x28EQdUrCwF3TqUOBruvtDqw5YtWS3o="}},"3+RxlwD+I4v60gVZRkoWyRIfQAbl3hRqrbPzIjgj9Bg=":{"valueMac":{"type":"Buffer","data":"38atATbHfQHXz7ne4vOHs0P9XyY/z9EoCqwSMpCqdN4="}},"yBKjsxyy23dvP6N2oWh63iXBt+vyShibS9xarSpQbA0=":{"valueMac":{"type":"Buffer","data":"FUSwfNrbU9OPXp+Cf2vEfvEYWnb5znJ9HAwyoRoZIws="}},"2Y+Z2s9LyOUMf8rl/hMFahItoZuuYi40nTlbbAFuqS8=":{"valueMac":{"type":"Buffer","data":"ccjfyO1q37XL3QoY9OHNCArxItlv85fFa3gCBYDuhYw="}},"pu/vJJhHJCQQYkASWCOr9v5CMXQQ3+l2iGGAEf5vDFk=":{"valueMac":{"type":"Buffer","data":"MP8U8JU88CDna0t8m+TTUmuNLAceygBs0zkysNL3jOs="}},"I80KqEeDqBFduNhv1eMjQEDez7V1JQPk9rkDPAozM40=":{"valueMac":{"type":"Buffer","data":"W0Qcesjvxk98tLQc+z+/yiaNZKQwUh0lZLlCFOojpgI="}},"2whIMLX2iluWFvARVreajBDFtgnBgLkbgk8HykkpBWo=":{"valueMac":{"type":"Buffer","data":"Vb1nrogHBtna0Pnv46ojKp/NQq7vqk4+s8ZznI6Sq0o="}},"hdrqucZc0elpjT0dOG4gg71WXM2is8lRooKhq+iTGr8=":{"valueMac":{"type":"Buffer","data":"W1QhpRChhjO39o/zcbknYNLrIia53AzQGdTPAWuAYzg="}},"Gggx50nqwzu5U1obbxcHkP2gDCyrqPV0T5ms0oE+ORA=":{"valueMac":{"type":"Buffer","data":"EglLm72vOggwVlOsBVkqJ2x72rAHPQLJTLCZtYJd2GA="}},"JZv1F2sl48B5Thf7hYROF8n/6M45W0hKIKXH/9X8QP8=":{"valueMac":{"type":"Buffer","data":"LC2KGEBxp8LmubK6D5HeiyIjLKEd5YVZOt6Sj0GKetM="}},"Nzrc66SD/DR5ofFoT/9+X+T2LU8eKwoue8C0QKlfX+Q=":{"valueMac":{"type":"Buffer","data":"HL8BcbKyAUVufv+DXVCbPr0Gjo1Lx5Cm8UbevSdAqIw="}},"q5LRvZh5Ouf/xhWr5ONQ+Ip5LyTZYGgcm/eag6ZG6K8=":{"valueMac":{"type":"Buffer","data":"gfcgn7WlZ6IFf4Tp2Tp12BXyd8+N0KbHSAEKeCFdh6Q="}},"N6hdtAo+evTk7LbXBQcr0f5C9JzHzztpv+a4yaTt5Is=":{"valueMac":{"type":"Buffer","data":"Me/UI7AP3RitplVaVZaoyG7wbMV48yeILjqlxBqCWc0="}},"LCFyd5jjyQJV7xUS8T+ltfaSvdTX2iJ1ooyQhjLClc0=":{"valueMac":{"type":"Buffer","data":"lzFuI2qVZQdpG3Wk1o337bENcL4FSZZfXlFPC7bfPGA="}},"3EtGLlrCLyx33Wd6su65ynYtSzRkOSqn9iR9ItGD0A4=":{"valueMac":{"type":"Buffer","data":"Ylj8U0I6yycGv9Gn++Zfb2yLS8iCPg7qx+gX6WOTQDI="}},"bONfYvEJ1PJmbF/IAyJPv215bJm5W3A+jm6QDwOu5Q4=":{"valueMac":{"type":"Buffer","data":"fNsglAbYA23/NN8CYQ9PZMD2rUGsiuSynJmBavOYE1c="}},"CxU1qfkxzulDoMfn5QRH89VGrz+T7tbfvO7FWYF4ZPQ=":{"valueMac":{"type":"Buffer","data":"6ahR+45CHwfag8WkS2LcNimd/yXVTaiXbn1vmW/sGZE="}},"hKe9XXebj+/fsjUqTi0mLL/6iGDL03DAfz7iw2OczRw=":{"valueMac":{"type":"Buffer","data":"c7SKaLNIkJ4h6A1r4keFNQ2F8ECp2rnf6DCy+juOCUM="}},"dcqVznDCyzHugx5+CNN6kAGR8Likw5I05P+IsOJbYS0=":{"valueMac":{"type":"Buffer","data":"cSr6OTafKu31M1cF8AZPdsknn84OhOUKKjkuatAfiuc="}},"RtIdKJR52DuF34Hv+x4fMWo5uka9l8oWDepGOJwlyn0=":{"valueMac":{"type":"Buffer","data":"G5zUFPGvjI+NaG3VaabNXmuUrDS/VGuK9I2Sr3n9POM="}},"Le7u707nqNF0ds21bCdgT/ikkh3/Np6mEwySrDHXOh4=":{"valueMac":{"type":"Buffer","data":"S4LL/W0C7cxQC6ZlZclZgsCzVrD/iUXPYaFjXoo0qAs="}},"p7NRvMKS1CqQcaWMDqSFWOFoe+eI7522Cy+KaktWiIY=":{"valueMac":{"type":"Buffer","data":"t0d6/A3n7DY2WRDsUfhGF3yBTJxOVKVhCxOTjlUJ0PI="}},"+pP6JCd2yjc7DnwPFF3iJNkTtenbDFigGzxLZmw8NbY=":{"valueMac":{"type":"Buffer","data":"T3Gdd+GLeKrdAoL6Q/otPSKLbzfx56lBxjYQt5NiEF0="}},"iMjGwuX1afbLEkwdQ4Uq5aEakRdipUYir8wQvfeDs4k=":{"valueMac":{"type":"Buffer","data":"IaEOFOBGymVA4ZBwxfDezmaOSOtvQVG+wYsMzsCBRgA="}},"nh8dZ/heyPFJi40mGSmPV0XOHCBIwV+uKnTOHlOvFcM=":{"valueMac":{"type":"Buffer","data":"FZEPRwbxEO6QmEo7ia79WcNMPEZATemherUQA8fTcDA="}},"YyHWrcjbhkUYBclXXNk0VVJsRdAKI/JnEHVKryVCunc=":{"valueMac":{"type":"Buffer","data":"ywBYASktGzsYHsmDBezDYWe9JetJJzZFMCSYEOLgLH4="}},"jpXM2u1OHgx8tUxC1B+hDPxfReX20DCkRUKDN9nHq6A=":{"valueMac":{"type":"Buffer","data":"2d2gZ6BXLRkoAcTlVEOyl0I5IryJcYZVvp0vXWYb6Q8="}},"uSwNowMziM7dJc3Yv6W7bNx27Ky8K5Zc0FTaBBWb5oU=":{"valueMac":{"type":"Buffer","data":"kkThREUPbS2q7vQSzGUmUEPFj7pj/w7gtspF5hrNuvo="}},"qEe6h3ghfxgHWN1G/GMReLF2KpOiulzVvQg3q+ZFymQ=":{"valueMac":{"type":"Buffer","data":"Annuq1AtDk1sDm2aUD9muZbrOgsz5MFRr0oxdfNacx0="}},"bb+r6lmWG2WqUDbk5JiVD0b86VyXme4aQEnKn3mkfvY=":{"valueMac":{"type":"Buffer","data":"VEvUX0nt246Nx+pe+4ld6VCsTNNKcdjNfLhLOC0px/E="}},"SuDj3BInTF+rycRkuYMkvPrUuvK2TFIt1ucctBHAhis=":{"valueMac":{"type":"Buffer","data":"Y0uyKIsCB+H/hSrDBBc6Op3VhZlhlQ3B7KC8uZu31Aw="}},"IL5TQ1vHEZFBInfzi2TGx0iam4q+HfN/+/dMSkoxOz8=":{"valueMac":{"type":"Buffer","data":"Tj07ErHopvRkni78gpSKj1tMJJh6uKihB0eSIDIL524="}},"egL/Ne/mZZLoQwIzHuYG2PHF1NGJSQ96sK+bsUESZ0E=":{"valueMac":{"type":"Buffer","data":"MP/DBevxUOxl17gvm89KuXeSRfMocjwQa588ILL6Z94="}},"aSMdV8bOmUS4O+DgpiHmvnwkZxtkZ0HoPm2bNMADdfs=":{"valueMac":{"type":"Buffer","data":"iw16EzGEKVfW1Vgm2bBn9K6KHFy1PJLXgiaD8m0vM5I="}},"5PN9P/ZOAaEH0AeydLGimxB6d6RjZbSSIbCWWwfQp70=":{"valueMac":{"type":"Buffer","data":"KKgG8dZh5UNctWQhDS0R/TqeZ79INdcMFHRGzLjYiMA="}},"fcF2tmxWB9DDrEIaToxJasQwMSIzoMbwHj+8EAgpRAE=":{"valueMac":{"type":"Buffer","data":"LGtDmAn0mIhJ+5ZrbvF423RdMTF988iE/s6VD4GAU5E="}}}}