{"noiseKey":{"private":{"type":"Buffer","data":"cMh/rFk5bGIV59QQ2m5m9HUU/lP7zKvpNWJJpnCFKEI="},"public":{"type":"Buffer","data":"QL88tWvfdn+rs7zLZrBVBFE1ToBFCpgyQOgzEM8+rng="}},"pairingEphemeralKeyPair":{"private":{"type":"Buffer","data":"0MjJkUAcbpfIdujES9EFwe5c1Dv4SeRfVW9ORMki6ks="},"public":{"type":"Buffer","data":"Dg+j53wsJ04OstiEdAzRTXpVan12pdmIl4MOEgE2EVQ="}},"signedIdentityKey":{"private":{"type":"Buffer","data":"ENHZX65gSn5G9a7cjCH/Y9/fAVyEu5AgvY4Nvw1D0Fc="},"public":{"type":"Buffer","data":"1Pwunv64WwijOGZKCRRt+NXdPmitzhVIBqDRWQLdX34="}},"signedPreKey":{"keyPair":{"private":{"type":"Buffer","data":"0OZk0G5sTLUUlPWzPsHAtAumZClChDgD4e5zDaU2B3Q="},"public":{"type":"Buffer","data":"VLSLGhhh5sCGKxdcMKxenGqXZnKfd6IWlhOLqbreb1A="}},"signature":{"type":"Buffer","data":"vaSe/db505ffNe1YCOQ5gP5v6Q39vbXb/Af+ltmA31a20tOV/YOCxQb9N2koxjZ5MnW4/PaoOMfYW7B6zkBNiQ=="},"keyId":1},"registrationId":48,"advSecretKey":"Rl3+Oz42WbYOGLT8hp0hzFwr337IWVT+wICtxRrLdyM=","processedHistoryMessages":[{"key":{"remoteJid":"6285766432619@s.whatsapp.net","fromMe":true,"id":"A58B95502BDA3A82EBB5D52C08594732"},"messageTimestamp":1764155715},{"key":{"remoteJid":"6285766432619@s.whatsapp.net","fromMe":true,"id":"A598DECAE204312139A14A17D5C85C99"},"messageTimestamp":1764155716},{"key":{"remoteJid":"6285766432619@s.whatsapp.net","fromMe":true,"id":"A5C9B4570312E8FEBA1E0C3DF24DD2DC"},"messageTimestamp":1764155860},{"key":{"remoteJid":"6285766432619@s.whatsapp.net","fromMe":true,"id":"A5C4C05D47D6740183CA55AE0B737705"},"messageTimestamp":1764156616},{"key":{"remoteJid":"6285766432619@s.whatsapp.net","fromMe":true,"id":"A52A8F2BEE5BC436A7F8D65B546E610E"},"messageTimestamp":1764156617}],"nextPreKeyId":31,"firstUnuploadedPreKeyId":31,"accountSyncCounter":1,"accountSettings":{"unarchiveChats":false},"deviceId":"18nGCid9RxGvNsAH_GBoTw","phoneId":"83107ef5-7759-4f58-91a3-455dce77f0d1","identityId":{"type":"Buffer","data":"9fMkXVLRj3xH7kIWwBiddWHFBlc="},"registered":true,"backupToken":{"type":"Buffer","data":"krj3XhnUpMaBKP2J3L9CjeqoVLk="},"registration":{},"pairingCode":"6DXXTY76","me":{"id":"6285766432619:38@s.whatsapp.net","name":"Orng","lid":"251590913077487:38@lid"},"account":{"details":"CKWy1FUQuMKbyQYYASAAKAA=","accountSignatureKey":"yTj9P11bw7+Xx19EbT7zWwpgx+U6ybLycJQHYepHkHk=","accountSignature":"6za3Ybq8yebo0qUM42K4yNkfpSjHRiLV6ScE66+Z7Knuhzw8O32Xjuj5X7PbSlM3wv4duI0LdGs54ks5YAFSAQ==","deviceSignature":"UcM7XWJzlLEnoBzWpt4nT7pMvAr4gONGuooA4lYL6G2Xf7WOhx47kjeMg8ZEj3nhDyjPfROJDXVi1bSnCaxLhg=="},"signalIdentities":[{"identifier":{"name":"6285766432619:38@s.whatsapp.net","deviceId":0},"identifierKey":{"type":"Buffer","data":"Bck4/T9dW8O/l8dfRG0+81sKYMflOsmy8nCUB2HqR5B5"}}],"platform":"smba","routingInfo":{"type":"Buffer","data":"CAUICAgC"},"lastAccountSyncTimestamp":1764155711,"lastPropHash":"3R9Z39","myAppStateKeyId":"AAAAANby"}