{"_sessions":{"BaiGWc43tHi/hrEIR1z4nUMlPv8MzTB3Q8bVGTPXdlMX":{"registrationId":1881486730,"currentRatchet":{"ephemeralKeyPair":{"pubKey":"BdvLT7RoL3bCIkYsUu86Nyi1LFGT7cQb2b2lYXrbC4oN","privKey":"eDsjTzHPJoxsEUqefh/VM2nv82uL50fpvD3Bcz2ZcGg="},"lastRemoteEphemeralKey":"BZ7/nVBzXSWRMSF+VcgMV90GL+cxMs5ys9eTjVJFzaEc","previousCounter":0,"rootKey":"he0fJRZT3EVx/ikWeZ+Lg3IltqKT3ZaDZezmZVmadyc="},"indexInfo":{"baseKey":"BaiGWc43tHi/hrEIR1z4nUMlPv8MzTB3Q8bVGTPXdlMX","baseKeyType":2,"closed":-1,"used":1764160148210,"created":1764160148210,"remoteIdentityKey":"BTPy0rGCIk8WiK2Q6NIb57Fp5HC4DtbgFtUBWeEcmfJK"},"_chains":{"BZ7/nVBzXSWRMSF+VcgMV90GL+cxMs5ys9eTjVJFzaEc":{"chainKey":{"counter":0,"key":"ICXCXcQ1CRh1hJ+VzpHTyQYrPZxQ7Q7xFlKVUmQd/1U="},"chainType":2,"messageKeys":{}},"BdvLT7RoL3bCIkYsUu86Nyi1LFGT7cQb2b2lYXrbC4oN":{"chainKey":{"counter":-1,"key":"7pZsTJwnbd9/+a8YnOsG+0FHILU+YT+pVzRsqJ954z4="},"chainType":1,"messageKeys":{}}}}},"version":"v1"}