{"_sessions":{"BR91NraFDw6YZjVCMzFVQ98I7MGDkWvNtLFe+HFHlCJ4":{"registrationId":536100543,"currentRatchet":{"ephemeralKeyPair":{"pubKey":"BWbUV+WSi5d7x/vahqP9QjMvy/hhIwhYmcW1AbgAUWhJ","privKey":"EBvsfmUanveEF9HYnoMmOvz27ch9wv7hj6IpZkps9X0="},"lastRemoteEphemeralKey":"BcN8sECddylwBZsy8Sh3F6zFS1Bl/ShteTVqGELzEeJC","previousCounter":0,"rootKey":"hiwrSF1NeNiMgLWiQjPLZDNFaQ9/HpYmbb3ukaEl6uE="},"indexInfo":{"baseKey":"BR91NraFDw6YZjVCMzFVQ98I7MGDkWvNtLFe+HFHlCJ4","baseKeyType":2,"closed":-1,"used":1764160150921,"created":1764160150921,"remoteIdentityKey":"BY+iWOiXmA/khbeQ67yNA2tR9z5x5WpXtblu7+dA9kcy"},"_chains":{"BcN8sECddylwBZsy8Sh3F6zFS1Bl/ShteTVqGELzEeJC":{"chainKey":{"counter":0,"key":"j3uT5kS1i96fnWLabMUPI0qe8hzKu4BjE1/mtmD/rFQ="},"chainType":2,"messageKeys":{}},"BWbUV+WSi5d7x/vahqP9QjMvy/hhIwhYmcW1AbgAUWhJ":{"chainKey":{"counter":-1,"key":"SIT8tNObmKg250M/AuvyqPOhEKYLFDIaPkn8SVf3/w4="},"chainType":1,"messageKeys":{}}}}},"version":"v1"}