{"_sessions":{"BUxOJD9RTg1SDFdJSsZKtkO3PoCp1real36/V2udLL1P":{"registrationId":1983526431,"currentRatchet":{"ephemeralKeyPair":{"pubKey":"BU2NgtAzoaWiYb+WvUfZPwG3QaGl8ZpRcq79kXb9SF9v","privKey":"0HFsbbqTExqo7oIQwBWLSzhu5L2vNS9fqxOKEYFSFmM="},"lastRemoteEphemeralKey":"BYl4rxp9G5vltDvPk6pYt72XyaQUcLK5uJFfu/8wySxt","previousCounter":0,"rootKey":"KV7QR0Az8648OGjzsPMUOYR+I4+vsMNEevajXLKnU9k="},"indexInfo":{"baseKey":"BUxOJD9RTg1SDFdJSsZKtkO3PoCp1real36/V2udLL1P","baseKeyType":2,"closed":-1,"used":1764157650896,"created":1764157650896,"remoteIdentityKey":"BZT8VQBPwtTmmemYbUQlYuJxKnNDallfxbvar1oC6LFP"},"_chains":{"BYl4rxp9G5vltDvPk6pYt72XyaQUcLK5uJFfu/8wySxt":{"chainKey":{"counter":0,"key":"WSpBNd+07Ufc05xAeCU3AgCgJG4mldoR0Z/btDUdJdE="},"chainType":2,"messageKeys":{}},"BU2NgtAzoaWiYb+WvUfZPwG3QaGl8ZpRcq79kXb9SF9v":{"chainKey":{"counter":-1,"key":"ZXn6rPLYjv5gKObAn8I/Pvj6S/Mn5+7tb3kQVsV8xXA="},"chainType":1,"messageKeys":{}}}}},"version":"v1"}