{"_sessions":{"BcqqTJHwCjntJlXQqLYof/9LJjcPArDTOYbuprZlQLkg":{"registrationId":1507839651,"currentRatchet":{"ephemeralKeyPair":{"pubKey":"Bc65u6rb3Srgse8nrTflPhwiXavNY+CRdgelLlv93Rh8","privKey":"yHXa4giS4G/6tl9Qu1UdrbXbqIKHLJ6EO6Nz4WsjJEk="},"lastRemoteEphemeralKey":"BX+jNzDIFWvA5IYvtMlK3qKW1zloEsgzLOwT1e1+G7gz","previousCounter":0,"rootKey":"4U5WMmhz1rBlstehX4+tUi9HMNDAnlXD3op6ks+by1M="},"indexInfo":{"baseKey":"BcqqTJHwCjntJlXQqLYof/9LJjcPArDTOYbuprZlQLkg","baseKeyType":1,"closed":-1,"used":1764155739758,"created":1764155739758,"remoteIdentityKey":"BTxZhCuBJvhQG66hz5As9n78sQiXf8yfHGBunTcA5p9m"},"_chains":{"Bc65u6rb3Srgse8nrTflPhwiXavNY+CRdgelLlv93Rh8":{"chainKey":{"counter":1034,"key":"lU8jjjF7EYTeVFC5vXBOsyNrsehahdKJapqJ7v34JEM="},"chainType":1,"messageKeys":{}}},"pendingPreKey":{"signedKeyId":35,"baseKey":"BcqqTJHwCjntJlXQqLYof/9LJjcPArDTOYbuprZlQLkg","preKeyId":3166719}}},"version":"v1"}