{"_sessions":{"BSLbfdS16APg7RQ9A23I1t6l/nHeKUtM+TiTIrTXfcBc":{"registrationId":968509124,"currentRatchet":{"ephemeralKeyPair":{"pubKey":"BRbzi9A/P2LUh3yZ6xUGoaYUX6D0jeSvkRqYEhLW0HtB","privKey":"+ISKR9DMHC2DrxUmzVmzMgOm/L6iNXVnlSIXLbyAhko="},"lastRemoteEphemeralKey":"BQ0n2NM1WxnjqBOU6XaNRGyjWmL2jNf5Z0AZEs6N4NIW","previousCounter":0,"rootKey":"twuGPX+YV/Qjy0FiyxBmts3GRlZ7EE1NBxEK1K+UT80="},"indexInfo":{"baseKey":"BSLbfdS16APg7RQ9A23I1t6l/nHeKUtM+TiTIrTXfcBc","baseKeyType":2,"closed":-1,"used":1764155861048,"created":1764155861048,"remoteIdentityKey":"BeDpvVxb6PkulQxtLSGotiqtIRGZrF0EP8G7vC99kC0h"},"_chains":{"BQ0n2NM1WxnjqBOU6XaNRGyjWmL2jNf5Z0AZEs6N4NIW":{"chainKey":{"counter":0,"key":"zK+CytruohZj5dByCfDeaUKWYpl/A0kVtsoyGFKjFAE="},"chainType":2,"messageKeys":{}},"BRbzi9A/P2LUh3yZ6xUGoaYUX6D0jeSvkRqYEhLW0HtB":{"chainKey":{"counter":-1,"key":"NVNTEIs6vFluf43XjGzaOo+wR5OXPNFv68MzCdqV+iU="},"chainType":1,"messageKeys":{}}}}},"version":"v1"}