{"_sessions":{"BSn9CqQqc8IgvNmCFWknIt8kCb0wpfC5Yt2Oq8lPpHFF":{"registrationId":606744225,"currentRatchet":{"ephemeralKeyPair":{"pubKey":"BTzCNxGGvv6oxU2fB2Yugfd8w8OBHFTWQ0E5fyfSG/wu","privKey":"oAedRx6+ZEeBBe1oX0D4pcJZJDyx6eUyrhGVML1F8Ho="},"lastRemoteEphemeralKey":"Bd6v1QSHfTxelm2PbMcBe/p4X8PVuveekQVY6tV1zyBJ","previousCounter":0,"rootKey":"vofqq4+6GvnfK0lGxD4th2UCTEGV9IiuJdzr075dRp0="},"indexInfo":{"baseKey":"BSn9CqQqc8IgvNmCFWknIt8kCb0wpfC5Yt2Oq8lPpHFF","baseKeyType":2,"closed":-1,"used":1764158807218,"created":1764158807218,"remoteIdentityKey":"BWHN/1GqLHoyj6z5K2Ufn4wycXY5LInF+nzsHwmegD4T"},"_chains":{"Bd6v1QSHfTxelm2PbMcBe/p4X8PVuveekQVY6tV1zyBJ":{"chainKey":{"counter":0,"key":"Lc6asFA5zjCl16fMvXMW8FQ1ZWdXYfuMbq7aYyTN2Bg="},"chainType":2,"messageKeys":{}},"BTzCNxGGvv6oxU2fB2Yugfd8w8OBHFTWQ0E5fyfSG/wu":{"chainKey":{"counter":-1,"key":"p+AIQAKpLLq8YBhgIiGWxklzMvJ3J2eYg0JmnHR5fH0="},"chainType":1,"messageKeys":{}}}}},"version":"v1"}