{"_sessions":{"BdHm4oO+pR9JAiWYBrXPhVPbo3Zg0aw3gIhsIaYWfbtq":{"registrationId":943291516,"currentRatchet":{"ephemeralKeyPair":{"pubKey":"BX77nAE+ATtLGvAdhYd8oHfMpO8IKtv6KM4keOnuVClS","privKey":"GIYRNGbH6OkWTIZDMoUs5t/VfFCHdOgC3iwR5x7bX2I="},"lastRemoteEphemeralKey":"BQloDTnrFS8tcDbHlOrAFk0XaHliEYsByNy836PjMnEF","previousCounter":0,"rootKey":"XwyVhRgDG5vL4Zgvt8c0qaA/9f5rkapDq5chaSNLFGM="},"indexInfo":{"baseKey":"BdHm4oO+pR9JAiWYBrXPhVPbo3Zg0aw3gIhsIaYWfbtq","baseKeyType":2,"closed":-1,"used":1764155712717,"created":1764155712717,"remoteIdentityKey":"Bck4/T9dW8O/l8dfRG0+81sKYMflOsmy8nCUB2HqR5B5"},"_chains":{"BQloDTnrFS8tcDbHlOrAFk0XaHliEYsByNy836PjMnEF":{"chainKey":{"counter":18,"key":"MdrXfS8T080WEaEfZJlB4XazEe+XJUznRWh+Vjdz4N8="},"chainType":2,"messageKeys":{}},"BX77nAE+ATtLGvAdhYd8oHfMpO8IKtv6KM4keOnuVClS":{"chainKey":{"counter":4,"key":"68WRpWcihjYrSU6+aMK7k+W4KFj7OW7ulAzkkhWHYpM="},"chainType":1,"messageKeys":{}}}}},"version":"v1"}