{"_sessions":{"BbL/Ue3rW2/LBnu1Df9GdHq6ZHC69b2a3c5wmdvo1jlA":{"registrationId":1647537073,"currentRatchet":{"ephemeralKeyPair":{"pubKey":"BT6k9zrYob0RBltVpaH8CbbiTyUSFvVFnhpa6vdmPl1U","privKey":"EBGippY7pJzqO9drhTBzkurGUfwGPWVdUc73LURsNUk="},"lastRemoteEphemeralKey":"BZZlKC0MEVmxsAD+vN4jlZyTGjIW06uA67ZCnRaeTB0d","previousCounter":0,"rootKey":"yDKkqWheKeiMhM49E4SfAHI1jnAsZ25Eb5ng5IyFfSA="},"indexInfo":{"baseKey":"BbL/Ue3rW2/LBnu1Df9GdHq6ZHC69b2a3c5wmdvo1jlA","baseKeyType":2,"closed":-1,"used":1764159713594,"created":1764159713594,"remoteIdentityKey":"BaD1PRgIqNiw/9APviN/JFOPTUeKMyQiyLn/AjZjIQMD"},"_chains":{"BZZlKC0MEVmxsAD+vN4jlZyTGjIW06uA67ZCnRaeTB0d":{"chainKey":{"counter":0,"key":"cVl5ZRIQBf1laUSH3WfEh8d0HID3/StJXGxhQr7dmw4="},"chainType":2,"messageKeys":{}},"BT6k9zrYob0RBltVpaH8CbbiTyUSFvVFnhpa6vdmPl1U":{"chainKey":{"counter":-1,"key":"RID7zfVRzaY1BpP+jSMBR9PfgaUhm2WdmRyLofbnNIs="},"chainType":1,"messageKeys":{}}}}},"version":"v1"}