{"_sessions":{"BR0BpCQSh+kTx2UNP0Q+d9pYehW9t7a8ZJZXAfxJ+W81":{"registrationId":204437569,"currentRatchet":{"ephemeralKeyPair":{"pubKey":"BeJ41ZCTr2wqrDRDJu9U5UDGv/MLcBn7NLQysvIPLxIy","privKey":"WPPB+9sGhzFQPK7cZnd0vxRCClONdDlQgspuJYZ74Wc="},"lastRemoteEphemeralKey":"BWPt/idcUahOw9meFyZ6oE/1lvtf7CnTQLNRaw4d2ake","previousCounter":0,"rootKey":"XfkCIM5yK5YAGxyqNCcWreM0IFumtAUTgZY1/e3At4g="},"indexInfo":{"baseKey":"BR0BpCQSh+kTx2UNP0Q+d9pYehW9t7a8ZJZXAfxJ+W81","baseKeyType":2,"closed":-1,"used":1764160065156,"created":1764160065156,"remoteIdentityKey":"Ba/T0LDHmpesdqxK69L9HVi5RQnPZCYHG0x+bCz6KopS"},"_chains":{"BWPt/idcUahOw9meFyZ6oE/1lvtf7CnTQLNRaw4d2ake":{"chainKey":{"counter":0,"key":"a3iMdmc0lq893MHL6xewEHDNKp3/nCT7j5RGwp60GRw="},"chainType":2,"messageKeys":{}},"BeJ41ZCTr2wqrDRDJu9U5UDGv/MLcBn7NLQysvIPLxIy":{"chainKey":{"counter":-1,"key":"o3UUFEYfl2SsSVOo/mvWizwu/pnu5IIQwQTvUNNi+IU="},"chainType":1,"messageKeys":{}}}}},"version":"v1"}