{"_sessions":{"BSeqtjO1S/GlGteRQH2UKBp6p8Tt7BiGjqkctxnBLEA+":{"registrationId":644730931,"currentRatchet":{"ephemeralKeyPair":{"pubKey":"Bf08m0b3NlGZQB9DfY61ceA6kL0UlwjZGIAIYu9vNWkm","privKey":"YMfRbn1Fbdh7fEaNOPNZmPexAJTxkCUq8fUMldIKHGY="},"lastRemoteEphemeralKey":"BVIrb5KnL4U24oulUI1H5LLnCMO9/L6jhSi61lUXnAIQ","previousCounter":0,"rootKey":"TXemzFTBeZKs87KTsK80IaY3Mn6lVIhncs105ejrIG0="},"indexInfo":{"baseKey":"BSeqtjO1S/GlGteRQH2UKBp6p8Tt7BiGjqkctxnBLEA+","baseKeyType":2,"closed":-1,"used":1764157498546,"created":1764157498546,"remoteIdentityKey":"BcJLBcRGNivn7ZMqvsOdji0vio1O0YX5SDsXpYSC8sRw"},"_chains":{"BVIrb5KnL4U24oulUI1H5LLnCMO9/L6jhSi61lUXnAIQ":{"chainKey":{"counter":0,"key":"yWDuDImwLMii90nRgBDk1JOn3GfZPUXNkPezwA02YxI="},"chainType":2,"messageKeys":{}},"Bf08m0b3NlGZQB9DfY61ceA6kL0UlwjZGIAIYu9vNWkm":{"chainKey":{"counter":-1,"key":"ux+tbpDJxL4A31zGZyGkvb4yf27qdp6Jmb0VirEqOL4="},"chainType":1,"messageKeys":{}}}}},"version":"v1"}