{"_sessions":{"Bftdv8AP7zK7WI8QtyhIBcLRDWLJhFMlVVMQmNy33HxP":{"registrationId":1186954900,"currentRatchet":{"ephemeralKeyPair":{"pubKey":"BUHLQJl02D31jolBJt5VI6szzOwGhgBE7jpqyVy20a5X","privKey":"CFQOA6Ghq2sSBbKDgdHpiFIf5cJ4Y4liLp1dADCLkHU="},"lastRemoteEphemeralKey":"BTsQZdB0ovNdgYp/m9U3A/QLti5cdpAmxw1ajT/LuLYb","previousCounter":0,"rootKey":"FvaQFym/ojGenh8srdPM7Vqh62lkPLDli51SxWzWC+U="},"indexInfo":{"baseKey":"Bftdv8AP7zK7WI8QtyhIBcLRDWLJhFMlVVMQmNy33HxP","baseKeyType":2,"closed":-1,"used":1764157870850,"created":1764157870850,"remoteIdentityKey":"BWhXhFvOEOZaOn3cmwTBIEyD6HJLWqLSjl2T4C/zfKhK"},"_chains":{"BTsQZdB0ovNdgYp/m9U3A/QLti5cdpAmxw1ajT/LuLYb":{"chainKey":{"counter":0,"key":"mU2hX8h9rb9JiMyUDz3iFwUJ/ApP4Lce/ixu3lazeeA="},"chainType":2,"messageKeys":{}},"BUHLQJl02D31jolBJt5VI6szzOwGhgBE7jpqyVy20a5X":{"chainKey":{"counter":-1,"key":"BAZ5Sec06T9qpPPo34Ml2vCZHXKW9m6dU9B5scxiaQM="},"chainType":1,"messageKeys":{}}}}},"version":"v1"}