{"_sessions":{"BbQia0H9KHyh1DuTsDhpCIGK4BsEJU4ANI0KK+WXYtsr":{"registrationId":851175656,"currentRatchet":{"ephemeralKeyPair":{"pubKey":"BZYhNhOYaVJkv43MeAYAo+5bbmNmpIMLjjDlQS3zye4O","privKey":"4HK5E2V/RCQq+RgWobnsNbdeKFl1kXH5QgjVwoNQaX8="},"lastRemoteEphemeralKey":"BRJnbw6nJhYG3ID1yBGELczZCmGP2mGgf5GZVs9b/R0h","previousCounter":0,"rootKey":"cjVZ76C/F9bMuRD03yLqOuiJVbry9ewlJjgbR8QaOAk="},"indexInfo":{"baseKey":"BbQia0H9KHyh1DuTsDhpCIGK4BsEJU4ANI0KK+WXYtsr","baseKeyType":2,"closed":-1,"used":1764158373565,"created":1764158373565,"remoteIdentityKey":"BdKQhwRW58cPLZc8+ojEwukAv/xhmNxNCw1jEaYoHHM2"},"_chains":{"BRJnbw6nJhYG3ID1yBGELczZCmGP2mGgf5GZVs9b/R0h":{"chainKey":{"counter":0,"key":"303kKxEkXe5SuVHAiklu+t/329sF2dVx8M8X3TYiV4E="},"chainType":2,"messageKeys":{}},"BZYhNhOYaVJkv43MeAYAo+5bbmNmpIMLjjDlQS3zye4O":{"chainKey":{"counter":-1,"key":"6F9wbzQUG8ov0XAWX4/Z3wfjF9PPk/+WOwaNhTlD8Ns="},"chainType":1,"messageKeys":{}}}}},"version":"v1"}