{"_sessions":{"BdNiX2qhN0GG9Og/VGj3pmJMetD8lVNezOXkNoClUC9x":{"registrationId":1408544398,"currentRatchet":{"ephemeralKeyPair":{"pubKey":"Bbth2uq8eT1/JI2sx57Ce3CYI2hy9j2ASCRV5BJle7JZ","privKey":"YEIjlWDhpHtiu1sh2mFhW1LcA2DdIb/TMvGK67VxX0A="},"lastRemoteEphemeralKey":"BaNfzVZA8KT22G2TT9zBCVDAYtO5Gh//2Hh5bXMMl+l/","previousCounter":0,"rootKey":"eAF1vkLek0tx9hyeIHcK+Db3A50AqoRTg9D23HFPoA0="},"indexInfo":{"baseKey":"BdNiX2qhN0GG9Og/VGj3pmJMetD8lVNezOXkNoClUC9x","baseKeyType":2,"closed":-1,"used":1764156858203,"created":1764156858203,"remoteIdentityKey":"BUdi5mwNt4UnZQsLqswdACuQqYnfUAepeTiNLt/C9EFc"},"_chains":{"BaNfzVZA8KT22G2TT9zBCVDAYtO5Gh//2Hh5bXMMl+l/":{"chainKey":{"counter":0,"key":"/1RIWUlXjX/64qcrMU2FpLJrcF2JNb12Q6K+RbMgiu8="},"chainType":2,"messageKeys":{}},"Bbth2uq8eT1/JI2sx57Ce3CYI2hy9j2ASCRV5BJle7JZ":{"chainKey":{"counter":-1,"key":"6OLlOdjboMLeWNNGMy6DQnQkFJaE4yh/HHs8yqZ8rAg="},"chainType":1,"messageKeys":{}}}}},"version":"v1"}