{"_sessions":{"BaPwErS13r80tD4HKc0yiBp15Tgba82FU6zSCUobV9Qi":{"registrationId":1415606825,"currentRatchet":{"ephemeralKeyPair":{"pubKey":"BfxLbstcV5nQVz1nGuWaOgLwHb5ait+X0ZVgP1WbziQ2","privKey":"KEg55tU3EmCibIYUThXVt5E8OF5e4zWdXn+kLtl+l3w="},"lastRemoteEphemeralKey":"BTV1RDTcNhuapWmrRhzCpNAWop2SaNaZlt4KkGdm7QQp","previousCounter":0,"rootKey":"htS+URF+4iMrKItrJYUeSQu7l4bza1ljAeZhnSiEuRg="},"indexInfo":{"baseKey":"BaPwErS13r80tD4HKc0yiBp15Tgba82FU6zSCUobV9Qi","baseKeyType":2,"closed":-1,"used":1764157742508,"created":1764157742508,"remoteIdentityKey":"BbUzM/onYxQ2GhFlbFpzi+oHcdtR1exW/Me8y2Mhrgok"},"_chains":{"BTV1RDTcNhuapWmrRhzCpNAWop2SaNaZlt4KkGdm7QQp":{"chainKey":{"counter":0,"key":"dy+rc1wkALhZbmak1+yYTkBuYDc63aFGpnaecpw3K4o="},"chainType":2,"messageKeys":{}},"BfxLbstcV5nQVz1nGuWaOgLwHb5ait+X0ZVgP1WbziQ2":{"chainKey":{"counter":-1,"key":"ikhE2i7mYLdOygheT3zgmu58EUgl6XoYabjphTCLnV8="},"chainType":1,"messageKeys":{}}}}},"version":"v1"}