{"_sessions":{"BSCNHl5Zc+w2hICTz6aSg4PgggeCI9U55cPrJLmVEJoz":{"registrationId":1836102466,"currentRatchet":{"ephemeralKeyPair":{"pubKey":"BZ/b27GkWkiQO6pY8K8/wuPM173BqAwNXAUagZFGeQlM","privKey":"UNAeCkW/XALg4rTRy75/z3/nShzDib9propWpec/4Xg="},"lastRemoteEphemeralKey":"Bdq3QJA4x7RAY5gXWuuDqhUt9xCVagAlfFagdnVHTLk7","previousCounter":0,"rootKey":"Ht6iZT7hfta8BEviy4F3zkoaazXMinyFB0SRZc5cTXU="},"indexInfo":{"baseKey":"BSCNHl5Zc+w2hICTz6aSg4PgggeCI9U55cPrJLmVEJoz","baseKeyType":2,"closed":-1,"used":1764158198463,"created":1764158198463,"remoteIdentityKey":"BSLoslIWDI84wbKF6/i+O/UxW7Cv1FqlqDsOtW6yW1wi"},"_chains":{"Bdq3QJA4x7RAY5gXWuuDqhUt9xCVagAlfFagdnVHTLk7":{"chainKey":{"counter":0,"key":"fSrREyJUDI107RqS2NRyFIm3j85GPsuwfPozV31KQS4="},"chainType":2,"messageKeys":{}},"BZ/b27GkWkiQO6pY8K8/wuPM173BqAwNXAUagZFGeQlM":{"chainKey":{"counter":-1,"key":"ezshEHX8/1gNuZVmVxYPEDv2eBOT7ibPnajsB6woB2M="},"chainType":1,"messageKeys":{}}}}},"version":"v1"}