{"_sessions":{"BY3e7L5iC9n3VyGBg4Yw1iqEYHlC91BIJKKURValGzNP":{"registrationId":565381449,"currentRatchet":{"ephemeralKeyPair":{"pubKey":"BcD3U3pbUgy+YT4QTAAXUYPxT4dTJY9uFzlEjezbXoxl","privKey":"CLqKzR76Pom79GQp3HYd/H2XjbhMQM1eG1Jnld9EqV8="},"lastRemoteEphemeralKey":"BejBs22qhbPeMERLvgXU2+3MTb9u7Kp+I9GwD9YHZzAu","previousCounter":0,"rootKey":"ndTefFA4N0vBb72YF0q6hfhAkXJJBuE1zx02egwb65Q="},"indexInfo":{"baseKey":"BY3e7L5iC9n3VyGBg4Yw1iqEYHlC91BIJKKURValGzNP","baseKeyType":2,"closed":-1,"used":1764158593720,"created":1764158593720,"remoteIdentityKey":"BWOqMyJbC9GilMU20HZCvsA8aHw3xVrCwccQGIDljBQb"},"_chains":{"BejBs22qhbPeMERLvgXU2+3MTb9u7Kp+I9GwD9YHZzAu":{"chainKey":{"counter":0,"key":"hCHrBZFiF/yUlsZls9Ib+QNqP5+c3QBdG+7qGD7Wtbs="},"chainType":2,"messageKeys":{}},"BcD3U3pbUgy+YT4QTAAXUYPxT4dTJY9uFzlEjezbXoxl":{"chainKey":{"counter":-1,"key":"AKsEJNjBcEL4ZfTHxLuQDuL/dZEvwhHX3Mg0AcxQLSg="},"chainType":1,"messageKeys":{}}}}},"version":"v1"}