{"_sessions":{"BQd6ugIwqRSd386WlgzLiQ7PnLgzoHO7qb/Ec/vQ9+Io":{"registrationId":120185281,"currentRatchet":{"ephemeralKeyPair":{"pubKey":"BZ+Fd8SBNPszkNc12zvhYDApJ7ypQ4s/xOI6G4g2XrBe","privKey":"QNiSP/ItgQIFb8b3lfQ82qA94wYXF6zpdi6zTSU+/3A="},"lastRemoteEphemeralKey":"BehkGK42OnLVuSWr26tLkH5jZMk2XBqLrL802AkAtwkn","previousCounter":0,"rootKey":"QrIPZVtyhmjrks8x+wsm1lDJHV87+xB9v91sztLgRlI="},"indexInfo":{"baseKey":"BQd6ugIwqRSd386WlgzLiQ7PnLgzoHO7qb/Ec/vQ9+Io","baseKeyType":2,"closed":-1,"used":1764158128857,"created":1764158128857,"remoteIdentityKey":"BcJsSQRg/LDLVkB/bNT0x9lUpeyAEr/hK+yT8eKIIoNC"},"_chains":{"BehkGK42OnLVuSWr26tLkH5jZMk2XBqLrL802AkAtwkn":{"chainKey":{"counter":0,"key":"+MjhOcwRrJ4fXxJKg94hqKOE7kvJf3QmvC95G/J+vX8="},"chainType":2,"messageKeys":{}},"BZ+Fd8SBNPszkNc12zvhYDApJ7ypQ4s/xOI6G4g2XrBe":{"chainKey":{"counter":-1,"key":"z/dXdUAONBWrbn0YNwY0KfdEUfYXrhGeYP02bBG6dpQ="},"chainType":1,"messageKeys":{}}}}},"version":"v1"}