{"_sessions":{"Bc1eWwrHJijA0RWI8yCHSp4iWYbBF9ryckUA5VyB4jUc":{"registrationId":910145435,"currentRatchet":{"ephemeralKeyPair":{"pubKey":"BesiQcZB7lYgb8G/jxINaQxI1SupBY6Ak0ZJVJqQU749","privKey":"YKM65kZJ/HMOJZYg1+Q8Fx7SSmSq97fZl/wCpaoGg1E="},"lastRemoteEphemeralKey":"BZaq8olwlXAndlywS/p8b9N/b7xTLJOFwvOa0/YRaT4r","previousCounter":0,"rootKey":"UYxlVwDfnYwXHX4Eec5Rh5Ffu8LbDSkWzdEq44CJYr0="},"indexInfo":{"baseKey":"Bc1eWwrHJijA0RWI8yCHSp4iWYbBF9ryckUA5VyB4jUc","baseKeyType":2,"closed":-1,"used":1764160070515,"created":1764160070515,"remoteIdentityKey":"BWhMPoVhK+Y/DFmuJb/nJlKIzfcaBT7ktbHWbXVKA+pL"},"_chains":{"BZaq8olwlXAndlywS/p8b9N/b7xTLJOFwvOa0/YRaT4r":{"chainKey":{"counter":0,"key":"eVE5YnEg4dFaKhUVj8QiXov0AxdLpgYMRy8OnRAdAVQ="},"chainType":2,"messageKeys":{}},"BesiQcZB7lYgb8G/jxINaQxI1SupBY6Ak0ZJVJqQU749":{"chainKey":{"counter":-1,"key":"d/nB360iRO8Dv2scia1VliprswcAEjaVqtCpnQ0sLtk="},"chainType":1,"messageKeys":{}}}}},"version":"v1"}