{"_sessions":{"BZcU3v39OGsqDvXKm68QphcUtNX0w3kjIoKwc4RWKMow":{"registrationId":1460157667,"currentRatchet":{"ephemeralKeyPair":{"pubKey":"BUS/BZTI0+ZO4AIh0esbLO0I0dGrJJlMy/YFdrh/zBQV","privKey":"mAfqhcxzk7p5/e9qrOKtz33k+YwZTZPxcyPBIlkREmM="},"lastRemoteEphemeralKey":"BWlutKAgdP2USet/MECQlcEDUJdxnOIxxUv1bdH0AOcA","previousCounter":0,"rootKey":"Jk2HA0igdhLPKfamJQvQPOfay3oKGBOlsqgwU0WvV7Y="},"indexInfo":{"baseKey":"BZcU3v39OGsqDvXKm68QphcUtNX0w3kjIoKwc4RWKMow","baseKeyType":2,"closed":-1,"used":1764157640746,"created":1764157640746,"remoteIdentityKey":"BTGf83oLYURiAMCkNeKisWu6OY8Mq8xdPzWWZsrPWlwP"},"_chains":{"BWlutKAgdP2USet/MECQlcEDUJdxnOIxxUv1bdH0AOcA":{"chainKey":{"counter":0,"key":"61BKsmrnbQtJD384GcVut3URZchlqN2uZNL57poXy+s="},"chainType":2,"messageKeys":{}},"BUS/BZTI0+ZO4AIh0esbLO0I0dGrJJlMy/YFdrh/zBQV":{"chainKey":{"counter":-1,"key":"raUn5ZPIgI8oguPhve0LpUOCbqbfBKLkPIxjHaUxNPs="},"chainType":1,"messageKeys":{}}}}},"version":"v1"}