{"_sessions":{"BWALqde8UKki2EIJbXbbxrq7eHaqUb4cg8v/5zkc5hVW":{"registrationId":1497343803,"currentRatchet":{"ephemeralKeyPair":{"pubKey":"BZxWSpp7vF3B33JiXcBvyAiiaTiSC8sT835Yro74UYNN","privKey":"uARGJnis5iWTVc1lF1Huh4H+zXPiWnUxEAFtQhN9Rlw="},"lastRemoteEphemeralKey":"BUbShRZoE2mSM7Nj8mHv6Z6lQdzYpEcN8KU4I2eVDQNU","previousCounter":0,"rootKey":"mMRPGS81KrthnSlFXocCnrm3b2j0ZUR52kpISyQtpz4="},"indexInfo":{"baseKey":"BWALqde8UKki2EIJbXbbxrq7eHaqUb4cg8v/5zkc5hVW","baseKeyType":2,"closed":-1,"used":1764159366342,"created":1764159366342,"remoteIdentityKey":"BbcqALaMadYQODkHbKix/IxoqnXm+8BnOi1nPVWSDV81"},"_chains":{"BUbShRZoE2mSM7Nj8mHv6Z6lQdzYpEcN8KU4I2eVDQNU":{"chainKey":{"counter":1,"key":"FD4D6IuLZqdSJYs+h7tf1XFcNVQ7+2qQz7KBg9F/tK8="},"chainType":2,"messageKeys":{"0":"PUsLjacCr9HgsCya8VX3ngPEyVgZ6qdrPXsMcxgKeTQ="}},"BZxWSpp7vF3B33JiXcBvyAiiaTiSC8sT835Yro74UYNN":{"chainKey":{"counter":-1,"key":"vgkTuoAEGMf8ZorCvLqFIBkjuTX1WeALgpCvO30OVgg="},"chainType":1,"messageKeys":{}}}}},"version":"v1"}