{"_sessions":{"BV6mTZ3tfyXb+q656f5hd1TY86W+mia7TW9J3o8mUgIT":{"registrationId":470382220,"currentRatchet":{"ephemeralKeyPair":{"pubKey":"BfXJ00dIj93+eOi9pgIyCAtyvHMWRDgBCR1E1wFjmtJt","privKey":"iJfjuJr8A3oGPxxEhAa8BmZtegx86gSHtVRSVIO59H8="},"lastRemoteEphemeralKey":"BfxSZ2+Y4AQQhq9qD6rmGmTdx3BNaR9JJ/K+SmdSp7YW","previousCounter":0,"rootKey":"UML2K8gBtwBi+3GTitaFs7JPWDxiFNX9P1QE2t8QJns="},"indexInfo":{"baseKey":"BV6mTZ3tfyXb+q656f5hd1TY86W+mia7TW9J3o8mUgIT","baseKeyType":2,"closed":-1,"used":1764159105904,"created":1764159105904,"remoteIdentityKey":"BcrB9W9/F1o3smEWQoazfrCpPMDC9smcIPmslNacOEVS"},"_chains":{"BfxSZ2+Y4AQQhq9qD6rmGmTdx3BNaR9JJ/K+SmdSp7YW":{"chainKey":{"counter":0,"key":"4b1Uan9U8GHsWh74YXYR0gt1M3S43q6Ky/r9WrXevCE="},"chainType":2,"messageKeys":{}},"BfXJ00dIj93+eOi9pgIyCAtyvHMWRDgBCR1E1wFjmtJt":{"chainKey":{"counter":-1,"key":"yqKGSRATqI8m+8wb4X59/lmPDJ4JFDRDy928umPkzFs="},"chainType":1,"messageKeys":{}}}}},"version":"v1"}