{"_sessions":{"BYHdX+bTYeyIvDgkdF+O2nRFvgxpw3O5APbMrgjt3OsY":{"registrationId":254712131,"currentRatchet":{"ephemeralKeyPair":{"pubKey":"BQ7WfZKv9Mju2vk4Tj/bIu+WJxvIaRzG6W6QCPD1lg0j","privKey":"AO2GlkN5JPe/qAVxcqdyJK+arn9crtI+tHTcQEnO8Vw="},"lastRemoteEphemeralKey":"BT1hgydFopTSrsHha+wENr0n3NxIJ1HlyrpDG2q68MRL","previousCounter":0,"rootKey":"+vFAoPG2zONvDdF1nMoukIwB3Iwz50O7qZQOW4kTFD4="},"indexInfo":{"baseKey":"BYHdX+bTYeyIvDgkdF+O2nRFvgxpw3O5APbMrgjt3OsY","baseKeyType":2,"closed":-1,"used":1764159281796,"created":1764159281796,"remoteIdentityKey":"Bf7tZ2z24NN2f0y1aKpem7VaYmVcY6mb6BtuYUTiv8NK"},"_chains":{"BT1hgydFopTSrsHha+wENr0n3NxIJ1HlyrpDG2q68MRL":{"chainKey":{"counter":0,"key":"qYlGFYymhwrbZLIWW0fcmsHab5CFA4fGZkfc5yklBoc="},"chainType":2,"messageKeys":{}},"BQ7WfZKv9Mju2vk4Tj/bIu+WJxvIaRzG6W6QCPD1lg0j":{"chainKey":{"counter":-1,"key":"40jP8cQpKIwH0uqpL+Wtvsawec4/YQkMWsVvxJVx9/8="},"chainType":1,"messageKeys":{}}}}},"version":"v1"}