{"_sessions":{"BctZsCOOaeZt6pnV0GMvPR3SGes9PRwrKLRSI6kIN/5N":{"registrationId":635219539,"currentRatchet":{"ephemeralKeyPair":{"pubKey":"BWEJXAcMuWz31MCYrg8mR0sFi6pQj1qH7FltLYNbzDN1","privKey":"CH5oepM6mF5DN3gFooAIB043bslNQmWiuq6iKa5peVs="},"lastRemoteEphemeralKey":"Bfh2lnr1/neNH+WCnuDD8PuputbjoCnSpQc9GN7hQcgT","previousCounter":0,"rootKey":"GL/HOvuV9TXJjlqbu91NAr1DLlk9S5jxoE2kFFtq1yo="},"indexInfo":{"baseKey":"BctZsCOOaeZt6pnV0GMvPR3SGes9PRwrKLRSI6kIN/5N","baseKeyType":2,"closed":-1,"used":1764155856170,"created":1764155856170,"remoteIdentityKey":"BcuazyMi6vNuJeyO6w3gAjOU+riOLio5ExXr9Vk84VpD"},"_chains":{"Bfh2lnr1/neNH+WCnuDD8PuputbjoCnSpQc9GN7hQcgT":{"chainKey":{"counter":2,"key":"wTPm3Q9Uf2op3KrQe/Lv0CA14vxp/ayjF3kd9zkBuZs="},"chainType":2,"messageKeys":{}},"BWEJXAcMuWz31MCYrg8mR0sFi6pQj1qH7FltLYNbzDN1":{"chainKey":{"counter":-1,"key":"3Kv0ROzJrp69P4cTrq6XoWLyxyEORNjoGg0J+/UkjvA="},"chainType":1,"messageKeys":{}}}}},"version":"v1"}