{"_sessions":{"BaMkzUx5+l+0N+tlzc4oV/i7rSzlgWxP9kN4dMML2PMf":{"registrationId":2082408227,"currentRatchet":{"ephemeralKeyPair":{"pubKey":"BQM7Be9jDC4ze1cS+emkDdz/Owmz+GIRzkt0+DBiv2xc","privKey":"0FJvHwJ49zFAQd4O+id8dLpCGMuRZlsgBmqOPgLRAHY="},"lastRemoteEphemeralKey":"BSwJfsFNvimwOa3FoX65uvqeKWb2kz+QYRZvpkrXDCQh","previousCounter":0,"rootKey":"nK+WSLclwfcwNf5yE5XTJIslRZ+gYYhVB/k3nzzftL8="},"indexInfo":{"baseKey":"BaMkzUx5+l+0N+tlzc4oV/i7rSzlgWxP9kN4dMML2PMf","baseKeyType":2,"closed":-1,"used":1764159248683,"created":1764159248683,"remoteIdentityKey":"BTG4vs5yy5075NFpHgOO+gqC6y9h04EEZLtdwddIQik8"},"_chains":{"BSwJfsFNvimwOa3FoX65uvqeKWb2kz+QYRZvpkrXDCQh":{"chainKey":{"counter":0,"key":"IQv8sc5onYreGle3IE1fmq4cZsDrlk55DzaOjvYAlGg="},"chainType":2,"messageKeys":{}},"BQM7Be9jDC4ze1cS+emkDdz/Owmz+GIRzkt0+DBiv2xc":{"chainKey":{"counter":-1,"key":"MDKfQMkua0npHOvV3UzI0pnyBj+r06r9Sp/eTpoSS6M="},"chainType":1,"messageKeys":{}}}}},"version":"v1"}