{"_sessions":{"BWPIRJPf5AdMayZWHdNkb9qYqGev/A38MtfgBDxCrwUW":{"registrationId":2131694937,"currentRatchet":{"ephemeralKeyPair":{"pubKey":"BTT1s2PaT15W4QNprUsqWhyB3c1pCEs9kcN1h4M8VSYz","privKey":"gBn8+uSJl8SyRq47pdgjzc5j6ZRL9XslP6m+n009lFU="},"lastRemoteEphemeralKey":"BRNxhqqpBr22pmy5QKzhtgsq69tUpNkOwC+By58VYB5B","previousCounter":0,"rootKey":"kqm6Cj1d6gSvWpMHej/jn8F6u3mqqt3/KlwKzsz24/0="},"indexInfo":{"baseKey":"BWPIRJPf5AdMayZWHdNkb9qYqGev/A38MtfgBDxCrwUW","baseKeyType":2,"closed":-1,"used":1764157525804,"created":1764157525804,"remoteIdentityKey":"BQhDk/1Dl+lWYk1s0rWmKWl+jzwkDaBG734w6mcYb+5a"},"_chains":{"BRNxhqqpBr22pmy5QKzhtgsq69tUpNkOwC+By58VYB5B":{"chainKey":{"counter":0,"key":"26xB6rWr0JrKwxCwF4EdyEFDqDP8MWLmIIItbLVLwHo="},"chainType":2,"messageKeys":{}},"BTT1s2PaT15W4QNprUsqWhyB3c1pCEs9kcN1h4M8VSYz":{"chainKey":{"counter":-1,"key":"fGsJG5//OrMSIjPG+NMlfM6LfsnoTeRRBse/O79Evxw="},"chainType":1,"messageKeys":{}}}}},"version":"v1"}