{"_sessions":{"BRNV3cCaAwYnPYwPjSaWPCHLjsD0lInsLIOzkc2hZagO":{"registrationId":2008312297,"currentRatchet":{"ephemeralKeyPair":{"pubKey":"BaWJM2Hl+7GzijA2HSV063nXhdSKfab44N+ZMCXeqxRm","privKey":"0CFU+mSVNbHrxOW+8V4F+2lgHz9WuGLxEsAUYuAnolY="},"lastRemoteEphemeralKey":"BTSqmA33IKceNA6QM1exPu1vQmtRtPf17Hi3SX48rklV","previousCounter":0,"rootKey":"NZetN/h0g7d7ScGFjaK3IWdkbk0XH6brNldYnYUHDZ8="},"indexInfo":{"baseKey":"BRNV3cCaAwYnPYwPjSaWPCHLjsD0lInsLIOzkc2hZagO","baseKeyType":2,"closed":-1,"used":1764156601925,"created":1764156601925,"remoteIdentityKey":"BT0/J2sKqo5f8Z0Fe1+8p7wvNAo4oVHo3wPcj8E8P3I7"},"_chains":{"BTSqmA33IKceNA6QM1exPu1vQmtRtPf17Hi3SX48rklV":{"chainKey":{"counter":0,"key":"cQX77GeQblWMEnbqhVAJMMd1bHJ1g+hUl5jsr3pgzpw="},"chainType":2,"messageKeys":{}},"BaWJM2Hl+7GzijA2HSV063nXhdSKfab44N+ZMCXeqxRm":{"chainKey":{"counter":-1,"key":"PGizBqHwu1kUKVuHHW7eYpcI4bsdUTYjKuEd7UYOg5g="},"chainType":1,"messageKeys":{}}}}},"version":"v1"}