{"_sessions":{"Bd8SNv99ZHDC63VQcoystH+7gOG/H7DPb/KI8fVv7sEu":{"registrationId":1386698104,"currentRatchet":{"ephemeralKeyPair":{"pubKey":"BaA2lAktyEeWqK0BwKutKKmlj/sG3NLPvsSWuJxBb7U8","privKey":"IBIZXFRPZXV7w+nBumni3O3fk5Oooy+tjP4oZW8zDHM="},"lastRemoteEphemeralKey":"BV/sv7qlWuIAUnR3QNcAKXgnzjhrWn31SvmfkbgnipdA","previousCounter":0,"rootKey":"tuFZi1YXWrQivzUvXJHd6STcwCPtA5ZJ/Z897LHePwk="},"indexInfo":{"baseKey":"Bd8SNv99ZHDC63VQcoystH+7gOG/H7DPb/KI8fVv7sEu","baseKeyType":2,"closed":-1,"used":1764160071617,"created":1764160071617,"remoteIdentityKey":"BSI1wJGR3quwo9Chiv48Fynqwj3GoxAIvoeVWOYAZwV/"},"_chains":{"BV/sv7qlWuIAUnR3QNcAKXgnzjhrWn31SvmfkbgnipdA":{"chainKey":{"counter":0,"key":"ct/BLV0btaPc1nNy1z26kJ3rD7x+IbB8RhwxAkncHow="},"chainType":2,"messageKeys":{}},"BaA2lAktyEeWqK0BwKutKKmlj/sG3NLPvsSWuJxBb7U8":{"chainKey":{"counter":-1,"key":"yOH7j/fLifBq6vgibvr8bF9YK85qejtClarHt4KwMr0="},"chainType":1,"messageKeys":{}}}}},"version":"v1"}