{"_sessions":{"BYrCcVXB3eVYu+iMZy7E0zs29yqsXFuSUQEE6d4jlBZW":{"registrationId":955403610,"currentRatchet":{"ephemeralKeyPair":{"pubKey":"BV0EDvg/G07avs5HwFdfLdZNTIGvPalumcVT3eRIKjUk","privKey":"+G20SchgcYYzbrxUfwpcWmu8WyidJn8XYiLWvH1D310="},"lastRemoteEphemeralKey":"BUa5K05jsq4/DcPQ22fG450EXV4RcOop6K5ylqSeHuMP","previousCounter":0,"rootKey":"ApDsqmx+9hiH+VOzCMAcSN1B6wiAAc0gqL4FghXg8k4="},"indexInfo":{"baseKey":"BYrCcVXB3eVYu+iMZy7E0zs29yqsXFuSUQEE6d4jlBZW","baseKeyType":2,"closed":-1,"used":1764157070538,"created":1764157070538,"remoteIdentityKey":"BTrFQ4ZI0lD8TRyZ2Qqokz88/cyd5y255lxdioSBK1sj"},"_chains":{"BUa5K05jsq4/DcPQ22fG450EXV4RcOop6K5ylqSeHuMP":{"chainKey":{"counter":0,"key":"+h/ngw4CTL4dRffzlChldeO32vwahos4+crDypz8Epk="},"chainType":2,"messageKeys":{}},"BV0EDvg/G07avs5HwFdfLdZNTIGvPalumcVT3eRIKjUk":{"chainKey":{"counter":-1,"key":"KkaocUQ1wZiSrs1Aaqan/GhN5jLjdknSnaZQmfMwOsI="},"chainType":1,"messageKeys":{}}}}},"version":"v1"}