{"_sessions":{"BRNdZiJd6h+J8zSvUPlYrhQ0ovi3u5rlPQLPGKDetv8/":{"registrationId":1547934562,"currentRatchet":{"ephemeralKeyPair":{"pubKey":"BUiB/dVAUka/DDbS91Nrocb9+ZA2cD/rcVJ60mIAxvkD","privKey":"gGzGbdBCYnSHkoCUtiFHhgPFZ92tVUw3uhg2UYXxNEo="},"lastRemoteEphemeralKey":"Bbf99jU+7iliFVLUlKGHZVhPGqZY+s/3kU4C8Os7Fyhl","previousCounter":0,"rootKey":"s1jNH1Imgywh+7lzPsMXWjmVAUodn5Yz8HV1+bQWXoQ="},"indexInfo":{"baseKey":"BRNdZiJd6h+J8zSvUPlYrhQ0ovi3u5rlPQLPGKDetv8/","baseKeyType":2,"closed":-1,"used":1764157590022,"created":1764157590022,"remoteIdentityKey":"BREU/3wwJnhQyUH/TSuJJmdl7RExGc/CP2iuMhSkt8gM"},"_chains":{"Bbf99jU+7iliFVLUlKGHZVhPGqZY+s/3kU4C8Os7Fyhl":{"chainKey":{"counter":0,"key":"BnJfyfrpHj85T9H1xsBY2J8f5nofxt+10Y2/qDuUV5E="},"chainType":2,"messageKeys":{}},"BUiB/dVAUka/DDbS91Nrocb9+ZA2cD/rcVJ60mIAxvkD":{"chainKey":{"counter":-1,"key":"e07t3jm3ekNswaZWIduWZHsTR2V2PCuT2yJhQz1MHy4="},"chainType":1,"messageKeys":{}}}}},"version":"v1"}