{"_sessions":{"BYJ3pu4N2DrbbrwQT8RzTylMsBdiUenBz/Z8BnjusJ8Q":{"registrationId":175079132,"currentRatchet":{"ephemeralKeyPair":{"pubKey":"BSi/htHy+jhvSu9Ubbk6ntz1o9Tc3LP9uQGw+azMCl1A","privKey":"iCYEN8rihxwq+lPZWMijjY3lbAFeNhpIoGjYPQ1dO1k="},"lastRemoteEphemeralKey":"BXASOPIOXsvTqDa6VoLz9otl/hvUnTgHM/ufgJCD49Y9","previousCounter":0,"rootKey":"EjZTT3fVvZg262xZlZeJEfLxWjNENWiZJnikHZbnPgY="},"indexInfo":{"baseKey":"BYJ3pu4N2DrbbrwQT8RzTylMsBdiUenBz/Z8BnjusJ8Q","baseKeyType":2,"closed":-1,"used":1764159893812,"created":1764159893812,"remoteIdentityKey":"BTcthVNnMGypE81YpT7rvOJxyt52vNKk7rDAe9TT75FK"},"_chains":{"BXASOPIOXsvTqDa6VoLz9otl/hvUnTgHM/ufgJCD49Y9":{"chainKey":{"counter":0,"key":"NecrwZoih94mVDubRubK8VFQLyCPKh2huJl6UIz5G68="},"chainType":2,"messageKeys":{}},"BSi/htHy+jhvSu9Ubbk6ntz1o9Tc3LP9uQGw+azMCl1A":{"chainKey":{"counter":-1,"key":"g3z0AwE5MvAvu+XkNk9CsTdgBuRxYwFlNLkDJIVI+YA="},"chainType":1,"messageKeys":{}}}}},"version":"v1"}