{"_sessions":{"BWOcTUICqNvOT2nqCtoeVCFkPykA0gyz58jUMWy184sA":{"registrationId":2131652924,"currentRatchet":{"ephemeralKeyPair":{"pubKey":"BSk1CyVdqjTxwi0h++c3jyod1ZEWoZjRH29h2L9SBeVw","privKey":"OFJp4Vv6uR5Z+1C1ZC9cGrEY3TCGSA8sJ2Bb0vEmEXg="},"lastRemoteEphemeralKey":"BU1hULoVbwXzh+xX9sdA9+G3JSudVqo5azlxDEbRBpFX","previousCounter":0,"rootKey":"neKeeWFnNCm7exUdl1USnSc6l1WnFDpM03FQlhRGKfM="},"indexInfo":{"baseKey":"BWOcTUICqNvOT2nqCtoeVCFkPykA0gyz58jUMWy184sA","baseKeyType":2,"closed":-1,"used":1764156407665,"created":1764156407665,"remoteIdentityKey":"BU/bf/2A5O4aG6xoYGtZ47re87uEo3UV8LoN4AutQQ5Y"},"_chains":{"BU1hULoVbwXzh+xX9sdA9+G3JSudVqo5azlxDEbRBpFX":{"chainKey":{"counter":2,"key":"LstMfFDT7jSktWXMMyzWR58blwy9YwPnzmDcQc/l8W4="},"chainType":2,"messageKeys":{}},"BSk1CyVdqjTxwi0h++c3jyod1ZEWoZjRH29h2L9SBeVw":{"chainKey":{"counter":-1,"key":"vimbKeqIm+l2g85PlZ6yJZOWVM9TZQXHbfSNNaMKPbM="},"chainType":1,"messageKeys":{}}}}},"version":"v1"}