{"_sessions":{"Beg6e1RBucfsGg0s8A9qrvkIiw9icvWAWTtBEVPXmUUo":{"registrationId":112,"currentRatchet":{"ephemeralKeyPair":{"pubKey":"BdOIqHCHXHpSm5k0yyQtsJ/jhh+XxuP7mvusflQ6bfQo","privKey":"mHXRwA4wCG+kzMwYAg8sN1yQKz6tOQJvtaSapYA90kY="},"lastRemoteEphemeralKey":"BQ134dt6SgwI2SRXO5osf0voc+6487qwiRXtGVmpg55L","previousCounter":0,"rootKey":"oQxpROoNPbyDaR4IM0xLbO6dd0lyFccGOyxPVZIwLj0="},"indexInfo":{"baseKey":"Beg6e1RBucfsGg0s8A9qrvkIiw9icvWAWTtBEVPXmUUo","baseKeyType":2,"closed":-1,"used":1764159289970,"created":1764159289970,"remoteIdentityKey":"Bf8Z0nBDsii8m7wmcs1zp2L2whcOEuaRNqKqhaCamvtd"},"_chains":{"BQ134dt6SgwI2SRXO5osf0voc+6487qwiRXtGVmpg55L":{"chainKey":{"counter":0,"key":"7q5if+dtOFZmEmzQyUG/KN/XocgqSBTX/eSn9xs52T4="},"chainType":2,"messageKeys":{}},"BdOIqHCHXHpSm5k0yyQtsJ/jhh+XxuP7mvusflQ6bfQo":{"chainKey":{"counter":-1,"key":"cEbOrD9OQKLp8OAYeStZSg+I4nAIjMqavqWSYvI+ww4="},"chainType":1,"messageKeys":{}}}}},"version":"v1"}