{"_sessions":{"Bckmb+f4bvYYBS3sG3+CP1yezYjJkUvC+r1xaiAWpNwS":{"registrationId":2043964201,"currentRatchet":{"ephemeralKeyPair":{"pubKey":"BSMow9570uUen7ctRQgGqg9ZUasKZUFpNYIXtlqFcTcF","privKey":"8OM2sC/tt2XgFkR0/xxrAbbmtZXTmuVmgE8tVollVU8="},"lastRemoteEphemeralKey":"BVBlvmUe5Eklj8TfXEuLaVcMjYarQse92/bL10tHYlR1","previousCounter":0,"rootKey":"AldZ1VTKWeVGWQ30G52cCEtt8wPvBU2RIAD+Cu39V4Q="},"indexInfo":{"baseKey":"Bckmb+f4bvYYBS3sG3+CP1yezYjJkUvC+r1xaiAWpNwS","baseKeyType":2,"closed":-1,"used":1764157097979,"created":1764157097979,"remoteIdentityKey":"BVCVaYM5yUQuB5CWbXeaYRP8Wkn9s3xEDrnUvcrqQUBQ"},"_chains":{"BVBlvmUe5Eklj8TfXEuLaVcMjYarQse92/bL10tHYlR1":{"chainKey":{"counter":0,"key":"lnm8oHsUDZ2bM3E4dkOE7VqBlY3g9xMiNlDWkB22l2U="},"chainType":2,"messageKeys":{}},"BSMow9570uUen7ctRQgGqg9ZUasKZUFpNYIXtlqFcTcF":{"chainKey":{"counter":-1,"key":"UUT78ejvl0BDVx+Tll6ff+L/fWJDvLQHQFfRwB6yIlA="},"chainType":1,"messageKeys":{}}}}},"version":"v1"}