{"_sessions":{"BXkKCREAeo0obr87zlXcmhU0RGtsAy/+oRfq9Dv8eLtG":{"registrationId":1315484640,"currentRatchet":{"ephemeralKeyPair":{"pubKey":"BTwuj6MXZNfYJb6SaMAngsL0EWxLCiTkN4Mcx+9VptdX","privKey":"oGE90l+RmzM2KB2/nv5N/rQX0SEtFNvk9ro4Nq1G5Fo="},"lastRemoteEphemeralKey":"BSCQQCzihl52BXTxWkGg2LLoq5GwnirIPyPA86+Yh9o2","previousCounter":0,"rootKey":"aYTNWXRmWWIiJ7DZOCv+tNq972PNBqg+4w9fWSjVnvQ="},"indexInfo":{"baseKey":"BXkKCREAeo0obr87zlXcmhU0RGtsAy/+oRfq9Dv8eLtG","baseKeyType":2,"closed":-1,"used":1764156494929,"created":1764156494929,"remoteIdentityKey":"BYAzhVhuHLprljCSo/Ac9GVvmCiDbDTMZnr9pguuvwQM"},"_chains":{"BSCQQCzihl52BXTxWkGg2LLoq5GwnirIPyPA86+Yh9o2":{"chainKey":{"counter":0,"key":"t2BUHTFA/o6VtmzEFyNCepJFHWMqRKkbnMeynM0Bkok="},"chainType":2,"messageKeys":{}},"BTwuj6MXZNfYJb6SaMAngsL0EWxLCiTkN4Mcx+9VptdX":{"chainKey":{"counter":-1,"key":"HgZqBsin07bod4/KvoTLAtfS5jQg2r1NqzmzLudSmwA="},"chainType":1,"messageKeys":{}}}}},"version":"v1"}