{"version":1,"hash":{"type":"Buffer","data":"yB+f3AmhNHemh9DF6DcQNaDZ9KN5S7avUg8/JzWwbVvLKsgE2WXTKAKq4ldv9KfO94f3uYmdDMGE/AFHWCBIJi7nqi6T8/Mj23sEWaWTnvKCCw79zdJscCYlJSTnq1EaxQbtoztqixGvlybL6Ea7WNLjyqDL3KsLCqWvAXRHxzc="},"indexValueMap":{"L6IFuTU1N+H8X+EoW8EYW8IOF740Sprt72m8Dqev83o=":{"valueMac":{"type":"Buffer","data":"zj9PT2uQxC9HaIhOF30xkRGW5enIr3ifET1v7F6t8s4="}},"l3oNwgUfIlIGV6L8DBWQTbIsjfe5+oBeUAxWNiRCGp8=":{"valueMac":{"type":"Buffer","data":"bH2Yt9rhinYxjaUkX6yWM2JASbceU69yLFfTMyz3I9s="}},"eEpJsBk9YjECUDppLi8tOR2MezBHxHov1NjfBUo/ZO0=":{"valueMac":{"type":"Buffer","data":"NimggsYAwNJN7+Twp3yUuYx6ExFKa5ZsoaZ6t7EITPw="}},"MvAOqMeYRshRC9/huowNwWavVAg6cMRpu9RooHXnwfw=":{"valueMac":{"type":"Buffer","data":"dtneFTlb/WrPCZI7oGTMtl5lb8xA3/TVFMX/An1IIA0="}},"KbLbKLENc33VriOeNo1wZ3bmzMDu0HP9ISgm31Rsx/k=":{"valueMac":{"type":"Buffer","data":"7k2n86dGn7IQ4hDjOw4ZUq0hsrKuSKOth5OFYbeIDbM="}},"YijmPiSnGoZIzMNVadF0WmSw9V3eyGH5HOnpEgcRoKs=":{"valueMac":{"type":"Buffer","data":"MlVSyvvkB7eWZah8vOr/wFswKYDn+MXC/y9r29uQMEo="}},"F0efkJ9uuT5q5AOLXXWTrBJvSqbb82hm7k0jcduOzMg=":{"valueMac":{"type":"Buffer","data":"N1L9aNew+WiLxQui2fYxMMIb23wb7vYDrbVRWDnb8ts="}},"gO3/y4zeIMoY4XA/XGCwYhS85BR5NDQ8t2T/rr8omiI=":{"valueMac":{"type":"Buffer","data":"AhDxszNmOnKlM0bxHtcTpVhHOPImuT6ZHoJyJdcT0a8="}}}}