{"noiseKey":{"private":{"type":"Buffer","data":"+MmgcajuyfXe5PadUBh1xsfbfXRCdehqRvp7AbIjdl0="},"public":{"type":"Buffer","data":"F3PKGrb2HM1ttAH4bdUr7n1DjpOSv4c70Use4f64a2c="}},"pairingEphemeralKeyPair":{"private":{"type":"Buffer","data":"UMwapQClWXwFlp1SWL5l1eNGypmQWAtabmETB/5A4GE="},"public":{"type":"Buffer","data":"up5ywS/W00gHf+8ptA6sFfQALTZgNWbY/4iynv2mvBI="}},"signedIdentityKey":{"private":{"type":"Buffer","data":"gAd4ekxqgSghqUs+WTG9o47fUIg9s3B8+uCu+2mon3Y="},"public":{"type":"Buffer","data":"xmlB2IC42tD6vhbQJOu5lUrsYP6I+Gw7OPY580RZmHA="}},"signedPreKey":{"keyPair":{"private":{"type":"Buffer","data":"ILygJHYM1f9lLQibqEeBifGlbtoftL8VUwFXugPipkc="},"public":{"type":"Buffer","data":"ttcFelNG+JkaHbwuP/CTPgIjf6p2UygMCn64Hd8b5Xs="}},"signature":{"type":"Buffer","data":"1e9jdr+G7sUuGAVXO+LSNUsiLF2EflHVwvDV/NTigRCOeK1qRfaVfo2vIdvVtnYhoF3oaZy4VSpctF6q8t1xhw=="},"keyId":1},"registrationId":118,"advSecretKey":"4kmTCKenSkD6xTU0sPYSyb3eFFHsP+9yjgItireUL3o=","processedHistoryMessages":[{"key":{"remoteJid":"6283126440779@s.whatsapp.net","fromMe":true,"id":"AC0B9764EAC70EDC7D46FC185AA266D7"},"messageTimestamp":1764148467},{"key":{"remoteJid":"6283126440779@s.whatsapp.net","fromMe":true,"id":"ACF73CE68302796A1AE96A18C6F8B909"},"messageTimestamp":1764148467},{"key":{"remoteJid":"6283126440779@s.whatsapp.net","fromMe":true,"id":"ACE4E8C0C4121096D909DFF9209E473C"},"messageTimestamp":1764148468}],"nextPreKeyId":31,"firstUnuploadedPreKeyId":31,"accountSyncCounter":1,"accountSettings":{"unarchiveChats":false},"deviceId":"u_tPEndUT0qST_OYBO8VXQ","phoneId":"3e231654-5407-450f-a4c2-88d3390a7cf2","identityId":{"type":"Buffer","data":"jKdg9LCwvivj7tMyq+1kNDFxbkA="},"registered":true,"backupToken":{"type":"Buffer","data":"xd5js0UQiEGkpqBpOLrMFxE8LuA="},"registration":{},"pairingCode":"GS2EV5HE","me":{"id":"6283126440779:13@s.whatsapp.net","lid":"24073946005684:13@lid","name":"."},"account":{"details":"CN3N1tQFEOuJm8kGGAEgACgA","accountSignatureKey":"KgrkuBw9NcHZFAemf5WAQGaZUSWxhUI8VYcYVEvbXwE=","accountSignature":"DfkY6wNL7PeIpWML7UhvGGKJTXksR8XV3POrFFHRj1zcTcC3N0n2+A+5GSKSYUlQ2nwneZWkWXw0W1aOOP8PAg==","deviceSignature":"wm2pZ41CAy7yfzm6dFy7vyMLnBEkjABZLsU9T4KsKc+V1k1GEEhxEsodOer20czBibKo+stlX2979AGl7JPPhw=="},"signalIdentities":[{"identifier":{"name":"6283126440779:13@s.whatsapp.net","deviceId":0},"identifierKey":{"type":"Buffer","data":"BSoK5LgcPTXB2RQHpn+VgEBmmVElsYVCPFWHGFRL218B"}}],"platform":"android","routingInfo":{"type":"Buffer","data":"CBIIDQgC"},"lastAccountSyncTimestamp":1764148466,"lastPropHash":"1K4hH4","myAppStateKeyId":"AAAAAOGv"}