{"_sessions":{"BakX/HZ4aLAg+vs7y3zrTy6QLLVQLE1Zck4k/RexGokz":{"registrationId":141047804,"currentRatchet":{"ephemeralKeyPair":{"pubKey":"BYBT6+tYy5iPWLSO56KftNUA0+LIsVKwAEgwdfYlPXVw","privKey":"yPXMGhciDIXOEcdBsjisGqUylp5N6Rjtway2PuhyDmk="},"lastRemoteEphemeralKey":"BY8yOmBnKwvB18Bc71qrj8z4muckOjdwtuVKN3L1i5JM","previousCounter":0,"rootKey":"Iz0cwZvCxWd10sYYXJd79ekeubLPo1+WCzcr/LZh+RY="},"indexInfo":{"baseKey":"BakX/HZ4aLAg+vs7y3zrTy6QLLVQLE1Zck4k/RexGokz","baseKeyType":2,"closed":-1,"used":1764148467163,"created":1764148467163,"remoteIdentityKey":"BSoK5LgcPTXB2RQHpn+VgEBmmVElsYVCPFWHGFRL218B"},"_chains":{"BY8yOmBnKwvB18Bc71qrj8z4muckOjdwtuVKN3L1i5JM":{"chainKey":{"counter":6,"key":"b4WONhiJp3WREY3lHFymOLWD8WUb72Thsb/FFpWJ7JI="},"chainType":2,"messageKeys":{}},"BYBT6+tYy5iPWLSO56KftNUA0+LIsVKwAEgwdfYlPXVw":{"chainKey":{"counter":-1,"key":"BC/lqn/woRkbrguC6/vP2JwjG3gPo6vdkD6HDwVVQT0="},"chainType":1,"messageKeys":{}}}}},"version":"v1"}