{"_sessions":{"BUBBF1vYl8ee0DcsbGR96k+rbX6a0MHSmBCm9rJd7PRV":{"registrationId":1914819921,"currentRatchet":{"ephemeralKeyPair":{"pubKey":"BTHCZkciOWXHWhqDuR462hHTXUt8d0HE87COMTrLoxZr","privKey":"oNTCoMX5Y/18k7OQcjdSEuO30VZNxqe8250u/P342mU="},"lastRemoteEphemeralKey":"BZ6zczyFZuJTVNAL2UvvIpie2u/mSldSzyMBddCcqRdk","previousCounter":0,"rootKey":"NtQqtCAL7H2ZitWddjWLYoXHZYw5Ry07Y0hHSVdwu1w="},"indexInfo":{"baseKey":"BUBBF1vYl8ee0DcsbGR96k+rbX6a0MHSmBCm9rJd7PRV","baseKeyType":1,"closed":-1,"used":1764148531921,"created":1764148531921,"remoteIdentityKey":"Ba4Fcws+4ScMAuKTp26UimWa0K07k74i7nJ0+d1drIgr"},"_chains":{"BTHCZkciOWXHWhqDuR462hHTXUt8d0HE87COMTrLoxZr":{"chainKey":{"counter":985,"key":"AMFl+1BVeuLhOfG4UY/htPDhSmclyXOGBgaaEnPz/jc="},"chainType":1,"messageKeys":{}}},"pendingPreKey":{"signedKeyId":2997731,"baseKey":"BUBBF1vYl8ee0DcsbGR96k+rbX6a0MHSmBCm9rJd7PRV","preKeyId":1763489}}},"version":"v1"}