{"version":1,"hash":{"type":"Buffer","data":"UrscyVyOchSLzv3cQNa2MY+TRhQCkzawOoRkt99oq5RJ94LpnYqzXQLcXZH+h6agL/+xqFBRw+7LrA/QF08aLbLvKL6SLigVGC+l+3YQvfkeD6/BUKtJWrVQXoCC3w32mmIoWpDpZVXhE/XFAln28NCXaaK3d7JSa3v9IXFtrTc="},"indexValueMap":{"rGBIOLvohbxYv0wxsNcbGYZLi1BLsdWqh2csKDjay1o=":{"valueMac":{"type":"Buffer","data":"sJI/8wLFLHpkIqD+nXSkms92tXveTfkaSAARwEV+skE="}},"VnhGGzwhubaCcATqTbEBsBKqigNYAm2mUvBq6ALN5ds=":{"valueMac":{"type":"Buffer","data":"gNi1TXfCB+0uUEZySYkD3TliF3Bh4JevTILOwljN6q4="}},"BHPZg2k9UFQ6OlUKoMgGwvF21PofDDjUciWS84dlQaw=":{"valueMac":{"type":"Buffer","data":"OKo/FbjzsOecWj48GavM/PwM0ff0qmAJKQ0YdhUs2sY="}},"2OnFk+pUc9vfqAG8B2fsaiShBhhn2rx/B0DfhvNNq3k=":{"valueMac":{"type":"Buffer","data":"WehnbHFoFkivKhM9MKDZtgNFC971ZhVuHF3SJ73IEo4="}},"2LqoydqKFlhAPzRlZHodXrc0xMT6L9L+ksropvFl5uQ=":{"valueMac":{"type":"Buffer","data":"4+gwCZTXlhiJ0oQbwGyxm7jsFAAw3ErRQ7qIMqzXa1w="}},"TA8eTX4Qbab1OU64xJ46t2bN8ik/Vc80FwStfkhl/EM=":{"valueMac":{"type":"Buffer","data":"VyMuFhi2ujgrLo2dX72BwXTizC+RMnM41PvO9PQxXH0="}},"j05ypAYl2OYi8kvQ4zrsFYzasLLh3OkFqAgt29Xxv3Q=":{"valueMac":{"type":"Buffer","data":"vJfrWby5DZeTGbScV2h7qb7hqRdPrgouH0ta5G15vOI="}},"8KXxk4PGQTgZOyGe2rYVx/k8kcXr8wLqUkZ+g9VV7T8=":{"valueMac":{"type":"Buffer","data":"2kHPraT4X6uz7Tgkv3DIBxPv+w7GZ3jVjv1rDWvAJGs="}},"TPwFGBeTEsMk/SG/l4QPyB5VYnBm0H1BDEPBAMHN1Qc=":{"valueMac":{"type":"Buffer","data":"63kkeKK1mJQWkYQujrLosrGDHGOjgRz5frHeaDMt3zU="}},"pre/CMqZ6iXHeRNv0VfpDwhBhI9nX5mKONJq7GYumeQ=":{"valueMac":{"type":"Buffer","data":"+4es3H4xq/oAYQYx9Z8dY14sftp2F/ZLwuSbs+VGa+0="}},"VZ441nCUfJfjIacmAaqTC1A0K62FHPVQM9lD3kKRXdg=":{"valueMac":{"type":"Buffer","data":"bmg2ip8JxnS6BypizDDvKIlu7jdEciVdrBy0J9U91iM="}},"NP/bh1PtwAnRWiIeB7QCGrrGw8dZ5EwrTGBHeWaOHgc=":{"valueMac":{"type":"Buffer","data":"6zfr6ofocU3Axq+wZNsD15t8jy08+azN56yEHVDvIio="}},"yKWmyuH5iT+JwH0qaO3i4Cpyn57QYql86tUtcJYEmPU=":{"valueMac":{"type":"Buffer","data":"hWE5jsLFwgiaiJmgrfPBFiE2y8TpHYnmg/c2TkUTCkM="}},"16kFGCFIkSXCJQs4FfsLRnAmJ/y+nyFDpBDdsyZeQPg=":{"valueMac":{"type":"Buffer","data":"glLtp0Cwdgyi5yOKDnFz+hFCayPkzLEScsPYmMAC2aY="}},"aEbdgbVJXov4R5uBUKKwkHd+PmMkDeIXZ/3P9SeiPK8=":{"valueMac":{"type":"Buffer","data":"7s0V1IjIrp36JJimF122OLeOXJb/w1ynwGbx+SlxDyY="}},"2dQjQW6uVSyeu24JieqqYO+Os+I5g9FGWGyW8fXqp8g=":{"valueMac":{"type":"Buffer","data":"4hqyq1TcvwSySWdhFY6oxvho+06J+kOvyyV68kfYnnk="}},"t3kaKs+iBwGmm6idzmPAjcLo7zL6PaVO5gtR4tyfFJ0=":{"valueMac":{"type":"Buffer","data":"ZVJb7wUSfpawjmuKf7SkE5HGm5hdZ2JAnNYxSWWvk2E="}},"R3XzIfYk55mbiahdFxJplq/uKUPWmC/bjXOGFBw5jzg=":{"valueMac":{"type":"Buffer","data":"/1uCcTu54r49CyTMD1WvKax9075nHHSEggv27mQrLU8="}},"HDjqw0ARbW2QZlbhDEFsmiWXnaPCHsmlqaVx77jrNic=":{"valueMac":{"type":"Buffer","data":"OqqK4fXVtY39V269YDt3bdHLNGmu0dKy5IhZ/60a1PY="}},"4Z+c0Of0QfiGmUzRAvMavxqLYiGx5SPmvnD80VMP3FU=":{"valueMac":{"type":"Buffer","data":"UjLL6fEMXWvfiFBEhndsJBDASd1/8OUqkfN1waYtSOc="}},"IBOeLwIzHN1tZ8tsXFlN1Mqkx9zhLUycCspM4px7s8M=":{"valueMac":{"type":"Buffer","data":"a7w3W/dN8OvHUNtN6/Xg8NxfFj+0RnKyQ0xpCcXJIHM="}},"Wo4K9iqTUYqw1sZayXQ1j9M4J7V3aOJk4I5KR/qmTzo=":{"valueMac":{"type":"Buffer","data":"RKiuTYnlwQ+LzM+GfExp7ORisNon8Cr5qcV8vG9oq3A="}},"pZrFoJtjK9CeDpenFhEmHV5U1ulXxuoNtdLRI1UeVeM=":{"valueMac":{"type":"Buffer","data":"XY6d4bUG/cWVPBl4pAwUW2jM8boxvptvtBPMO/oR+/g="}},"xoAEfYFeLbfvn9/WfU5pWIxO0Fh72ev7+3agwotPcso=":{"valueMac":{"type":"Buffer","data":"8ouJYZ7LJD3cBSqP+Ry2Yv+pAuA2A2c4pAIMDeEAEvo="}},"LUdiU+RAxY788h53GQBUvrLgai/Z8R6O4pEDsWMASAs=":{"valueMac":{"type":"Buffer","data":"LbArGFcEYyVO0+G8X5LzMSUt4cNAL0n5bz1jO9v6ePc="}},"rnxhwdHCkZUUTBS5i8MdjzisL0w+W5gytZnJJRpPb/U=":{"valueMac":{"type":"Buffer","data":"rdQD/GD9luZzdDFoBwP/YiiIC3m4eQ/6IObpwq3uP08="}},"ybtx1K6RZgRsCzoPAr+hDVlMhZKaeErepC9kWUAgPRs=":{"valueMac":{"type":"Buffer","data":"blWUzkEhV4bqx08fTh6HeC1L5LnZ7dtYS10lSPjGtng="}},"1mXq8aMjKaHe/eCiC0wJb3SgAdboQ0wJL8CI2DWqle4=":{"valueMac":{"type":"Buffer","data":"P1DJY+y2+JgGAgDospucdiGFrXCTZ/QcFPpG3y2Nogo="}},"MY5GFYGMNr56uOuwN2JgWF+UHy2RgizlL6iJZn/b+Bk=":{"valueMac":{"type":"Buffer","data":"aKQsYRX4kZcvsOPVccFjYhOJqO2KjkZTRFHrvH7wxNY="}},"Q3N8pvrNRMdH0ZrMcgUpxQ4zRCH8rr777nprjr+K9Po=":{"valueMac":{"type":"Buffer","data":"KbB9c1WZM0bhwkokcZmlMTQijRE60MS1oj4sKX9Al18="}},"LTi2fybk4ifXtEowyrZXaMgbT300FwrGD4YJ+YgxEFU=":{"valueMac":{"type":"Buffer","data":"kpmjLxuOwlT6K1hMgNuJp6V1e2EVo55ARKjCMuWQp74="}},"g/8Eh4P3eZSnP0WmkaD9MoYTSlhU+q3DX/WpGUL/82s=":{"valueMac":{"type":"Buffer","data":"lWLp6oYEDzZKLsqTsGHQ6dNJ46SupGVrNw0zZaY1TPo="}},"VQCIV02XV81H4rRwp4iibC9cdTgWDOqsbOGddMePGjo=":{"valueMac":{"type":"Buffer","data":"E/SNIx+Y+yvYKGFLexnKxXptpurBD/AQvOhzrwAik+M="}},"l2Nycphi1oJQc0jJSAF42tyTqVo7JCscq7UvPB1a9nY=":{"valueMac":{"type":"Buffer","data":"Y7OZLpxHRLka6JUAiOmQW49yMJOJlEDbBpB/9F6w2Qo="}},"azB4HFu+LgvO4vDqNw3W/+2QJpeF7qQdItaMm+3laI4=":{"valueMac":{"type":"Buffer","data":"P4gEwtD7weZGGbxYu8w1RpdN3BXVqft5ajm5P4TGWro="}},"iwWNH83AFaA5q5jEyIaIGGv8VFy7t/hnLAvp5R8IC9w=":{"valueMac":{"type":"Buffer","data":"SusjFghWza5dVPwWvKHnE1gJhqiN+xWcSOBJtI11ZvE="}},"CvAgb12eqQXdXdbj+E9sSHUFjGua4AEhTx56bjn06dA=":{"valueMac":{"type":"Buffer","data":"UTZMIYIVC1V++71+hgqiE8JiPtD4R8pAnORhCuG/XwU="}},"NX2JfW2LrWtb6k/BwjHsOn/FWSVrffqUSPcQm4FwMmc=":{"valueMac":{"type":"Buffer","data":"0tU1d+FEpatRhr8GCde89qLIKPjeQB3TUqhdkev0riQ="}},"mYdbRSQ27d6nv1tajNLfOf0fpowPVmgpGoD1BdY1y+Q=":{"valueMac":{"type":"Buffer","data":"zM/AgDsy2loZCK67wXcePIEi0Tr5F+UD1xOMzsMSn8g="}},"4YXtnCbknkjC75BlUhI1Khb4Our5L0lQKNjkKdEAI1g=":{"valueMac":{"type":"Buffer","data":"0HTS+34mPG0Yw/zYLLN+RtWMDdJ5OwB39Mw2lsFlm4w="}},"ya8O4bUiAY5mdlKGZ0YcqpoaNea+T402uqe5fg9sqao=":{"valueMac":{"type":"Buffer","data":"1BOzVShLiqxUSHYaIxeCgCsDsSR6ErAWVA971MgtjnU="}},"1cy0+jOtQOmx8qoBd6BX37l5XEPWC9ySWnw2sX8RiGY=":{"valueMac":{"type":"Buffer","data":"1XpAzl7PKx9Kp0Q1UrMS8XqaaRxPjivtaldQhVbem6E="}}}}