{"version":1,"hash":{"type":"Buffer","data":"jnTFH23G1YbgaMNixWGs1Mp/oIL0r6RKr4eY3Gu1eX83X8oZkc4VbbzkRxxpvEkmUJuto8gHAiSbV2j2RHTw+X5jUlpJH4qGbHb0TDnThXdfuHQvOi4N85a53YQoL0nXJeD3tbuD2/T8yzvmWNZlU2hO45N15eTrpGmILpw47fQ="},"indexValueMap":{"UonbIOcASlWXcPmPFMlsPDINkLl7dRMmtFtAwceICqc=":{"valueMac":{"type":"Buffer","data":"KIIbokeAKAGjgH7Dj2r13hzDZKQyFHWzz9ae/HwC5+I="}},"FXr5y7vYyC4twfWCwklZX8Vik5M1n5eAU5B3QIzVp20=":{"valueMac":{"type":"Buffer","data":"VoRJnq6/QgjVikDjwBf8GAAORi6GspBqYpyHv8tA46s="}},"pYSOxGtka3jv2WUX4J9nThpYQk1somhBYWfW+ZbSIzs=":{"valueMac":{"type":"Buffer","data":"0l4s06q6flYR5++qpSDOVUEWSE2GeZ5CUR70r6zpegU="}},"D6TE43vMQ7jsOJscWMzfC+D6kcTWWgGPs5vKSKUnTI8=":{"valueMac":{"type":"Buffer","data":"PWFzmrwuqfpKTD/WE+Dq/kvvxJ54bbe64ZkcTp510CI="}},"F/l7wNuzWAYjGIRWIzYR+fIMBKGkUrZLV0alAIpFGdA=":{"valueMac":{"type":"Buffer","data":"urlala9a9Y6c+4nOv+xHGA0keG+3p+B3FWOVFFomxcE="}},"3UfBMIfH1d1YZb10G7ztPmT2NN/ekVGBqRwM6lKHUDA=":{"valueMac":{"type":"Buffer","data":"Ax9RuXvDqUnDGsYOOVgkTKFolNVzVfE3nC6gjRg6w6c="}},"N6yDVaOH910B0nSuoLEkG8LXl1D6PXFxMmPdfK3/QhM=":{"valueMac":{"type":"Buffer","data":"M1DvGFTcS9Ne6jrCm49rekLZO3VKGFYzczcjd1dILOM="}},"0Um6GbplLElGuGTRiV3l6MSq8T4hbbxtt2QtxSQpljw=":{"valueMac":{"type":"Buffer","data":"A6RMi1camUM/7CU99WIrESF7v08LdFG4o4Hty1EP5k4="}},"HLINn73QCFTL/CQDADnqCsr4+mLGBFo194HivMeEfFw=":{"valueMac":{"type":"Buffer","data":"dm5WbNh4iyxqCzeQnjJir0pCv47nvVskoyeDVvSPC30="}},"9TJbGxc5gVxeClVVGCKXc4DV3x5gEGXR5Bjfpp4oifM=":{"valueMac":{"type":"Buffer","data":"pnCgIBT2385xQmL5swa2Gv9pIP/aj7Bz4QHTIV2ULyM="}},"cvZR7waQ14f1hNnDyVp0DaWeH4HTcxcfTUVQYj0BFeY=":{"valueMac":{"type":"Buffer","data":"Ra0qkNBEslUQ39KAi+9OZDOu0W4Tqzo+H36LR5ylKxI="}},"IvG5jXdoYb0qhcTWhLjlwlBGDzzbpKv4pyzcD42laIk=":{"valueMac":{"type":"Buffer","data":"jGs4MqcJX/AMSHJHtZFQSCpWjodzGA1sSht/YtKW3cI="}},"XDSxE+SIOx1PRPZ+BvJZLlu6DZwchJNlgxp7IhlAFWw=":{"valueMac":{"type":"Buffer","data":"Ak8vE3hBQ7x637S6ZfXxi33p1ImKMEz3gHsP0/YaHFI="}},"oFcgnNCcbOaZA4rK6jKRyfOvHsqX0vTYpVANdNA6WNs=":{"valueMac":{"type":"Buffer","data":"bW48RAzAZtAVaREkcVqvSEUgSQrktSMV8saWqs50E7g="}},"ly8M0OIhUVwgTL/t2Dz6tT46iEkJ9Bb4Y7+TF7nrOjk=":{"valueMac":{"type":"Buffer","data":"DZXW0cHfGPOjfVLAN470AAtjW/JAaGVEQ2oxDvACITM="}},"ih3iSWjp6JdbLFYr7CIDnKRyabVohSnzj4UZcgNZwiQ=":{"valueMac":{"type":"Buffer","data":"9kuZO8Ki9UphLiZ63skFlW7YJ1+6CsgPWccTX2TvNtE="}},"4SBmMRufmbIZQ548TfInpenmf5TTG9/vLyZ0+5w8lNg=":{"valueMac":{"type":"Buffer","data":"ZO5mhi8iverbFfzvX3v2H4XbZWwmi5lLGvnA4mVc73w="}},"YrDJwiq72IsG/GCXOL2LCtnt48uVkzVqwMvD14V5aQM=":{"valueMac":{"type":"Buffer","data":"sSRjdNF0xfthHUfPPzbNI6+tUWDf5iTxq6bEmo46q9U="}},"38PlDPVkSvrurtOWviaTH0pdEBfhC8brhS7cGtPbFK4=":{"valueMac":{"type":"Buffer","data":"evyts5m2p8hVL7BRnX5EcvziXshmSABNa604VF5uX/4="}},"j3UnGL+i8IgLKnJ1jtTfaxsg0IN/Z8+s4SfF9uogWNo=":{"valueMac":{"type":"Buffer","data":"U9KBFXINZWG3GwCNBPJL3hDM3ddqfscf/XFQhpMEI/8="}},"Hxce7hKqCziyzr5JRsDyRoeiKgOAGb+DEoxkLphitdg=":{"valueMac":{"type":"Buffer","data":"AS4vVXNATDHQniZ0SAYf9HALKOFsmHzVB09yROVwX2E="}},"0wvjJSLDovJfMVNj0qnT0Uo4oy7h/2asvug6I3CAnhE=":{"valueMac":{"type":"Buffer","data":"wsAmnNjQYPQBtyJ65ZhRFnzODHfUDUYNSlxcRdfUW5o="}},"IakuAJI+8NNBZNNOiJQr/AIseuEOpOWOjiVvtEjJcgk=":{"valueMac":{"type":"Buffer","data":"Sv3Nh2uokuKAZPI1In+Ksxz2tc4tUFrUDxVi1TTg0HM="}},"v7Vmlfin1CRyfNy8pk3oOVWzcdQm873u6m5Mtz382hU=":{"valueMac":{"type":"Buffer","data":"KTwIu6vrk/B5ctyHnfu6I7TNTqQcOm9FxzF3m69R/fc="}},"qlbHlpPgfkRRcBfRDUAbpdxcLpzKiNfQ/3fJW/gxNdE=":{"valueMac":{"type":"Buffer","data":"3xboBh+NpLHpZFNz9p0GPKmbQva13TwzwUs3P0/b4Bc="}},"oz3BqxJNbyrNaHRLXqexGFloyGZaGc7idgcXXYAXQWw=":{"valueMac":{"type":"Buffer","data":"z7yqbrCXx0fdjheotyAA1OVX3AN+p1xOd/kRlWg3ieM="}},"9BuVlpv/Qs+CVpVOzwwWvTVJ9fsh8pyFJLZQWlPH19E=":{"valueMac":{"type":"Buffer","data":"/4sKqQQorIx6s/0jjbXHfLAMwj5DcjKM7/1MdfL1wto="}},"IgrpmEpjKAycLGxF3rtbMgFNqImSzicfZvEzIPfW4FE=":{"valueMac":{"type":"Buffer","data":"4/WZ+JGAmq7UNJiv2n/DRNlxDKiJoSxRBWuxKuJfrf4="}},"GB4tmisiK2/xE0qbToZ7TcfoKO0SbgDtudYh1KPuv/s=":{"valueMac":{"type":"Buffer","data":"l1WR6MxR+HYUHjPmUIJug4KXcm3UTjNdpvScQV8v8xs="}},"+VAVwN0AGlnae1e1JkriLjCSBlbE/G+75ewbVvL7oQQ=":{"valueMac":{"type":"Buffer","data":"XsNp1Sfe6hDaEOE1/HjBkkV2RoSG5CrBp1NRa38vgq8="}},"RuIFPc4CUEnC5LZg1/4ZMj/VzJXhWQft9ZJNSsrtG3U=":{"valueMac":{"type":"Buffer","data":"iQlNvRF4T80nDUonyo4VafJs4OLnijWdDGrdqtKcS3U="}},"/CXEfx8KA1qsoai7gLPGjMTwpnZA7zjfmfsghJn9PHw=":{"valueMac":{"type":"Buffer","data":"FgN6WtY5mgs3GLQ6kkjEpJCpbtJKZK/2oClNWMXR05c="}},"APXoRkHTS2/ho1xGsRlK/5BymK0LJzs/l2pUq2wIT9Y=":{"valueMac":{"type":"Buffer","data":"/B5I2CYaM82rlWLRapSqVUGw91GbKH8/xcV7UjSMk0Y="}},"SYMA+3sehQfBmkz+PcHuWwBRYdraz8/iK8Uia37XoZo=":{"valueMac":{"type":"Buffer","data":"vSp5QivxtWOYn9bzToUvRUzbTVMBkHlbQRjAWDU3Ua0="}},"jrpDwKzKxJWYOpIy3G7BcmA/97ha5lwQvGu0P6e4W1c=":{"valueMac":{"type":"Buffer","data":"CtDHtKb//gOlJ2U3QtnaDN8rTooGqJ6jX9YTZIlC/7A="}},"DYK+tKRjHVikaa+ga9mre1jEQLH+VZNjjxaBx6vHK6w=":{"valueMac":{"type":"Buffer","data":"uuBhRWQQpWmokB5rhKLmf20iQVQ5BqPdbTc2wjizaS8="}},"icMMNFfVLKgyLSN4uY/ID0tEUNqu8IRHCco9MfnUvm4=":{"valueMac":{"type":"Buffer","data":"tEtuhgKoIj4VNfEvx6uifkljnDGejaz6jcir4D/XU9I="}},"xQnm00kSFEPDqShFrNmbyqXz6xp/vL8GA5n8v16OYNs=":{"valueMac":{"type":"Buffer","data":"S0fcvA2Kk2OabBvrMKM4cWiw+2E5//j5Q1oT5QkBGjo="}},"l1KxW0vMpplZFLcr3A+Ik5+eFZ15p09o2qe/FqzSw7c=":{"valueMac":{"type":"Buffer","data":"PyX621d30EThNjA9B68MUea4O0e2UWnv1Qejh00kfvo="}},"FJwrVzMHm39oZ9CSMRx8lqXM30CNEea0dFZuT3Wo2y4=":{"valueMac":{"type":"Buffer","data":"E4NCyvPAmocNbwZVaB1r76jqzkIknWvz1GRdz4KmmLE="}},"UCUKvmOpTVCmg3YEw1hhlKI92KY//xBPtMfYgr7nRwQ=":{"valueMac":{"type":"Buffer","data":"p7B954fkuz/v7wj8+2BhQSlDJpPfxtvrwobUevBiEc0="}},"bw+PdZTOMK1VwjDJkDJpoF5RzmQdBgwk4G+EdQVPjZ0=":{"valueMac":{"type":"Buffer","data":"BE7VVd5611HyzUhEeyzDInLd1DksLg3jDZleXO4WqQQ="}}}}