{"noiseKey":{"private":{"type":"Buffer","data":"SNEx/KzADaiNfV7aQ/MbLBMO5VbQ5RjNolIm1Jv3ZEM="},"public":{"type":"Buffer","data":"44Au4+JX0mdxiL0IndchCocKhGoVOK4DE0prWf96ryI="}},"pairingEphemeralKeyPair":{"private":{"type":"Buffer","data":"AKeosFvY2HNvj7FHxoEu2goNfqwTgczeEfKGhlAeiUE="},"public":{"type":"Buffer","data":"yZmCW7FqGJsdQowxHBhtkz38VdAY1YNk464C+u6S3XA="}},"signedIdentityKey":{"private":{"type":"Buffer","data":"kPQZoNTAotbOduW5a9jsHw8mrFoa0CAJ9PvVGBlnJVo="},"public":{"type":"Buffer","data":"Iy+b4duEy8B15ezeSjs3hePhp3s6HCa2xfVsjSpFBxo="}},"signedPreKey":{"keyPair":{"private":{"type":"Buffer","data":"8Pu1jNjLF/GWBU7E4+vjGVigNPaESZR3H+n+bwwB9W0="},"public":{"type":"Buffer","data":"3lfSuGETOown3TFOekVUoH2Xy7wfdaKoP/SaC56ndFs="}},"signature":{"type":"Buffer","data":"58wq1YqZkAikihzyu1qiqy5n67N3b/eCdC5s0AIcrFYzlJiRAH62skrRIS97q0ymcZc1WGp27fox0+3WKiJfCQ=="},"keyId":1},"registrationId":195,"advSecretKey":"VfR/ghjpFcPHiTAUkSVVWMMvrDAnESLiexQZ0Fhdb/I=","processedHistoryMessages":[{"key":{"remoteJid":"6282189777166@s.whatsapp.net","fromMe":true,"id":"ACEFD57A6BABCC6F6F3D1F013B28976C"},"messageTimestamp":1764151113},{"key":{"remoteJid":"6282189777166@s.whatsapp.net","fromMe":true,"id":"AC418B1A1142821BB092A15AAFCC6D85"},"messageTimestamp":1764151113},{"key":{"remoteJid":"6282189777166@s.whatsapp.net","fromMe":true,"id":"AC7BEA45BCF11921037530AEB9C7EE99"},"messageTimestamp":1764151123},{"key":{"remoteJid":"6282189777166@s.whatsapp.net","fromMe":true,"id":"AC4C03A78D1354650D017B937CC3A7A8"},"messageTimestamp":1764151124}],"nextPreKeyId":32,"firstUnuploadedPreKeyId":32,"accountSyncCounter":2,"accountSettings":{"unarchiveChats":false},"deviceId":"lsFSxUuPRVaZyRHObnOuJw","phoneId":"ab1041f6-3cd4-408b-869a-ba717eaecb53","identityId":{"type":"Buffer","data":"5A6+NCMqRBs14XIeP3prRlMSe94="},"registered":true,"backupToken":{"type":"Buffer","data":"ITexy0qkLpg+7cTFx3tN6l4Ec3E="},"registration":{},"pairingCode":"PX7QVZDH","me":{"id":"6282189777166:6@s.whatsapp.net","lid":"266451801903155:6@lid","name":"..."},"account":{"details":"CPm71aUHEL2em8kGGAEgACgA","accountSignatureKey":"zVMOLhe6UrAFVQZ3/j43ro1vDBJ6+soXxDR5tCp0rWA=","accountSignature":"i2sLLeSVJEYYY+eT7UzIVde+nSFFtmqy660IVjaJIzVJBItKshStH9lRH+9h3y/neXO8BwgdseQg9/n8RFI0DA==","deviceSignature":"Te3MUA+/mVPWCagMzdwwtjJ9+Adtnmv+89+zR/mgdze14IHahtcG9MXfokLDpRV7E09f0FDvh6opwaza1PyZAw=="},"signalIdentities":[{"identifier":{"name":"6282189777166:6@s.whatsapp.net","deviceId":0},"identifierKey":{"type":"Buffer","data":"Bc1TDi4XulKwBVUGd/4+N66NbwwSevrKF8Q0ebQqdK1g"}}],"platform":"android","routingInfo":{"type":"Buffer","data":"CAUIDQgC"},"lastAccountSyncTimestamp":1764151110,"lastPropHash":"1K4hH4","myAppStateKeyId":"AAAAAM3G"}