{"_sessions":{"BeHQFPU1naVgU/CWvwTpTNOJHSbcgh1HwAoKPNEiX1AJ":{"registrationId":801390280,"currentRatchet":{"ephemeralKeyPair":{"pubKey":"Bdi8WlRUN2Rczy5pnTxJ6w/ZRlVybBbjHX0D1WvZEsA5","privKey":"wLdbS2OY2beUc+iDRkcExRTslaN0UGt6n/SUEUIVm28="},"lastRemoteEphemeralKey":"Bfesw7V8KNOV6MEguXoyhXaO7cSKDAiQg0t9Wk4oX4Em","previousCounter":0,"rootKey":"5ewL3kdBtlu88yHTtESG8vdo88Vwymt4LBXgPnpy0n4="},"indexInfo":{"baseKey":"BeHQFPU1naVgU/CWvwTpTNOJHSbcgh1HwAoKPNEiX1AJ","baseKeyType":1,"closed":-1,"used":1764159550797,"created":1764159550797,"remoteIdentityKey":"BWcMw3QG0WNX+pwKzx3IFsXVHXVF0R1DO8eBO4B8OFoS"},"_chains":{"Bdi8WlRUN2Rczy5pnTxJ6w/ZRlVybBbjHX0D1WvZEsA5":{"chainKey":{"counter":5,"key":"xvj8W55P6GQuyNC1OQ7fgkgQl+/UFWOgoi828CnHaXs="},"chainType":1,"messageKeys":{}}},"pendingPreKey":{"signedKeyId":7673494,"baseKey":"BeHQFPU1naVgU/CWvwTpTNOJHSbcgh1HwAoKPNEiX1AJ","preKeyId":1867035}}},"version":"v1"}