{"_sessions":{"BQX+o6o/+BTpALf1l8qAyy0boPHCiAHKjohhiNlg8BlC":{"registrationId":1769627939,"currentRatchet":{"ephemeralKeyPair":{"pubKey":"BTKlBzuP4Yd7jSMulnDARl77ADiQ+jFBaA8jPRTUy9Z9","privKey":"GIrneRdrOyRH8V6xK/VUTN2zTrQjuJbMCCifis8ppWk="},"lastRemoteEphemeralKey":"BSWF1YGsEiQTJxiqZKdti9BZaOoCZysMXEF4EsSa83B/","previousCounter":0,"rootKey":"4GjyNrn2s0AgW2OMtqD1X2qS3pa/JzC4FX77vFTbLhk="},"indexInfo":{"baseKey":"BQX+o6o/+BTpALf1l8qAyy0boPHCiAHKjohhiNlg8BlC","baseKeyType":2,"closed":1764154147954,"used":1764151844717,"created":1764151844717,"remoteIdentityKey":"Bc1TDi4XulKwBVUGd/4+N66NbwwSevrKF8Q0ebQqdK1g"},"_chains":{"BSWF1YGsEiQTJxiqZKdti9BZaOoCZysMXEF4EsSa83B/":{"chainKey":{"counter":0,"key":"s03UU1oJxk2OG72aiT/J+6COxoehDFqvW1S6NyBzOQ4="},"chainType":2,"messageKeys":{}},"BTKlBzuP4Yd7jSMulnDARl77ADiQ+jFBaA8jPRTUy9Z9":{"chainKey":{"counter":-1,"key":"Vh8/zrm+9dtujoIapmw0U98JP2gpYOLBPBDHNWG1TrI="},"chainType":1,"messageKeys":{}}}},"BVFi8YorGXAB/hZd/mwdvTUbVTUFPPqfRxhHsfs8BzAZ":{"registrationId":1769627939,"currentRatchet":{"ephemeralKeyPair":{"pubKey":"BV7iE1eYEXkEZexxsXLMTCDcknMJHPT3uHtD8ds+i1MM","privKey":"eDBwUOpFVeBVptQp/Euiir1VILMqsshexIoFbtPP3k0="},"lastRemoteEphemeralKey":"BcZOmf9LEwD5FsslyxyJ/qYGDVebu3YbEG3iTOj2q7gB","previousCounter":0,"rootKey":"B+rGkYJ3Iw00WzlKdjjWgmkFE+pIXlZDASl4fQ+zgug="},"indexInfo":{"baseKey":"BVFi8YorGXAB/hZd/mwdvTUbVTUFPPqfRxhHsfs8BzAZ","baseKeyType":2,"closed":-1,"used":1764154147955,"created":1764154147955,"remoteIdentityKey":"Bc1TDi4XulKwBVUGd/4+N66NbwwSevrKF8Q0ebQqdK1g"},"_chains":{"BcZOmf9LEwD5FsslyxyJ/qYGDVebu3YbEG3iTOj2q7gB":{"chainKey":{"counter":0,"key":"GdabHcn2pWnoSrmiYA8j7jX2Y+YhND3xAUB9gnM78VE="},"chainType":2,"messageKeys":{}},"BV7iE1eYEXkEZexxsXLMTCDcknMJHPT3uHtD8ds+i1MM":{"chainKey":{"counter":-1,"key":"wqkuovIbO6l7qPQJZZQYx8CoTM8TvyY+5u+Go4IRC7k="},"chainType":1,"messageKeys":{}}}}},"version":"v1"}