{"_sessions":{"BYg6EbyWKMbK3+Xg5HX/m7PTj2LJ1FCmj8uaJduMEyw/":{"registrationId":892614329,"currentRatchet":{"ephemeralKeyPair":{"pubKey":"BSRsE6wFZsPciXum51CiIhjgN4TnxPIDT62wKZeR9o8Y","privKey":"MFaLY4Bs/bFOSYgFGA/X0SIF4SWXjilrvgIUhbYVSkM="},"lastRemoteEphemeralKey":"BSsxxYQNWUc+MZV/dXk+vUbFyz6OdIQ2G1jzRpuWV3VW","previousCounter":0,"rootKey":"/66zkq2/GM8+r8cQJXfYrLmc7jAzEq2T+hitfum1TDY="},"indexInfo":{"baseKey":"BYg6EbyWKMbK3+Xg5HX/m7PTj2LJ1FCmj8uaJduMEyw/","baseKeyType":2,"closed":-1,"used":1764152709943,"created":1764152709943,"remoteIdentityKey":"BXRisu24iSeTIrxa2mw/LWP+UCPeoWM0HxTq3pA6NwRV"},"_chains":{"BSsxxYQNWUc+MZV/dXk+vUbFyz6OdIQ2G1jzRpuWV3VW":{"chainKey":{"counter":2,"key":"+VGYcZHauzBRSUhPSvxLYq8WtsRXy482b1y5UZ9LNsg="},"chainType":2,"messageKeys":{}},"BSRsE6wFZsPciXum51CiIhjgN4TnxPIDT62wKZeR9o8Y":{"chainKey":{"counter":-1,"key":"wlsH+kEV/ArUj0YCUzwdK1HaHrywbJbuWkcF0Hk8XB0="},"chainType":1,"messageKeys":{}}}}},"version":"v1"}