{"_sessions":{"BXYP+uPHOH2Uis8hpJ/C3X2Vjixwb2yydQOBQlbBELwP":{"registrationId":196,"currentRatchet":{"ephemeralKeyPair":{"pubKey":"BUeDxQAEiBZeup6Hp0YpcIt9kkS3uHiwGhIEu3wkUEw/","privKey":"oL83ZnqmXGd6WS7szdA1u3EXKZ5aeLJTSwC7zRiTRUc="},"lastRemoteEphemeralKey":"BXaoX1KGjzpetQmPJq65JlI/rw2CM4bvs/eMUewUTgQ6","previousCounter":0,"rootKey":"oVPwTezuWgIBSrmshpLOZHYZsazhk+QvYzrCelezKjU="},"indexInfo":{"baseKey":"BXYP+uPHOH2Uis8hpJ/C3X2Vjixwb2yydQOBQlbBELwP","baseKeyType":1,"closed":-1,"used":1764159550795,"created":1764159550795,"remoteIdentityKey":"BYHUVrMHlqObqHzmmFFrFG9GvlG/CEfg3azL1lmxCwhh"},"_chains":{"BUeDxQAEiBZeup6Hp0YpcIt9kkS3uHiwGhIEu3wkUEw/":{"chainKey":{"counter":5,"key":"ZKAeNolmGqv7A482Tx0wY9d+MNAncj1UeAs1vwAKPi4="},"chainType":1,"messageKeys":{}}},"pendingPreKey":{"signedKeyId":1,"baseKey":"BXYP+uPHOH2Uis8hpJ/C3X2Vjixwb2yydQOBQlbBELwP"}}},"version":"v1"}