{"_sessions":{"BUSJdp4ywPjZC130/5bTQo3nn4MBqjj7TZMV5N3Dtt8M":{"registrationId":417639619,"currentRatchet":{"ephemeralKeyPair":{"pubKey":"BW1fjLEJq2y/cw1QbmCE4q0PyyqQyFhmxXGW4K6cgkVU","privKey":"AKTNsWGXRNBagQ/BTgZY/f/GkO+H9sjshlL9QZ/kE0g="},"lastRemoteEphemeralKey":"BZPcY6FDRe4Nvu0jMBxbWa7xx9obqwI2hZFOaizZlEJU","previousCounter":0,"rootKey":"dMEJ1RlWRcXSABpsJYA58HxQLIU4PR5c6m0hL0nGGpE="},"indexInfo":{"baseKey":"BUSJdp4ywPjZC130/5bTQo3nn4MBqjj7TZMV5N3Dtt8M","baseKeyType":2,"closed":-1,"used":1764154082552,"created":1764154082552,"remoteIdentityKey":"BdN0NV7fIvY/wye/2aZulwDWVmsrgMusujK1ig7h+XRp"},"_chains":{"BZPcY6FDRe4Nvu0jMBxbWa7xx9obqwI2hZFOaizZlEJU":{"chainKey":{"counter":1,"key":"hKj53aoEnDGfUOshYpghmdV0PmX7x8AygWmkFFeZ9b4="},"chainType":2,"messageKeys":{}},"BW1fjLEJq2y/cw1QbmCE4q0PyyqQyFhmxXGW4K6cgkVU":{"chainKey":{"counter":-1,"key":"ADzqB8vQ1uEl0fCbFj3bi8aFcZElCwfUYYcShmoGV44="},"chainType":1,"messageKeys":{}}}}},"version":"v1"}