{"_sessions":{"BSapMiAjTm/LJMlOdR5RWc1+qB26tN8X8Ej/Ypo2Hfh6":{"registrationId":97161997,"currentRatchet":{"ephemeralKeyPair":{"pubKey":"BXSjfKJUZjBmDuJX5DED1upyjmeXnflILU23PH3l87xi","privKey":"mLLiXWEb9piqACiANmpa0Kcb1QIJ1z5rzuQY8CQXREQ="},"lastRemoteEphemeralKey":"BZM5ssLtfoQM1If5AkrjNHH0LBJNJl+txNAiv04IdWsr","previousCounter":0,"rootKey":"DBoJJzpkmOG3O/HEK7yCOU1M6bqNNfcYVGM877a3iBk="},"indexInfo":{"baseKey":"BSapMiAjTm/LJMlOdR5RWc1+qB26tN8X8Ej/Ypo2Hfh6","baseKeyType":2,"closed":-1,"used":1764152203388,"created":1764152203388,"remoteIdentityKey":"Bbc1e9qfEjatbSOKQtD2V39DDqINqfho4tbG+grcR/dx"},"_chains":{"BZM5ssLtfoQM1If5AkrjNHH0LBJNJl+txNAiv04IdWsr":{"chainKey":{"counter":0,"key":"panYL2BawH1554+J6WNP3Lve3zH59GbsuNRl2KySvJs="},"chainType":2,"messageKeys":{}},"BXSjfKJUZjBmDuJX5DED1upyjmeXnflILU23PH3l87xi":{"chainKey":{"counter":-1,"key":"KhNedwkKRuI+dMoPNCa9mq4UMs1TGHMnJWOti0/0oKM="},"chainType":1,"messageKeys":{}}}}},"version":"v1"}