{"_sessions":{"BVJhY2cTTpSikmP/IcfDU0glvxfcnaGrbS0ntbrZHvFo":{"registrationId":1769627939,"currentRatchet":{"ephemeralKeyPair":{"pubKey":"BdSF3XVtWCcTgwtHsDSBJ5cXpCUaX1JNP50fD4NJ+9MG","privKey":"qEHPF2s7/xZQmC0bJoFW8gjFerMYdmm5lAQjeJRlu0c="},"lastRemoteEphemeralKey":"BZ4Jn4a8Lry5L2LK48p8b81j+GiZX/JCyERaD06RBL1X","previousCounter":0,"rootKey":"HBYfrD9hw3tbtybGTbwK3QnhfWi8lY8Y5bcWifTzgK8="},"indexInfo":{"baseKey":"BVJhY2cTTpSikmP/IcfDU0glvxfcnaGrbS0ntbrZHvFo","baseKeyType":2,"closed":1764153111121,"used":1764151112509,"created":1764151112509,"remoteIdentityKey":"Bc1TDi4XulKwBVUGd/4+N66NbwwSevrKF8Q0ebQqdK1g"},"_chains":{"BZ4Jn4a8Lry5L2LK48p8b81j+GiZX/JCyERaD06RBL1X":{"chainKey":{"counter":7,"key":"+6am7hhIxGcanvxA9EgqEEcQHoeX0N00w19PDQGKt0A="},"chainType":2,"messageKeys":{}},"BdSF3XVtWCcTgwtHsDSBJ5cXpCUaX1JNP50fD4NJ+9MG":{"chainKey":{"counter":3,"key":"1SFmfEk2YuvfQtj5TJ3mBHIwFTxiv7/I6lFtrRf5FUM="},"chainType":1,"messageKeys":{}}}},"BSHjaPOfaKHmkJe//Dmvh6I6Wy1dfyXQ9qHAjYGSfMI6":{"registrationId":1769627939,"currentRatchet":{"ephemeralKeyPair":{"pubKey":"BZIL4DusR6x5euYoHuSXYdzy/BHJweZEii13uODwxAU+","privKey":"CB0tC+JmgZygkf2xHjCwm94p7N31mpuCAe6ktPBWsVM="},"lastRemoteEphemeralKey":"BaQa87cIlI2HK+vMCVaPCB9jcilbWhDxYC7NxeHqZpxX","previousCounter":0,"rootKey":"fz7t3mMjg7Dt6LH2WYtMuZeBORMpIrEoz49bZuD5uys="},"indexInfo":{"baseKey":"BSHjaPOfaKHmkJe//Dmvh6I6Wy1dfyXQ9qHAjYGSfMI6","baseKeyType":2,"closed":-1,"used":1764153111122,"created":1764153111122,"remoteIdentityKey":"Bc1TDi4XulKwBVUGd/4+N66NbwwSevrKF8Q0ebQqdK1g"},"_chains":{"BaQa87cIlI2HK+vMCVaPCB9jcilbWhDxYC7NxeHqZpxX":{"chainKey":{"counter":0,"key":"WClHpyB9D2Hph0EiwQcAlxjj4M84RHYoPGChojSCzTY="},"chainType":2,"messageKeys":{}},"BZIL4DusR6x5euYoHuSXYdzy/BHJweZEii13uODwxAU+":{"chainKey":{"counter":3,"key":"lyPIyY2HsZ4sUo0Pg4YkYBVPVM6+cHMV3hi0hHb9sRE="},"chainType":1,"messageKeys":{}}}}},"version":"v1"}