{"_sessions":{"Basn3jiilkB+mqdDJP0LDLhpeYovriuq8wkQE26SgM4v":{"registrationId":286680364,"currentRatchet":{"ephemeralKeyPair":{"pubKey":"BQ1Z6DYFSZaISFNEKs+KNjhSjChTCA9PcXVYtGWSASYo","privKey":"yI/ikdzBb2bX7i0uuBqMNIUDUBLcU85iUmHl7Vj5fFw="},"lastRemoteEphemeralKey":"BekhZmJHB1keoUKHC0AX5jTXYmUaPmb5b8otKsSFYrp4","previousCounter":0,"rootKey":"COENc/Jl/dhi2jMZSd6Bz5vhh2G2HmGaToder6RSQ54="},"indexInfo":{"baseKey":"Basn3jiilkB+mqdDJP0LDLhpeYovriuq8wkQE26SgM4v","baseKeyType":2,"closed":-1,"used":1764155021754,"created":1764155021754,"remoteIdentityKey":"BeY3iIqZqbabStL0iKfOyIJzR9A20/2Xe2N9dnqHXsZT"},"_chains":{"BekhZmJHB1keoUKHC0AX5jTXYmUaPmb5b8otKsSFYrp4":{"chainKey":{"counter":0,"key":"Zp+PR29ibZ26932s2LfR1NH90uptfzcARx9h2GsgAh8="},"chainType":2,"messageKeys":{}},"BQ1Z6DYFSZaISFNEKs+KNjhSjChTCA9PcXVYtGWSASYo":{"chainKey":{"counter":-1,"key":"SQkrXwiu+P+jeLTRXH0BQx8E16Lcldc6lp0pOk08JLQ="},"chainType":1,"messageKeys":{}}}}},"version":"v1"}