{"_sessions":{"BSECOKP/sZLqQTlM5RWM+egsrBszrlqKvXs61W/fBywG":{"registrationId":1768240124,"currentRatchet":{"ephemeralKeyPair":{"pubKey":"Bd7MXRWVMfb3PXD/mIGan3Bb0wdq/9pRDE2Gu88cWLdb","privKey":"YCQM8pSPZ6uADxTqaRw33iS6lBqMzuNjH1AqZ0YOSW8="},"lastRemoteEphemeralKey":"BVpz5FGMaPO/BBwgEDwdYDBslDuirwvjrx6/AGt1A9IV","previousCounter":0,"rootKey":"Xhfy7bUyWhbBbFTJRfN4waSEU3gbNNnYCw1kopIWfXc="},"indexInfo":{"baseKey":"BSECOKP/sZLqQTlM5RWM+egsrBszrlqKvXs61W/fBywG","baseKeyType":2,"closed":-1,"used":1764154122444,"created":1764154122444,"remoteIdentityKey":"Bc9gl+8iNDEjm00PlPHSQB2XrNg3Yx/cntmsfRp7dk4t"},"_chains":{"BVpz5FGMaPO/BBwgEDwdYDBslDuirwvjrx6/AGt1A9IV":{"chainKey":{"counter":1,"key":"3p8JXgrS7hAhCO/sv1DZQXyK358vSqaDK+aOh8thldA="},"chainType":2,"messageKeys":{}},"Bd7MXRWVMfb3PXD/mIGan3Bb0wdq/9pRDE2Gu88cWLdb":{"chainKey":{"counter":-1,"key":"6z8F+I7o347rM6yH8lR4Ww0jaUeCkzP2gXXTpaiLzVg="},"chainType":1,"messageKeys":{}}}}},"version":"v1"}