{"_sessions":{"Ban6sEkmdLT82F9HleNSwXtmCot4ZoQ8iH/iXCUze9xN":{"registrationId":1231792345,"currentRatchet":{"ephemeralKeyPair":{"pubKey":"Bc6r5rBMCzX4JPNtD/xFsOj9eBBKjZDeJoX7ps+jHeps","privKey":"sAN//RAB+CfF00zdFEf4r8hKqs59pC3gokuHhQl6AWA="},"lastRemoteEphemeralKey":"BaEFP4uXq59U3YOMpfsFl+DC4bS+tGbPyDwI6kznkL40","previousCounter":0,"rootKey":"GGynUOD9VrKonoV3VBWKzJCs9Imv6rR360XrRyT04Jc="},"indexInfo":{"baseKey":"Ban6sEkmdLT82F9HleNSwXtmCot4ZoQ8iH/iXCUze9xN","baseKeyType":2,"closed":-1,"used":1764151518468,"created":1764151518468,"remoteIdentityKey":"BapIbujEMk6bNJzcH94NEb8NovysuCZ/35eHvPN3i0Uu"},"_chains":{"BaEFP4uXq59U3YOMpfsFl+DC4bS+tGbPyDwI6kznkL40":{"chainKey":{"counter":0,"key":"ySqlnkmY1kHD9RYOBiP+DfA/ZgpOdrauau4pCFowifo="},"chainType":2,"messageKeys":{}},"Bc6r5rBMCzX4JPNtD/xFsOj9eBBKjZDeJoX7ps+jHeps":{"chainKey":{"counter":-1,"key":"DToLSnCiq+yQcKRT3eKNRdHjFHoOpVBouBKXadU4bnk="},"chainType":1,"messageKeys":{}}}}},"version":"v1"}