{"_sessions":{"BXKt8+YxJRPeUJUvdPH5CpBnpwCpSGOAMTNhvy4J1IUG":{"registrationId":114590737,"currentRatchet":{"ephemeralKeyPair":{"pubKey":"BVu0Sa/fok3XgoQvopzopyTBLGjiyLTAVqtV381pA10F","privKey":"eG9vXlQOmIMVRob4xw2BwcbTdUSVUJrYXVj/bTh7EEE="},"lastRemoteEphemeralKey":"BTwaS2UaIrm4dmwsoCKmRHG3o3tXBBsA9FM5EiFt+MVb","previousCounter":0,"rootKey":"LDR6vy2whGIBUITG0p/n685xNTNH65IlUVtiHbZPdVo="},"indexInfo":{"baseKey":"BXKt8+YxJRPeUJUvdPH5CpBnpwCpSGOAMTNhvy4J1IUG","baseKeyType":2,"closed":-1,"used":1764154161604,"created":1764154161604,"remoteIdentityKey":"BaEbPsmO2gYvGPyesH2xoQn3X91Sh0hdhYRY3V59erg8"},"_chains":{"BTwaS2UaIrm4dmwsoCKmRHG3o3tXBBsA9FM5EiFt+MVb":{"chainKey":{"counter":0,"key":"E7UFH048Pt2S/wWdHGGai9K7kDVhd3TIiiNm5NWfBpg="},"chainType":2,"messageKeys":{}},"BVu0Sa/fok3XgoQvopzopyTBLGjiyLTAVqtV381pA10F":{"chainKey":{"counter":-1,"key":"iM2YpAgJp4u0bpOU/XRtz+eRUAKbNVXF0Y+R/Sn3IM0="},"chainType":1,"messageKeys":{}}}}},"version":"v1"}