{"_sessions":{"BcFclurvoRn5wXwdPTpe1DH63sLesb6lC5sK3/6ZR71z":{"registrationId":417639619,"currentRatchet":{"ephemeralKeyPair":{"pubKey":"BffuZ2L472HhfHc4DPc2J4Bnrbh9PzmdQ0qfwsJhTfA1","privKey":"CFvt8ekaYwxKdkh8pEQTdxU6bArkNpvzn4K6rGeLvk0="},"lastRemoteEphemeralKey":"Bd96ISAZMZoSDgKEhfQnDH3kdIi61qG16nmXOLRyDhB3","previousCounter":0,"rootKey":"xN5xTD+gtOixSKdrKyoRjWrpYjn50Xa+9g1o9+dJ+1o="},"indexInfo":{"baseKey":"BcFclurvoRn5wXwdPTpe1DH63sLesb6lC5sK3/6ZR71z","baseKeyType":2,"closed":-1,"used":1764154342713,"created":1764154342713,"remoteIdentityKey":"BdN0NV7fIvY/wye/2aZulwDWVmsrgMusujK1ig7h+XRp"},"_chains":{"Bd96ISAZMZoSDgKEhfQnDH3kdIi61qG16nmXOLRyDhB3":{"chainKey":{"counter":0,"key":"u0h3XXCCHRw3rEkX3sk/fALtjw3aUwZQ5BXjBCGXliM="},"chainType":2,"messageKeys":{}},"BffuZ2L472HhfHc4DPc2J4Bnrbh9PzmdQ0qfwsJhTfA1":{"chainKey":{"counter":-1,"key":"4j9DZGumRSFVb6k6ody2WuOP87sDFa2zdwbK+cuiAuk="},"chainType":1,"messageKeys":{}}}}},"version":"v1"}