{"_sessions":{"BduDQhWVk+bH9jCBlMrgX8piceX1qdq8xO6bjXY/Y/or":{"registrationId":1973635231,"currentRatchet":{"ephemeralKeyPair":{"pubKey":"BRtl0rLI5ct8GQrvoeUwahBdN7vi7YJLwI2NrAqwAZ4q","privKey":"gIyi4SBAOggud1zj5JseY6J3ITlqJLE+bC8Er6V/4nE="},"lastRemoteEphemeralKey":"BVlkPBSPwW5GOYdhWnkB/VcwKulCLciiHYZbCurzxJ1Y","previousCounter":0,"rootKey":"lmTFoGbh8X2oLo8rhFjsXIz6bw1Xinn6dWPsSXHme8A="},"indexInfo":{"baseKey":"BduDQhWVk+bH9jCBlMrgX8piceX1qdq8xO6bjXY/Y/or","baseKeyType":2,"closed":-1,"used":1764151530271,"created":1764151530271,"remoteIdentityKey":"BRVKx5wbGRcIBQPGjLoAEGXT7DrrNqVx2VEJa8pAWuA0"},"_chains":{"BVlkPBSPwW5GOYdhWnkB/VcwKulCLciiHYZbCurzxJ1Y":{"chainKey":{"counter":0,"key":"Zy5nR8LzxzPGiKoP+QKu5+x+Z1H2caenzINRH0Xw+0g="},"chainType":2,"messageKeys":{}},"BRtl0rLI5ct8GQrvoeUwahBdN7vi7YJLwI2NrAqwAZ4q":{"chainKey":{"counter":-1,"key":"duSjo6kbINtPA3DFTJCk+IXUTBwwyYD6ixX79LNXlhM="},"chainType":1,"messageKeys":{}}}}},"version":"v1"}