{"_sessions":{"BcJK50Cd1+3mqFitDjurNiFUYoJ9nUslt0CggOSRuIsP":{"registrationId":1976401715,"currentRatchet":{"ephemeralKeyPair":{"pubKey":"BR6jEROL95Ze16uMRTMtqRvBN84RF6prdNp0JadMaYQo","privKey":"4B64zOzfMBy+FokKpD1fNmaRj2pYIaj+eAxLed00JU8="},"lastRemoteEphemeralKey":"BX23znbU+D0zyhA+Ehwwoo1wT8KKnX8N0Ym4lHLa0REi","previousCounter":0,"rootKey":"nhSaI4OHv/1a0+mXafCDYfMq73KzmMalswyOyqU2tsc="},"indexInfo":{"baseKey":"BcJK50Cd1+3mqFitDjurNiFUYoJ9nUslt0CggOSRuIsP","baseKeyType":2,"closed":-1,"used":1764157340024,"created":1764157340024,"remoteIdentityKey":"BUX3GWeadCfinVG0itkyiI7TjTOf9h0KFskj5udgXadK"},"_chains":{"BX23znbU+D0zyhA+Ehwwoo1wT8KKnX8N0Ym4lHLa0REi":{"chainKey":{"counter":0,"key":"RvyX3lHbgCGyfrlbBQzpbtwkxDF0ytytmGSmCvNtnP4="},"chainType":2,"messageKeys":{}},"BR6jEROL95Ze16uMRTMtqRvBN84RF6prdNp0JadMaYQo":{"chainKey":{"counter":-1,"key":"o6sfsGE8X8HYwUv9EiqCql699jFmuJ6sMFElGhFHYcw="},"chainType":1,"messageKeys":{}}}}},"version":"v1"}