{"_sessions":{"BcSLwJpA/n5etikw4NY4kSxE7/5A9ud9JO7BaZSbImEX":{"registrationId":2118848683,"currentRatchet":{"ephemeralKeyPair":{"pubKey":"Bf253X4L96DTl8eUBCmvmKXjNoEC2ELtZYRLuvRaBbA9","privKey":"cGtSCwfzdzKPKBff/oY5U6qSJPDdV1rOrxYdmZ22SWw="},"lastRemoteEphemeralKey":"BVwuFehy+ix7a5Kry90YBGp/ZSSV+3Pxl7muKXBgfGxM","previousCounter":0,"rootKey":"jBWi9H/8XQWY/i9Rcp7IOCa0+12/dTpRBBQTS2iPJKc="},"indexInfo":{"baseKey":"BcSLwJpA/n5etikw4NY4kSxE7/5A9ud9JO7BaZSbImEX","baseKeyType":2,"closed":-1,"used":1764151557702,"created":1764151557702,"remoteIdentityKey":"BeFY9ZVSvIObbcxsmRu4cSHDag3T+9ikUma3aX6qtYJe"},"_chains":{"BVwuFehy+ix7a5Kry90YBGp/ZSSV+3Pxl7muKXBgfGxM":{"chainKey":{"counter":0,"key":"W6/WKzvTxZ7mYMB9JcoNZg752DeFqXYvNe/kYtqAbj4="},"chainType":2,"messageKeys":{}},"Bf253X4L96DTl8eUBCmvmKXjNoEC2ELtZYRLuvRaBbA9":{"chainKey":{"counter":-1,"key":"E+XpNbSelNozh99j5V7duN07tz4XUwXPHt8Esb6oLJ4="},"chainType":1,"messageKeys":{}}}}},"version":"v1"}