{"_sessions":{"BR1bfntxanNh+I+vBaYDkGE87brabsjY4LCYn1sq2eRP":{"registrationId":200,"currentRatchet":{"ephemeralKeyPair":{"pubKey":"BVmDKuHTaRavkiQUoTOeXSXZQYbbfiZgheN8RCMsyBA3","privKey":"0A4m3gjr+JmT58/3ymBjNg77VWwFcZOHs1Vy6eUetl4="},"lastRemoteEphemeralKey":"BSesSf1pCQlwc7hteqGffPSdvDHB8MrR491gFiA1RM5W","previousCounter":0,"rootKey":"NMeE54o2bCruopdVsMJQ8sERrrBjCytUku8Y7g5CTZo="},"indexInfo":{"baseKey":"BR1bfntxanNh+I+vBaYDkGE87brabsjY4LCYn1sq2eRP","baseKeyType":1,"closed":-1,"used":1764159550794,"created":1764159550794,"remoteIdentityKey":"BQQ3HJrbFtwaVaFva/+/st1aMLT53hkEpLhxxCvIk8cD"},"_chains":{"BVmDKuHTaRavkiQUoTOeXSXZQYbbfiZgheN8RCMsyBA3":{"chainKey":{"counter":5,"key":"ZQGXE9hqWJyZsNN0oDdwmbV2FZ8smlVBOjUY/BPa8vg="},"chainType":1,"messageKeys":{}}},"pendingPreKey":{"signedKeyId":1,"baseKey":"BR1bfntxanNh+I+vBaYDkGE87brabsjY4LCYn1sq2eRP"}}},"version":"v1"}