{"noiseKey":{"private":{"type":"Buffer","data":"MD/mcXtgRxCy1mUcRD0wnwNfmL8QxUlEpzAy59jgVGU="},"public":{"type":"Buffer","data":"iPgRv3qTBNYv8Jawejz1TbczXTUR1W07+qeNOD7ctkw="}},"pairingEphemeralKeyPair":{"private":{"type":"Buffer","data":"aFsqoJubK28u7z9sA+buqulXJJ5S3YPQkHbyk8Iq/Vw="},"public":{"type":"Buffer","data":"X2tGaDtG5HE9OtHQsIEtKYGtzqGMdwC2Bsx3dBCDch4="}},"signedIdentityKey":{"private":{"type":"Buffer","data":"eFkZNVV9tncY7E8MDT1YbG0/40AOgWBL17QRmbURs3o="},"public":{"type":"Buffer","data":"j+o0saLODtIRRNQ6j7CbG0VwHYoIYD3VWLq/sSsqSCU="}},"signedPreKey":{"keyPair":{"private":{"type":"Buffer","data":"QLpoavVukEsJWiu8+ecEvcttZFXqZ5wis87iEHyW824="},"public":{"type":"Buffer","data":"8G9tZ4TGXADQ4Qg3Rb6539W/eMniGtN2UyTKTKSXbHE="}},"signature":{"type":"Buffer","data":"U/IXeEg1zIIxXD4uDVwlg0F/x4xbwbUzL0u0bjPzo0ymNo3yT3HyBrgrwmaJeb5KIsRkyDZwGlVWBP/wpmwvCA=="},"keyId":1},"registrationId":218,"advSecretKey":"Xcr1/zruzqxQqWn6q5KlgYZpaxtEB+Foy790JKKDr14=","processedHistoryMessages":[],"nextPreKeyId":1,"firstUnuploadedPreKeyId":1,"accountSyncCounter":0,"accountSettings":{"unarchiveChats":false},"deviceId":"SYfGV0qfQIG_3EU99he1bA","phoneId":"514c4fa7-99fc-47aa-b98c-a34f0830dc8b","identityId":{"type":"Buffer","data":"8WHG1/VkXVlC5J4WmRAfggxgFEU="},"registered":false,"backupToken":{"type":"Buffer","data":"Q4hJ3qY1nQEMDbEAG/efcgEUP4s="},"registration":{},"pairingCode":"P1S6E4RK","me":{"id":"6285142096159@s.whatsapp.net","name":"~"}}