{"version":1,"hash":{"type":"Buffer","data":"4KlQA4GjnbcCN+wP0WFCNLga3dC88hKf00TMxdPOawoG8+dWObVIHi1ESeczudK5W7cxu1okINVlAIs7ZTRGi40RBGRTUm6FKs581BS6aHv0ooM55c9u+BWAtj3xo/TBE1MNcvRz0QSJ5IceQ1kKXj+Q46+bDo/WmdERB6US0dI="},"indexValueMap":{"X5iSab24+BQsY2U+O2A4UHN2rQdvJl3VR5aTDquUkfY=":{"valueMac":{"type":"Buffer","data":"BY03/E8ChNfqtXTtCUocSXZQZymbPPul/gnHS7bf944="}},"REJ1vjw22lgrd2jM6bY860vbDQ7agmPg5Yd8+525qDc=":{"valueMac":{"type":"Buffer","data":"/pj/abJsBFPpCvs7TSQeP3F9zskHI62tclyLqnGZ6AM="}},"V+rZJaCNhlT9n+kkwyp28UmVymoc5RUypdqlGjl4x5E=":{"valueMac":{"type":"Buffer","data":"bxZlUE+7HdSnPgQ0UVpLQQixo6PzIRuSky9ZY8O+JF0="}},"dBC8ea5CxP67BlwGKi1qlGwsywD91IjvxiVZQnZtFlA=":{"valueMac":{"type":"Buffer","data":"pPWkE4B13J+bgyI5KQjAcYGsdu8YdX+iJrMDmx7wPmA="}},"7Ph51HJBkRKicHRbIn00OzMQrgz/O93bpeWOunVnR4g=":{"valueMac":{"type":"Buffer","data":"xS/HIGUCagZUwe5sACtwuqdoMPG5kNK6St/Yn2+kIoM="}}}}