{"noiseKey":{"private":{"type":"Buffer","data":"eIrbZgNp6k+cjFToyhpCuDwRMsd2aCVLYOWNUfzcwW0="},"public":{"type":"Buffer","data":"vxdQwujGrbWWtboUfEVrhYlAwAY+B/dRO/5TA508NnI="}},"pairingEphemeralKeyPair":{"private":{"type":"Buffer","data":"CIEw9SlUkCU7xV44S/mprEPmAM+E5UwmbE+tnCamGm0="},"public":{"type":"Buffer","data":"BC973gBZdsL1Q41jhN+bjv8tyL6fBZZu1bxxpQr+7Vo="}},"signedIdentityKey":{"private":{"type":"Buffer","data":"YNp4eRcCD0yUfY2jgowcQK/95y86hcdtAjLcnUEBKEg="},"public":{"type":"Buffer","data":"v232ZnhMd836uWKG7m9h/tjHSCgESCFrgkMsGq2MN14="}},"signedPreKey":{"keyPair":{"private":{"type":"Buffer","data":"yATiy+5o0Hr1v3aXBxL9CXhqsg46NY26tqLpFhVw3kY="},"public":{"type":"Buffer","data":"yh9AFWj99ZNXs1L/Ma2kjA3N8VZGobepE0D+tosY6kk="}},"signature":{"type":"Buffer","data":"W/sgmWiVgmueNdPpgEXXHmDL8FGectpXYdDhslLwPkYKI9kyho5R+P2Q3oiNjA2T909TFKRGpQKN4kS1LKvXCw=="},"keyId":1},"registrationId":9,"advSecretKey":"Uqf06A4k1jhbCfw3RLt1aQvQ3zrNKIEgS/1X7E1EH7I=","processedHistoryMessages":[{"key":{"remoteJid":"6283139512571@s.whatsapp.net","fromMe":true,"id":"A5321163B05DC014568D7E089681932B"},"messageTimestamp":1764132664},{"key":{"remoteJid":"6283139512571@s.whatsapp.net","fromMe":true,"id":"A5D31A9EC194FB4617A2443F8665AEED"},"messageTimestamp":1764132664},{"key":{"remoteJid":"6283139512571@s.whatsapp.net","fromMe":true,"id":"A5766E7F831EDB68B863F325328A075D"},"messageTimestamp":1764132666},{"key":{"remoteJid":"6283139512571@s.whatsapp.net","fromMe":true,"id":"A52DC16DDDDC4B2CBE15101FAB8FD49C"},"messageTimestamp":1764132666}],"nextPreKeyId":31,"firstUnuploadedPreKeyId":31,"accountSyncCounter":1,"accountSettings":{"unarchiveChats":false},"deviceId":"RmmtJwvsRGONuMHI3zfy2g","phoneId":"8198bde1-9ba0-4019-9d0e-195384ecacce","identityId":{"type":"Buffer","data":"etycRjvioxKPiH1x2sp1EaQeHdc="},"registered":true,"backupToken":{"type":"Buffer","data":"p8s2hhAT8pHrSi83dROqkPVETkQ="},"registration":{},"pairingCode":"1TQMKYVQ","me":{"id":"6283139512571:1@s.whatsapp.net","name":"baju","lid":"59872599097464:1@lid"},"account":{"details":"CL+YyPQBELCOmskGGAEgACgA","accountSignatureKey":"p8FjK6XlDFBThZAgfszWb1sEg0jz9kAHsh+DtogJCkE=","accountSignature":"WQ+hzCtP5mgW7EjKsJb2Egs72/BSoUgLuhh9Ueka3awrbppezWcpZEt3b69RFFtKQo5xeuvyAd8C+Af1YKuwCw==","deviceSignature":"lohwg6f6lwIUXsDtl99tD8aKMehJk/Y9S2lax8LUNwHrUC6mgZ9YgxjrPGiyuLW1ghbdb0ShbtCXUxsvZcaBCg=="},"signalIdentities":[{"identifier":{"name":"6283139512571:1@s.whatsapp.net","deviceId":0},"identifierKey":{"type":"Buffer","data":"BafBYyul5QxQU4WQIH7M1m9bBINI8/ZAB7Ifg7aICQpB"}}],"platform":"smba","routingInfo":{"type":"Buffer","data":"CAUIEggI"},"lastAccountSyncTimestamp":1764132664,"lastPropHash":"1K4hH4","myAppStateKeyId":"AAAAAEJA"}