{"_sessions":{"BevlCfSwcI7Ncep6O2UJ3CS641MrYE96fVaP8kG3F6dm":{"registrationId":55443030,"currentRatchet":{"ephemeralKeyPair":{"pubKey":"BfUvXBGbaXSmxTYPr8mSv55X8gl9WdHK4n+B7/cFAEpy","privKey":"kHV55hGoGn4RofDx9+rPhhLQ6ZX/NmkojVi18WH3hU8="},"lastRemoteEphemeralKey":"BdZQpCVDsyBv6tMfhxBCY31CJClFTjuYxFrhukKTuWs3","previousCounter":0,"rootKey":"01KYYmj1sNh+uVsP0+KSE0Q/NuUuY5DI3lTo7paTXLY="},"indexInfo":{"baseKey":"BevlCfSwcI7Ncep6O2UJ3CS641MrYE96fVaP8kG3F6dm","baseKeyType":1,"closed":-1,"used":1764132809466,"created":1764132809466,"remoteIdentityKey":"BSQeH/dQMH8Odck5m4ljCO21kcV5h6iKy6fw+lf8Bzlr"},"_chains":{"BfUvXBGbaXSmxTYPr8mSv55X8gl9WdHK4n+B7/cFAEpy":{"chainKey":{"counter":4946,"key":"IscEBlODY1IsqOk32PqzciqdEYdI9GkIfGCAcS5TuFI="},"chainType":1,"messageKeys":{}}},"pendingPreKey":{"signedKeyId":9564512,"baseKey":"BevlCfSwcI7Ncep6O2UJ3CS641MrYE96fVaP8kG3F6dm","preKeyId":13664027}}},"version":"v1"}