{"_sessions":{"BSxxQPzwSU93veFZmpLKA1Mxo9QtrRVo+ZltmUEcsWhr":{"registrationId":347467575,"currentRatchet":{"ephemeralKeyPair":{"pubKey":"BbLFnWPNKF5fVizfc2e4qkq//JPJH/E+648TJPGrR/pf","privKey":"6POroFqfgkksbAFlxxVSRWvidfp1AswQi59fSf6vzWU="},"lastRemoteEphemeralKey":"Ben7XLpcO0IF86qqQqKGkRGnIwYzTuv+uNMhqKiomvEl","previousCounter":0,"rootKey":"H2/KXDUhboqgCIN2kGQh9FiMAbyMSW8pZ+bAJmcYwWM="},"indexInfo":{"baseKey":"BSxxQPzwSU93veFZmpLKA1Mxo9QtrRVo+ZltmUEcsWhr","baseKeyType":2,"closed":-1,"used":1764132665182,"created":1764132665182,"remoteIdentityKey":"BafBYyul5QxQU4WQIH7M1m9bBINI8/ZAB7Ifg7aICQpB"},"_chains":{"Ben7XLpcO0IF86qqQqKGkRGnIwYzTuv+uNMhqKiomvEl":{"chainKey":{"counter":7,"key":"k/GnYixxT7ArUisBWevpWq3NL8xkpjhVR8pEJ8yDDr8="},"chainType":2,"messageKeys":{}},"BbLFnWPNKF5fVizfc2e4qkq//JPJH/E+648TJPGrR/pf":{"chainKey":{"counter":19,"key":"D+PVtTo6/KF0tvoIxWl9xm6jpwTJTqkE3sFunRwFnQs="},"chainType":1,"messageKeys":{}}}}},"version":"v1"}