{"version":24,"hash":{"type":"Buffer","data":"00BMypAb5KEzQF4/cpIHLTsi8qrboIJEjFmEVXlIobZegvRxzTXrATuCdjz7JadoPETxNXkdy1sYb8f9hRwYQs+4EtU8wMg2Ds6cl7xR9dxhtazLR2jWNMIFvuUGeZjeqTV6+lVqHgWhR3i59qyVdeSh+NBVrajKf+18eLdwzyA="},"indexValueMap":{"Aa4sr8Jtsymvelke4x/Eq4xZIUWB9lDjt3BaXytO3Fk=":{"valueMac":{"type":"Buffer","data":"51+uYsxTeCjUhyvEvcDdRvhBoj9hGOs1F7Xs7UyB2e0="}},"DiNEmdgmY92hyZJu4NbH8xFG7+oPuaIFwNEDKRDKnpo=":{"valueMac":{"type":"Buffer","data":"q5dCfaD/uszby5JOHrb4ssyQ6eIYZh2mP/ec8pcXeHU="}},"EI+Gg/45a9vdcuD5Jo1eUtfD/9mVmsJZ56UVwi1NR5Q=":{"valueMac":{"type":"Buffer","data":"dBPIv16ZECWw7szx0wgsr6pAAyF3bU5EoKoaZUJlFNI="}},"Ia6pr4HfRfdERrvfUTQ2esyU5x8ARJiV8ofuwCdx2fY=":{"valueMac":{"type":"Buffer","data":"ESVUPackipRc0Dd3gCAnzkAhuJjliVCB43y1+s+QRTk="}},"JlJjiCLEXsJ4HPiOoHdwsiYocDMBxKyYpc8VX0fGU3c=":{"valueMac":{"type":"Buffer","data":"vntMEEVtW3rlbnGB1s9W6LEW99GtbNWpiTQWIbCxJlM="}},"KmUvMSpYAQhHN7C+KY9J3phKZckjFdKyEwPlzG6aUGI=":{"valueMac":{"type":"Buffer","data":"ig9x9gRXIvx5uZUlAAHMZFVv1A9sglFHH5YNqQC21Cs="}},"Q3DMGf/w/lyQJZqnvKfg8q0umTVxvfcQkCzo3tVfb3c=":{"valueMac":{"type":"Buffer","data":"mvf8FtlJEmcAOhJmY236nio1He/dPCV1yfwfcl/2z8E="}},"TkmAZEJfgal4HU1m270xg80BDOoFwbx+EE744yhcT4o=":{"valueMac":{"type":"Buffer","data":"VxCzUu/SJjvmGP/3IUJF6Jb50A8UZWJzQiGuOdYQoLM="}},"WOoJK4Hsp4+FL/uNlOZtODk0MJf50HEODX2qUc9HzRw=":{"valueMac":{"type":"Buffer","data":"+RlF/WTwnM2KpgUp2UE6dIfMwVXaQOy7RsW8i7rXAQM="}},"XvHvHCpnMOO31z5gge/dJch6KNlOERdEgd2HmyJZ/qQ=":{"valueMac":{"type":"Buffer","data":"ovdqmanUTewQtt4uq6VHb8DEuuER2FWorHsY9qmCs7k="}},"YDZGSsrbKrF64atCALfyKAj01q4VSVIZ9aK1gcp+P74=":{"valueMac":{"type":"Buffer","data":"HkhtcKVJ915Cs9MG7hbpdj5yzi1vQUBRX+xpkYVPDbE="}},"gI1KmBfCd91+j0THmmD25K+JhjQMJjaKp3i/5gi/Uxk=":{"valueMac":{"type":"Buffer","data":"aPXZBZUrXQWD1LwBF2jSfYEFincs6Lmv6IwnRFyN6Uc="}},"gZd1mMVD2qtki44AzyG8LVp5EGFcKlONdcKrMhGaiKE=":{"valueMac":{"type":"Buffer","data":"vjZvQnyS4fiZ1mM4BLT6ihx4FRM1hypZdBczMZtjZbA="}},"gfa4BbsImPvu4ERIA2GyjXMwCJ+Va+R/ckYF+vYDYds=":{"valueMac":{"type":"Buffer","data":"u1vUu2zQ2r5C+fQqKkIe+Qj0ddO3DnI46PbUNVqtGFU="}},"ukmHmnl14dXPdKV1h8YZMs2Dhlr0D11sH7qO2SpCvVc=":{"valueMac":{"type":"Buffer","data":"/qEzFXX1ABoZfK09M9Ej5GjtD6cdcQZbhqqTMzPFuYs="}},"z42pD7xOB/UHzxPFogP2keilGZzcStoQqz7S/xfuGsI=":{"valueMac":{"type":"Buffer","data":"f4he8LEslXWAYXdoo8ooQ6qiBhlrGIrwEOTWS1bqHF0="}},"31kkKA/jx2tkXR57KcxiWPB3mipVWCfa4hFlmZv7rtc=":{"valueMac":{"type":"Buffer","data":"/7Br0GLsdB+ikeVfhnebwv4yU11q/z5Vu8TXMHPa8ls="}},"/h6RwDYkTUjCw9CSHDWhKMxAfDSih3p9R1D6X5g9smc=":{"valueMac":{"type":"Buffer","data":"e3J4lDJWwSOyDjeX5qnuresqsrx1ep7DY/iqFfU9vbw="}},"rQaVDTdoMXfKINUC2YevVm7X/uHtzDVJNn/x4vTrvc8=":{"valueMac":{"type":"Buffer","data":"tlv4cVzcfCulAVtZ2HCJe3JhiqQ7eaniaL+RsAr6BXk="}},"cUlNqItiPIVIzasaRdEc1/TeV65IGtQ0lWjnJeM/Vgw=":{"valueMac":{"type":"Buffer","data":"TPvEQ7Vqmhd5pKw5v/ccHAhPfWIvbFf6Lgkfrw1wzbY="}},"3Nm51nvSg3fCaanonXnsQ/B4LK6JxGtXEQsBGg13CrI=":{"valueMac":{"type":"Buffer","data":"MAzLPQfD785uz6PraxPz45xIsGdbKexbGoVAFnNpn6A="}},"bFBGCPKRwj+wRZLLAzpARnyaVkXPyt12ZOKl5tKg/MI=":{"valueMac":{"type":"Buffer","data":"Ct85o7LZvY+pX8xDZR+LpWGCOUwPaGgpnxm2LcZ7LqE="}},"BcXIjdPk1chBzdyVkk12srJcsWX2XLoNmIYCAfmtHf8=":{"valueMac":{"type":"Buffer","data":"J+Yxx5ebzB1UT5m7pEL+ZcBlbL+4c+gbp/mICnlyvS8="}},"+szpiqGtFFFOlXlqowz7bfosky/2hqH4V599isVZdBA=":{"valueMac":{"type":"Buffer","data":"r8JnAZzkzHwYku1q/wRwy0/zqIwhQdmvvJN9Y2B1ogU="}},"q206hoUewJPDxMnstscIhzGPIp/BRvaloM0LjnR1xeQ=":{"valueMac":{"type":"Buffer","data":"dZp0pXdLioXVHynnoxjv5eZJ35YnDlrA7KLMYE6UDHM="}},"eixlodC3C1mFrXr/tZXAPELw1qWRTCxwQqYXBZSuq1A=":{"valueMac":{"type":"Buffer","data":"22UTBmnD894GquVEDPbDDnFJsaQ9em8D1gFFkXg78bw="}},"6eQViAiXIdTrPUcwrBmFEEpRJKuYCH0v6KD/QxYfI/o=":{"valueMac":{"type":"Buffer","data":"RvOjSxKgCjZt4ZwoWJxVWL1HEMLYek1kCfxNBtTRv6I="}},"JBtLOYnRhg72DHByC27jcq0L+JCteMshkKY/IiIPGbA=":{"valueMac":{"type":"Buffer","data":"w5BAd3oyYlygg91AkuvIx9Hu48asynLtev6h1ZXuiXI="}},"GpEotiCwEfCmTwDAEmMcVaU3DCLoLlrmmTdoHshhOlg=":{"valueMac":{"type":"Buffer","data":"JiKz61vOurWH7OFEYjIY0xhkwqCZieyNvD54oRtroCI="}},"QXTCLOXRbUYfn0+1dW1MUnlNMcWfE7Mhr3MakMFXMSk=":{"valueMac":{"type":"Buffer","data":"UYdOBFoKu0rfJSr8yWNHcDF0PblFEnSs17d54cMDFBk="}},"kOaKlUJYRXWjiEpwjGJ9OIXI9ZDmmMpjOmz30ngbVkQ=":{"valueMac":{"type":"Buffer","data":"+PUugKSy0lvW1O4ioGU/ym7svPJFhH+eTTbZfXgMlLU="}},"6qdIUgX/pjCrtUXIxt8JLeUxg4wvRWz/fNC+kpbMb9U=":{"valueMac":{"type":"Buffer","data":"aoqYWrqGJ9MGu79QS9eqVBo0YYW75+WmyddmJ6Tb8d0="}},"6v3z+HLFSAtzKvtWmMmhuG7FhutwpFdCxEc4tSpDr5o=":{"valueMac":{"type":"Buffer","data":"jBYFCRZNDuWjXAqbd7ORErtP9aXohF08JfQtKBb+DJQ="}},"JwcVVeF8CxNQL0XklHw+4F6aTDEWDBekkAT29TnD8Ms=":{"valueMac":{"type":"Buffer","data":"gSgWC1Xpy0qesLqqMW1J9cfXh4uhaqlZ/cjW1nl8FkQ="}},"Y1KfVvOhnbnGdAgwBHMw+cM0GgO2r64kot+5rhyLu/U=":{"valueMac":{"type":"Buffer","data":"lBd3JcXQC/ftGBzAQd26+UfB2O3p88sALdaWj/hdWD0="}},"h0ZhdZx1HOHD+ZgfSBujrMgCFK4JFg8+mT+KaHbtJe4=":{"valueMac":{"type":"Buffer","data":"E+tFDSTDx+qqps0g/v9AEeFX3BRA4SHnN39i6e64jdg="}},"ldW3woQyDiL5YWz4HTkCTDUvkLKLeOw8w5XOBpmTqkI=":{"valueMac":{"type":"Buffer","data":"0SdM6orqH34rOT3mcA876inAVSsS0wyqXxvUVqDgSRA="}},"HVBQe/cRPtSIfOav31/EMEkfXQ/Jt5p+WIaUpRYhI58=":{"valueMac":{"type":"Buffer","data":"nCCIsvU2BEeNA0FRz90wCqtfn99Yie6SpMzAYDAPxEQ="}}}}