{"version":7,"hash":{"type":"Buffer","data":"cJ6LtRKwUtBiVtz+dJmxY3c1m6oK33CLq9LhZ6mg087OUQj8ck6nmQGQKqJdM7FybsLJGamWWoMfUgMp80b0bvvhRunjv81EOZEDv4GSs1oY2yXF6Kmdt6gtJqGDKkVsgTCqCPH49p0Df2mmDC1rvgCPpdESCDMTrmG5b01/sFM="},"indexValueMap":{"BoFLt2qdHzWZg2zMVm53iXkDG7FfEgD8ti2uORBK0XU=":{"valueMac":{"type":"Buffer","data":"rVVaQ7918XHLuJnFMQkuMb+falz+T05MZStmmhYNTZw="}},"BwdjdHYkpEfMllwGtqhM7Qv+nw4NYN1UvNYAkumuVpg=":{"valueMac":{"type":"Buffer","data":"nrJJJWLz0RqwS37wBll12rOU4BByVrt3rrJRUKIHG5g="}},"Eoe17hJROcYhPs27GACLB+8HRHGoTvXV6YZsJ685IAc=":{"valueMac":{"type":"Buffer","data":"MeWh70PNp+GcI7SEXuX669Q4gMZ8DCmK9hSwjeN/S90="}},"NIyndZIdVo4jLecHpPfJiHa6uqZVqUPPawm+VgbIbSM=":{"valueMac":{"type":"Buffer","data":"h7SYYCVuNe266zQszgVT+pdNJLWfg4+xQN3w023p/S0="}},"SrwFdqYh9igvGNBH6n/ZwRkx3ND6zNqybbBdUqY00ZA=":{"valueMac":{"type":"Buffer","data":"UkffT846XAEzqNS+wm2XUdbX3II1AI827vgJ0UFkghU="}},"ZABYERYsGSGyVnlhOQjSkfjvb6Vl1/k3C+OuVmq5BNo=":{"valueMac":{"type":"Buffer","data":"OXSwBHyBb3deJyGikFlfBcOxXNV44nspqSkrFIG0hL8="}},"hzWYLWySOdNju+BUUrsaqkz9IkcWs+HHcd3ILWBwGdo=":{"valueMac":{"type":"Buffer","data":"m6BfX94wZU1j2VAa6u7jAFZGd306nizcCO4oKCML+aY="}},"i+14Nt9yb5re8NKvArOrDmIXlftt6utFPrhj9rSOYE0=":{"valueMac":{"type":"Buffer","data":"D/NWRGCZcyLOE322zwu+f/sZg57HnPudCMQeUqRhrEk="}},"wrGz/RVitTADMHC42fY3bs0J/gb2aJ9zYxYzjEvIYw4=":{"valueMac":{"type":"Buffer","data":"mczYwAg324PZ8/D9to3lEd24W+pn8HCbFhlVzudyi/Q="}},"3zeJ63E/1MWq7pGnDxVYHAuxqZXlRgORe91jxWCPXJQ=":{"valueMac":{"type":"Buffer","data":"neGdRuvq5wZrWYXZTTYNWqyKYoIGXqN+I7lG/WBtpUU="}},"39He7TTGu17K7RmPqlay1x5Py8QhQ8y8eI1ors7X/z4=":{"valueMac":{"type":"Buffer","data":"NAJIYB9z9RFz3HXz4g8qaOSGO2HTS0ik09Ov8XGiR0w="}},"5bgQ8tKvpClvSSox+1qjEvZvH+GT1+Z4349IZp44qpI=":{"valueMac":{"type":"Buffer","data":"iaJldi9oVv9T2kfS2fw3JdUNuEbqC0udMgyrq+JYRtI="}},"+YUtPbVs3hsMvtvVsVaP3rNWyjGJGbiLXoadP1mFCSE=":{"valueMac":{"type":"Buffer","data":"Tn25Uf0xYZhaSuh8YRZHOlXkZ2ZmNYHshG2N6Ve7+Ag="}}}}