{"version":7,"hash":{"type":"Buffer","data":"FbzdR2kkbYlk6gJUFUsWPAWNPreG8w9Ne3TE+kuFJIQ3dowW7507R7+kNXWG3NkOaf5g+a+HyCFU4wCj6oYDyzwzAgwfmI3K9FKZxvJ472ISu/3j8tC5UdhUqBqO8lDMdqt4Mf948sVJ1CcHaxSWoFRYTWtFrU6huZmDO+tfBtc="},"indexValueMap":{"ABH+99eiefz26STWTOAoh3w0nwMD1+Aj9JU2sso+aU8=":{"valueMac":{"type":"Buffer","data":"MRJbU/TI4rLL7es225Bl5kPCJt4J3hHHGk2nDSykgek="}},"ABLtBo3s+KtqQLoUIKqNomawMmByfcu8RBwIeUJsAsg=":{"valueMac":{"type":"Buffer","data":"w23tb8xvTIdtwu10qXhfwfBK02zES1C7OxzsuxojAAE="}},"Ad6zDKbnE8YhaJhL/bFFQtqORltpUVR2+GKiDwddfHM=":{"valueMac":{"type":"Buffer","data":"QRmcM3nMIv7LqZ7C8l0lGCm/7n0v++phT95DhO3jWOk="}},"A0sEL9QZToI41vyMRoDpWQnPHFr4mYvv/N7eG5rKeBw=":{"valueMac":{"type":"Buffer","data":"/KfPopxsFiKEGmXGUkfj5TBxABVeFdGmTvEx4hAfuZw="}},"BC6Rml0USdzVn63EgjAkEl9AQxzAaGJbJ50Jma56G+w=":{"valueMac":{"type":"Buffer","data":"324Xh0PKzTzsUHOHCareHBZnBJTMc6zJ0rJwqerHmc0="}},"BYVZ0VTOEsjfNcHveMSllQIJQGjxgLxKZh56yie2H7I=":{"valueMac":{"type":"Buffer","data":"aS+GmD9qcNn9OOJrOZnYlsN/PscyyCZEsphz2G+TaSU="}},"BdiPsKzdVqc7RK6/eYd7t2CpMaap+KeaY/p7YTErYeA=":{"valueMac":{"type":"Buffer","data":"5eYa2mfhrMzrgGmfb9hZK5l+KNaGfz+jOe3jg7x7lJQ="}},"CXxSXtEfoSGC+G6DxrrR02TVmn4szVRuUab7q08swpU=":{"valueMac":{"type":"Buffer","data":"992IUdry4gSV6tZ0kXhNxdyCnpD/fQBeBr4QN0U06OQ="}},"Cmbm0zSJ9bUeB0a+soM8frsqmP6bTbojUDJXqm8B/60=":{"valueMac":{"type":"Buffer","data":"PEm4IEKamfX4aN/nquxeR31XpOg6LcR+7lYz2czYOpo="}},"C4ZakdShMb1n9Mvom0lCe6ZNvPq+Vc65Ooc5z24gZDg=":{"valueMac":{"type":"Buffer","data":"eKoOBuo5u9ioK4a65cQCOxUND/pDbbCZWY9TJKrfYAA="}},"DN42Pd3vse23GltE9IhNvMud40SB8c5fo2u0xw3haFA=":{"valueMac":{"type":"Buffer","data":"7e+EJ6FiGMtKmR/uQdqSewFS49/Km4Dv5oSKLrC0uTU="}},"Dkn9fuUNj+PZoQqnoEqV11K6eFR5tBZ8eEokvBSCFUk=":{"valueMac":{"type":"Buffer","data":"1MU+rh7bA9GKf9R7/HCm0yOPhm2+5f3p1wkM6VhS12U="}},"DoS0OAW6f0bwsJLY87xvgw6o+3DM80e8cQ6yODbaZas=":{"valueMac":{"type":"Buffer","data":"SCUOBgicZw94sKcDRsGnNKKc/ezU8JfJZU4FwvLCFZ0="}},"D28IQ3vTvarZPWrfzgjxHy6Ecql6lK3v7GuhBqichpE=":{"valueMac":{"type":"Buffer","data":"rwkilc+NLL+a2VpCmL/iJTO6rvWwFcPH0b+4daiuVx0="}},"D3j1uNgFM9ohKc0gQRBoVYPumxTBeQa6XwSKO6zrbpc=":{"valueMac":{"type":"Buffer","data":"OYWsnqPOu0VgUNeX+xesrCcQtamR37rxIbO94TEUiCU="}},"EbB/Iuf6fo2sYQoUfu0YjotZ7ak/z+AMARaXCQhi+TE=":{"valueMac":{"type":"Buffer","data":"1ngVkxV1OnNQDQ/2MP8/uk0pUg9pd0Z5eTIAlksTrrw="}},"EdYrihDPSd/ggdz+uyw6L8Q2x3O85TDGOxhiQV+11hU=":{"valueMac":{"type":"Buffer","data":"4YCn3NFBVpStoTJhdz5DzWNiOEFMY6Z2q1fwrGxFdJo="}},"EoM04vlserizveppKNuViNQ9+IMmZhA6LsZ8qFRILsY=":{"valueMac":{"type":"Buffer","data":"Re6ys511Dd180yA0cL2j/LrSh9hX9pEv6lKQ1LEJBmc="}},"FbSvVG41sKSAsm0wgkqXlgzil3zkfEsCEqpk/KE70dI=":{"valueMac":{"type":"Buffer","data":"xil80IC0yqZ8PwN6sYizZqKmxOT8ZGovfCIsHQLC2z4="}},"FsdJvzDimvXrhtw6cR5Qgh/pCBbCzqfPueRtonq9yPw=":{"valueMac":{"type":"Buffer","data":"kjX0Z5pGQGkVhQcmEPcFPWJzFgooDUMcKRVlCG90qGg="}},"GPUMOH1jdvB9nUDhvlk3KsdDtBXhJ68rODQ8mvG79Zc=":{"valueMac":{"type":"Buffer","data":"jvh1IK+xdxy7dM8JE5c+18X4cFObiW84JeIi7+jZ3aA="}},"G1ACSwHjrQUzErLg5eDDG8tOjJXjq8p4MADpw8Wxsjs=":{"valueMac":{"type":"Buffer","data":"flGMjSkx7V5X61L97tRA7SdXeYIi7VKBm/FN1d0UAew="}},"G3kueZMzKia4UDbiZXJ1yrT2b0mh+4n4HU6YGmiGaWs=":{"valueMac":{"type":"Buffer","data":"DMbGsFK5ChspU8U4a6rhczVdv9pPmYks1UxC6jycnAU="}},"HNKh7WuFYcf/azASQOo8QKmHUBjHqOIGyneQ9XdP7dQ=":{"valueMac":{"type":"Buffer","data":"gM0RyE3i2lEVfc+RHgZp0JEUBAPpbX6879FtMdZfwbo="}},"HiwPskil/6vcj3vxuEQOQmE3yd1dnXW8ndOzasYS0Lo=":{"valueMac":{"type":"Buffer","data":"D+WT0pIj1OXecTSBtrOK+S14DxjjfEpxIHPWF25Bcwk="}},"Hk93+jyKUAoNR1mfJwMCpaCAnVdnF0+akgBCKx0ts40=":{"valueMac":{"type":"Buffer","data":"3R+uCIZr+vfBc3g0Rf9pgKB6o0v/OAi8EUaeRUXBRDg="}},"H13YZY7W5y78Wn0YJ8bDtURkOJLpQ8ssjqpZbvWPFig=":{"valueMac":{"type":"Buffer","data":"CxPR3+ZeUqEsiAJfEzq0fXPpFIClCpr5sm7OzeJH5/Y="}},"H5fvLha3zg9kQkA1Zy6rWWoEuw1YcAAv/jZutJKS4Jw=":{"valueMac":{"type":"Buffer","data":"+VPxZ4k/OEQxgkyDfYz8en0RJ8TeYqoA2TcVuf/W9M4="}},"H7huRcXm2JS2HaRCX/M+2tfv25gMCQxTmkHDKeNwtnI=":{"valueMac":{"type":"Buffer","data":"FCvHRzgHHaVK+VLoXUNCWB2Rh44JZu0ZtEWvJaGJ8k0="}},"IB8e13uw+sO73g8qDmZ1sCcaqa4f2T4JPBJ7RHswZlI=":{"valueMac":{"type":"Buffer","data":"QqbFv8Ae5leMJbimvjcbZJNxNUJRrbfrJpMguXB8eNY="}},"IM7El4yvKQ4jZxxIJetrD4GdvHjJTCrTFP8vhW9YfuU=":{"valueMac":{"type":"Buffer","data":"YjIRTTxG3xW59TJyKUbfgzDpNgZ5hpm/uaTu7k+WXu4="}},"IXel04G/cPel8mhRnsipxon3NytbShow/b+DYsiSCVE=":{"valueMac":{"type":"Buffer","data":"KjrMAMAUxfdoNsXEhN34RYah1k3xBsLn1TTjUMkSs3w="}},"Ij2qTRtu5f4/HqPqicgNQW0P22Kylx1i1/DiPIXugRE=":{"valueMac":{"type":"Buffer","data":"BIJflQg6mACGAPaeQ3EyOo7tiIWvUFfcmJWE7OA1F7A="}},"It2vY4HShI23pCezpATbqw+iQemEyKR5IMYzM0A+NRc=":{"valueMac":{"type":"Buffer","data":"p2dNyKcvd1FS9TnZR6h+6qFmsLlX+kDHxln/OdKjdcA="}},"I8vGNIrZgAV3GivQmjsoltQfVeOhazCUVbEacXkbNtk=":{"valueMac":{"type":"Buffer","data":"s4wIpsziZSl672Qn5ASacwEvwJexCIyzgbSrHPvRz+Y="}},"JQL/ffVRlLZNws96Nom4UleCoDYDYYS1WLnTTGRSYKc=":{"valueMac":{"type":"Buffer","data":"PRbZK1ispOGRQM1VqaCIYuI8/3H9Y75m2BTKjuKhZbQ="}},"JbHltxjOhpw8YbUz0u8WqtGTqliuEO1UKckBuMSPFCM=":{"valueMac":{"type":"Buffer","data":"AY1S4euM48nt06bECAD2u5zOtREZmrnCXGhN1VC5Q4w="}},"JrFNi9rFywHWx0WtVZxHp+ztsGKahOF2+bADkThtup4=":{"valueMac":{"type":"Buffer","data":"/ZHNIGB/bm7mHKv1rJLSZI87HVfBzVXalUo5HP2jufY="}},"J0gHQpU7dSC+JqwIwY2YY3Iul+yc259l/WND8Tx7PwA=":{"valueMac":{"type":"Buffer","data":"r5IyORwQZzIcXSpjtlw9QGK8uxre49F/1MyZcvKVY0E="}},"J5aUxTngOyJB5RTPFyaTGd4ycZy/IpCbx11hE6mkKCM=":{"valueMac":{"type":"Buffer","data":"19Nz6h56kRrN7BFYxCoDiniUtX4ZNiBLtEwXcwpdWeU="}},"KIByyfR9/oTkOBOJ0MiY+7o0tW/cilEWmvrf4MUAi7I=":{"valueMac":{"type":"Buffer","data":"hswhiTBO3akQdxwyL2nzvZPcMwzWJWAMZVatfmtgm8g="}},"KQ9dMsawcr0Sv2LGQ/s1qoZCOhUaTslOxKuwiG8+l4k=":{"valueMac":{"type":"Buffer","data":"0I1MWrRDOlblU84nd1lePwEPaggq4kFefG/X2gngQRc="}},"KcSVaUrF6bwX/Zv8EDU/cdPUoojSq/UQjDKYbzZWvTM=":{"valueMac":{"type":"Buffer","data":"sMrPddb/CUNKuDf1+vGbQAwX0AGemJwZvGUBvgfnA4g="}},"Ke3WXyHEar+4vibn1xHnTRYQySZ80nyp6t2Mk08l0s0=":{"valueMac":{"type":"Buffer","data":"D2bJzcXiX3a2xj08DO2u/CS/zQ0GCiKioDO5j2yPuaU="}},"Kg0XJVmWn7H6UXx5rvF0HPEkHfbhvs9a4Cp6jpgX6gU=":{"valueMac":{"type":"Buffer","data":"RJFDn1yavnEuUUfw7z/CE2B6Nhpqoia+SOg2DW4mwQg="}},"KlP/m/JxBzxu9AxV2d++j6s94N3jiJc2WlcnSIVI/nQ=":{"valueMac":{"type":"Buffer","data":"quiQkDmC0suBt29umdo3ORbA4vDkHtb9Rcp7aqQUKoo="}},"K2RcVXvvsZ5ttxrku8PuEoRknZzc50/GGXMArlrl7NM=":{"valueMac":{"type":"Buffer","data":"d/XBdyudeKKelzu0ynJCOlGW57VSqVnBCHlQNVESgEk="}},"LBsUNNhfwJXlUDCzrc7Ks1QrRMhtluU7mr3J78PbyDU=":{"valueMac":{"type":"Buffer","data":"krIBV0W+rRlSs4IfuXqmHnlzuEEp+1X9ImzinIYU7F8="}},"LJyDiwyiGmHSCCY0Ridty83q6vlIBN9g7qmgCPObVug=":{"valueMac":{"type":"Buffer","data":"WGJZYPl0xBIjnkWOp+TCpx2o7TvN437EKOkreFHnGDE="}},"LWlu7o5XO3uw20qKeRP0jy8ej+KmZQRvqEjf506xy0M=":{"valueMac":{"type":"Buffer","data":"8RptAez6fTwZFZtYbJ2uDz23rVQMF9z8ApdzbQYckoE="}},"LtzPLhK/5ERwXZVlR8a/1mh34uV4SpOCcSqmtO9v/6w=":{"valueMac":{"type":"Buffer","data":"QM6FtkbluPiHJ3Gxa6TNmmekP+SkZChoszKz84MPoUw="}},"Lvvuee5+HC4kGUJaVx/7Nh3EhTsZcdPwQKoQhIpvoDc=":{"valueMac":{"type":"Buffer","data":"XjrTdBmwLlIAytdbxhnLwrCV1cVLq+TlWoM2qezVvT8="}},"L2V+F8Y2PCYVlQyOufcyxbnM2hOxBVqi9zpQfaOjktM=":{"valueMac":{"type":"Buffer","data":"M7pUwBhM1Dc1mORS1k846URPlMg1tOdTTMh2miD3K4s="}},"MD03UFRFdbFOnLmtLfKSxoaMBCIm1MccIjkiP9HUcU4=":{"valueMac":{"type":"Buffer","data":"M1FPoSnmuRitOGKeFrmUNshTiTud5j87SGHcPBUbCAU="}},"MEIu6SMt8tSvAp5y3UYo5VTJC5Y9vFD7B2/pIfdommg=":{"valueMac":{"type":"Buffer","data":"dT+sqfUPYy0nKwlerYmD0B/Hlh25VLguaOblxsY9llU="}},"MLNS6kkSHRWDYUiEIP8NNGuAAb3xMaT6KlSVXfep0Ig=":{"valueMac":{"type":"Buffer","data":"HO64B5beSdqscCWujvRChfG6RWulH8gqlmkCwXKrWF8="}},"M/pzjpdFfs9D7Mua+/gBt7g1nl87JD5GYfpUSqWiuFI=":{"valueMac":{"type":"Buffer","data":"MBnVbRrQZQiCo9K7ph5c9TDUnxmUaT4DqBl6f/4yYng="}},"NADxM/lyeBf1WjfWP7J+dy3Gd+6JM+ctBQwPrPSHj1M=":{"valueMac":{"type":"Buffer","data":"YBewZWhxGAcM6LWgXRKALkEfqrHVLdzQDEzHiWl7t2s="}},"NDWZ8NVxO2OvQr3hsCVMJuDBw7r0lNsBwxlnraKIma4=":{"valueMac":{"type":"Buffer","data":"sG8zzbaJJ+rrHEJNyTFYrS9Qj6YTyF9W6gIlpctxBzA="}},"NF61539iWvm1U0v1ClNZJYt6pv/vovTVDSMah2sfVuY=":{"valueMac":{"type":"Buffer","data":"d3DUaz8OiTGei79Go57G4h5v1gqm0y7pjpfQGwPzQIE="}},"NWUO4Jqq8gHmztQtZI/eLVBNfbYiY9ZeAJLNBYCju0Y=":{"valueMac":{"type":"Buffer","data":"8ZB8Zlot5Q05V1+nu4ZMFV7YBCm9liZM9jKApB6ARMI="}},"Nf6wpQNk+lmY0vKZeCJc0YN/YeO5h8F+66D7com8nwg=":{"valueMac":{"type":"Buffer","data":"Jb84Mx+Khx38/Y7spKU3pjFR5oH34uDhCxdfe5lGrpk="}},"Nqxj7EaHaWZSGQOqx6SkgwUxnAYWE2tIizFfeKLK6wU=":{"valueMac":{"type":"Buffer","data":"fCuaeMMTKeDlHOIY0GLEvbYH0pshVe+m716IZSEksqI="}},"NsFrGxmxN+tvAiVf1IOZYXE2V/LsztK4QBmuVaoThVg=":{"valueMac":{"type":"Buffer","data":"Dke9JxcmdN1capSdb1mHUnR4Z80sNsqnjzgMGRyifmg="}},"Nxotia3fiInX3wGJaJw5zvb2SeXigQo88kS2iQlULi0=":{"valueMac":{"type":"Buffer","data":"t6qqTAoOKTqZEzilBbw3bj2D74G6MJIDMXMX5FGpO0s="}},"OBDxvK7YHZLuM9mxVnasQ0bvL2Z3b2DaHHVIxJVtSUs=":{"valueMac":{"type":"Buffer","data":"WCKU2argg3nTv5GNljXuhlPIsDRvhbeCD3gHiT4Fwfc="}},"OPq9Svnz3CLRuh/B72zpbcLdCSFAEMm3HUUq6BwKnuQ=":{"valueMac":{"type":"Buffer","data":"KIlstEiR3y+Ly7BhJDC448dgOk7uoq9jZKgyiTsv8wM="}},"OaFDgDRoAFvXx2tkwpCH8r6IAOcNzysWkNVs+RvVgRQ=":{"valueMac":{"type":"Buffer","data":"at8F6Q5NrNsRHfJbhAFP7xI6ZVXjqyi+bY0PR9983EU="}},"OfzCPK4yTTg34sOK3DduHePQ7gSCavZ0VA+CtBXVZA0=":{"valueMac":{"type":"Buffer","data":"Zz/tFIpigJCSdX+pZ51bl7G2sViRmXRzllN18nIg3So="}},"OkVvVSbewtWTPifVOub0FgjKhnH+4euCtbwFFdsyCdw=":{"valueMac":{"type":"Buffer","data":"SyH1HwflVwCmPpoGN9qmV5gAYWR8PWITiKFuzpC7Fd0="}},"Ou/pXVZAFfKU5+G7MZCiphww7f06tkxLccWZoanpUok=":{"valueMac":{"type":"Buffer","data":"AEEGkwoYzU3/ixJ4OMaRXEmi4JgwQGUDO+TbygHAHcY="}},"PRexVQ/Bht64xD9C3e5Wp6fN+5ihds1HUPhWU1mLB2Y=":{"valueMac":{"type":"Buffer","data":"a0W7ufdo2wWx+oJ4LddBERHvTQe2incWPPI0Yc+T7RQ="}},"PtoNdepxy/2hFftDqfFzbTr9sWzWjVSpunlHCigrjJw=":{"valueMac":{"type":"Buffer","data":"/5KTm2evXpMS0UxsSL5ZKdtj6/JfcpdeDZQZy5fflgo="}},"QUcC3ul/iAOWLfmj14xzeDwFCvUrUh9XPN/XfhkA8/Q=":{"valueMac":{"type":"Buffer","data":"37OYJFyKItgL01+qYutEAV92lvnOWdZiRspGdnFE89s="}},"Qch8oTxR89roCLCI5guE4V+Jfrs+bAfLb1Ui36R/2ac=":{"valueMac":{"type":"Buffer","data":"PtqUdBl9FulawVMpJM9YUTsZTSCeceaqAHMugFLZoPg="}},"QgZUDWEBn8w98zbF4Kl+bnA0yy2HTgelB/AmGQ3tJ6I=":{"valueMac":{"type":"Buffer","data":"QCARb2PSnVtl0FmaiU93spPXjUDGeMUYNn4zS5yXiCc="}},"Qiiblzj0qb/SmnrORTxrcbHA9mmaM3uuAa4PnQIGEsQ=":{"valueMac":{"type":"Buffer","data":"cd6YpimMpCXfo+MUiLAwchy6ArgCOXiO6o8FKY7U/ns="}},"RaM1uNlhVOtxtKyKSYyuPOJdLbFLvTNKmt9+gsxM+Oc=":{"valueMac":{"type":"Buffer","data":"uvdj8fs22RJ8jNT4oMR8l5pS/rr5DFTb2pKnb4gK/78="}},"RkgrIiKPoASnHvtD3TSZD3TvfJrsetot73N2RZcuauY=":{"valueMac":{"type":"Buffer","data":"3387hw8drqRKVUbar9YMmx8bHemz7/u7d8ttV1+NPEQ="}},"RwCykSU9j3jjSjzKXHKEwEDi8sXqZjBr0ePuoCGlDEQ=":{"valueMac":{"type":"Buffer","data":"M3i9Sa/xcKWAk7q0nsX3izAfhiEB3cReBxV/dypehQU="}},"RyOMrEx/73hCT+0BmPxSR+y/6RVx2DI+fE63hCVLn9w=":{"valueMac":{"type":"Buffer","data":"irBIlw4yMS/2q5kbVkL1CiRpNeXhXEI9uxjDVH/1OFs="}},"RyiD9MkZaNOylTytqJrwmMri67JaLL1JfTekqpmcUBw=":{"valueMac":{"type":"Buffer","data":"sdfhCzCQT5zyyXSZzlqXtiB2Vf19tPvJ43j+Fof57FQ="}},"Sd1d4q5dKvnCwnti4UXTRAwua8vTlTzP1VIzQK4sZbw=":{"valueMac":{"type":"Buffer","data":"m0iBCbljfytTAqCTPBPGASnHZ5lHgbuUjqsO4jFMuj4="}},"Sz5AluJHJ0db689ivH0eh7v8wC0et/R1GDLe0RT2AHE=":{"valueMac":{"type":"Buffer","data":"23D3blqNZZgb7EyDCfRf/fWT7rH3X+2qOF/weDUNHUk="}},"S/y1jck9GA3IwRqpRJbkUbYpR1NGJs5kdocyHbPHq/0=":{"valueMac":{"type":"Buffer","data":"TrKX5yfCiyI6b1NhkQ+ZER27YnnXye677SiP4Sw9IaQ="}},"TapEN04NsykNMtzS85DlPqWyQXeTJP0MOMi2tnyvThw=":{"valueMac":{"type":"Buffer","data":"uuKHwRI0OfTGcv4JulNKKC9jEws6/0TIFYSzuy0BRns="}},"UfFwvd04+J9j3pNZ7DJe82DZ0DfTRLHEVeS9j25Tp2s=":{"valueMac":{"type":"Buffer","data":"EkJqsHu6n9MS8Xrq8R0H23S4CtkFZwVLNxDrdPQag5Q="}},"Ur/zrgFt7Le03dhRkjqqs3gMvrwTQky/euh7+DUcZVg=":{"valueMac":{"type":"Buffer","data":"D02hPkNIE0Q8h0ubkTaiTan/pbonbbqo86+TS9BJpc4="}},"UwbZycqr+270YB4dp/V3+JCG6WCEOIHF0j3vGlTHWJ8=":{"valueMac":{"type":"Buffer","data":"esP1MaVkoccZQEMAXdNa8ZY4UtNpseyVcvUqgyRCEpk="}},"VELtA4E6SHgrggs4A18566AQr2MEdmdw4VI8ZWqRjko=":{"valueMac":{"type":"Buffer","data":"l6JPLcSnTk7piiasUrX6jZlz43kw17Ok5Ho+bqR2Mhk="}},"VVHlrC7Bp8mwm0k1+CkiL2tzD7BVzoJAWvVmbsjuDfo=":{"valueMac":{"type":"Buffer","data":"Jj5ING7bi8Wa+AZvRDR+vkaasOapAor2sKJ9C75igks="}},"VbrLDZYitM8OSq7irdZk2DPy+oCR08aGuFEylqyidY4=":{"valueMac":{"type":"Buffer","data":"Z/Qq4BpKWFHkVNdcF6DxVdrtqp7zRsnuTuyoamVpmJA="}},"V0rJmwCW9AXjPDk6uxrZUdMQcHN7IkbNOb4Rnwzm3I4=":{"valueMac":{"type":"Buffer","data":"V1cHoV0cRE32S/vUVlvF69iUBgIcT6kb2nDgmapB8K0="}},"V2MQPo4D9M7raaS9tVQEZK3DbNWe6s8K+3NmesuxUVg=":{"valueMac":{"type":"Buffer","data":"llAM3iwd2xrPhNNiM39E+/4lz2T0fbNuP8RJ5erzxQY="}},"V83SKvMf94qjG2SyVuk/oVmLOUvCbbku+/xKPJS4lEc=":{"valueMac":{"type":"Buffer","data":"dGgbNJc2dg2EZfZyHD9RQGt/YzBkWlUKY+2LyZoYhAs="}},"V9Qz505cnuRS0yhL32/QGi5lhFTeavZXX+mmxNXrPfY=":{"valueMac":{"type":"Buffer","data":"megulj7v4c4Psca69NePsWruwac6N2MAnrvslIbDmBM="}},"WLPGCajUhVVjEEZho1/gevpt5WmKATyECccqM+a4N0g=":{"valueMac":{"type":"Buffer","data":"1Jkap2XGcWCtZNy+LqtBg40zT2Wtxap11GdRBtf+7ak="}},"Ww8xdVrdF+L9yonEs61TG49eKHqC6a2fAd05ihAoJpw=":{"valueMac":{"type":"Buffer","data":"gZLCv5iI0WU3t3QtiN91VTyv1GHkriB44accEVyKoIk="}},"W498mdI9LoNbLJsb1QRX9ugX4iPaaUef94J/pGgG868=":{"valueMac":{"type":"Buffer","data":"C1eIUNXYclZMN0MfxvPWH5s8/9fICFGclZJ4xIMfSc8="}},"XNXeW6FpXHhzaOoL3ybpJ43jPXhtne97MfiDhfnNxTQ=":{"valueMac":{"type":"Buffer","data":"dxY6vcK0FRvEYIXXqmnVtQXnNIXblCVT38R3w0/TrVU="}},"XaaGCdc3nn6ruHTwE4rZlCNXZpFQBNPRPaknaTRhLTU=":{"valueMac":{"type":"Buffer","data":"cHXf17Yj/ToUgWMOWyipXFEtS1K6tWb/l/y8IaUV2Kw="}},"XbcGzIafm/9+kAFPl/bgNmLhFNpEo91gPTKaJMtBC7M=":{"valueMac":{"type":"Buffer","data":"pF4v7Ou4O7/+sskL4P00efe8iY3yjjtEa2+AzIdVXy4="}},"YDfulJypPBcptBoXprUElVQT7vHsucjyF+LLWck16A8=":{"valueMac":{"type":"Buffer","data":"DBykJRcClpYxDNKr4ut1lTho99eXCrOFnHnM9VoPcb4="}},"YFbLaKkmjrFbHKhIB2HaNmwewpBMSbsJZRC9+Ylxh+U=":{"valueMac":{"type":"Buffer","data":"xc7QULlzihjLMn0VisdgwM/4hS9q6RA91O5G0++S2EM="}},"YgPzhATNh/qflEAaFq53Ncy1/5HVQf6EiNjewF67h0U=":{"valueMac":{"type":"Buffer","data":"DXE4R8BWhRA5ae4irhAkaOHrRz35LMlYlYLe8zu8FJ4="}},"Yo291QCVYY0l5Sw7Xz+dz4OXJOFOma3qEyT9nMx/MPQ=":{"valueMac":{"type":"Buffer","data":"Bt/e27MfJiaUzExRhTo+BVDr+AYqRLEK7rACw+aM2yQ="}},"Y+6+jYKORRXVtzDr3djr+bqQMW5gGlZWOAKHQnN8jTg=":{"valueMac":{"type":"Buffer","data":"yrqIP5zFF2w1dJRudaFOTpwCryjNrtV93iYcyhdFX3A="}},"ZIIPs8WH5oftlozVznimKTqZSVgEcol+3VfhDrU3GvM=":{"valueMac":{"type":"Buffer","data":"poiLkK8cnTg/+YxeP0XSDUQfot5hTRfJqX7W6D58qK0="}},"ZRqSh+NWXfW4b1Kev5wPjbL9YFvHWTJams+zHNqNtSo=":{"valueMac":{"type":"Buffer","data":"U0JA2xu6J8s+JmgX1aR9jH0aWDAJLS70rQuGVOa+C5w="}},"ZWJqkaqXeUpRP1kVOdEvPuQaVG/KEtjbuV2+d1+XYcg=":{"valueMac":{"type":"Buffer","data":"Ixs7NbNOBrZLauIk3sk38Onx/yQLgFEPrcAKQpFX0Fs="}},"ZZCmHmLxanBQbb6yXnwD0AuNgoXvymTpADH0aLSNNYI=":{"valueMac":{"type":"Buffer","data":"INdBWHHrECWUYC+erW7HwxS7XCrdGVipgQwkcKMeg7w="}},"ZpBLTnDJrMJUOlgiZaCFV/qZXprnz0avTYUZV4tpGA4=":{"valueMac":{"type":"Buffer","data":"AxK0usldjUR6raaG1S/RWEDxxtIOaBwfEVsZQzK/f0Q="}},"ZpYSbrsXQKey3CDQYaP5ZcWLVaquOmVXLxcJFUWxTm4=":{"valueMac":{"type":"Buffer","data":"43hkFWpO3+bhEx00ZQCQnw21GRgLw/vJlsTgcwS3zFQ="}},"Z2nLvX7HdNewIDR6PeJd6iR0qKqmHJzgpe0gO4qIsfg=":{"valueMac":{"type":"Buffer","data":"1NnSBbsEASv0Q6yXTK7OjDxPehpqmS8GIfwAhymYJZw="}},"aBaux77z/h6fzIxggpp/1gN5EixNaGUsqkkl8DapyKM=":{"valueMac":{"type":"Buffer","data":"0oDlGYO7KIPiyytrgrTLjiY6q06Q/ACPBfYQSNt10YI="}},"aXRbSL9yzeWa2SqKF1JDXJbbv22IM6zhqfg8X8s9Cp4=":{"valueMac":{"type":"Buffer","data":"RMv7JHtuEFDZo21AF2qpS4FmGGVO3sei6PhWIL0a6bQ="}},"ai4QRkvfgeJrR4BC3JUFI3JfTdPUEY3e8o6ATTzceq4=":{"valueMac":{"type":"Buffer","data":"IFmUmgmC9MfuJfw+LZfBbu7hQt9SC8iKmPAZhOeXXFw="}},"arKaXOThZHhTLMbPH2sYTEMBlajRB7bC778uTyj78eQ=":{"valueMac":{"type":"Buffer","data":"BNWDbamJFRF8sWDhh45KOhE9CUeTTJsYrnDJEcDZ2gc="}},"bKRQB/30mFQ6dOupqogfau6VGMI6BkdxOy5D+vTxgvY=":{"valueMac":{"type":"Buffer","data":"tSOpP3g+41vH0EDglC1zApf1A3jUOGOxhUJygnnoI/k="}},"bKUy3umkfFYTejzoUW5xeXuY68Vk9C5wikSb4EPImZY=":{"valueMac":{"type":"Buffer","data":"TIMLHKtIYpxNFvhbezqeBsHlXbk+/hByesvYROtCCgg="}},"bSCFAX7mraSqt7oDUhYnlyIhj8aK9X6ewg/r15hGVrw=":{"valueMac":{"type":"Buffer","data":"gbuIcbCZ6JgzK4O0UjndUxBmFy38gB3KlxUY0dM/ISw="}},"bf+p4WRzosg8laLQvIQ01xKSaj+owLeiCA0H/5WRwGU=":{"valueMac":{"type":"Buffer","data":"xLQs6gFX9IsyejmkUMynIRCg25ExSfwhKYLMCnCh8BY="}},"blBDicVYyHC7h9JRxkcL20Ktk15xfhuT+4z1C/BVvi0=":{"valueMac":{"type":"Buffer","data":"rNnTNJjEaYFJH/PX/PJjfMyplwrAuurE8x2hgg4Ki78="}},"bpJD7dDsQlw1IvMTjFVL0Wr+aOgmoAtFTfp5S2/rUkc=":{"valueMac":{"type":"Buffer","data":"z3CeHLXdZbaovgil6MDiITYQXoXRDTKBoIO8FRIW61Q="}},"cANVLcha3uLUhqEFCW7gNlVZZh2TqFAFTPCNd0pTv3o=":{"valueMac":{"type":"Buffer","data":"eXyb+87H4IEoTwE/9ukEy22AyCjSvEMwBuMjlGjqEcc="}},"cP7pLobBx8p9A+yPBMCL34LEz3pzjAoezKGd9o6PE+o=":{"valueMac":{"type":"Buffer","data":"/Ty6vzyZra3GamaiRKYJGZw2IOeEU85l3Z7MAfXph0A="}},"c1DpCzD4FvIwb1LzZ9v7ssObke0JKNoFaz1r9n03ji8=":{"valueMac":{"type":"Buffer","data":"RG2mxW/sI3Gm0Z0fnb0DKV3uuOczZBCXC4pP5HdUmn4="}},"dAJemJ9bFS8SbGCaDNR6ClHd96Fs4SzVKicBFhQgnR0=":{"valueMac":{"type":"Buffer","data":"+DP30gudSOTAh1vOISfw+QVy0q230sxttPBn4ffAEHo="}},"dY3w+vaNZoM+L1klXUYcbJHHOQ0y4F+zqBdXY3jvZFc=":{"valueMac":{"type":"Buffer","data":"UY67w0fYd8l8Wppe8McikZ26i0PCgkwJ7k/ZeHZi5aA="}},"dhFhbGL7d1G+fI7dCy82EB9D3LPNdT8s+LzXFSqds1A=":{"valueMac":{"type":"Buffer","data":"gsrb6u6zP2zIjg/vAmRnQtyEKkRutibetfh4+/hEhxs="}},"dkF5cXtk0Lx+ZmOJcBeC+iWiug1agd93U0eY9OlM7iI=":{"valueMac":{"type":"Buffer","data":"sEelXZzshVQwLK03sDTEm65Pw4M44Ssz7ldNlRLt0AA="}},"dru15BvG5ZJidOt+IAuCsmzy3d/iJC8mcilRSWJRR6k=":{"valueMac":{"type":"Buffer","data":"0Jpfz6lv8o7tMl3L/UDuZooDvz5pZtGEV6okAxOt9X8="}},"d/JOz78kWpzh4Llt5fNu7ibkBjPDmYk1LAOcWXYpJHQ=":{"valueMac":{"type":"Buffer","data":"zQt2SPqT8tFriLEX0Tji7IX+r7w8QldBxvuKXDhTzY8="}},"eOf/tHR2gKvHmsOm+z6eK9jKmDbhPokVDAirRtwyq1U=":{"valueMac":{"type":"Buffer","data":"Sdbo6NHgchRzyT9gYTYHiJhrXTbp8GHWv5pyBTIKTl0="}},"eSvm6zt6De5U4sJruGv0efE1mD3EYx28boR53C07ZQE=":{"valueMac":{"type":"Buffer","data":"3cgg5d4EpUjSvbWQMz3f9zf7RnpiuE0nypdjnXCkrb4="}},"eaEU1wYkjGlYGXcKO5MgT8enDys50PGJNkDoH0+eLAk=":{"valueMac":{"type":"Buffer","data":"2YmELzNAV1QRvnZ5CZMpycknVdP/g1JVEz/OpcQUIVw="}},"fCJvnq0W9Gi+dHVCAtJ9sga/8XfbpArPDhatgWrJ2UA=":{"valueMac":{"type":"Buffer","data":"zQNzADZVAL32NLI8MW/WKUXTPUcgaMFYZVXKM+OWLLg="}},"fW1ch8f0aOb+YLjT1PFpUUSDA/IJZfZSRHlZALgUSHA=":{"valueMac":{"type":"Buffer","data":"y85y0ozO0c24C8SC8uGrb32mbdmXY0MIWK4pBMDBXqs="}},"gaH+oEt9ADPK1k9sal7DDJcOgVvMgnOVf+NsEDyUHlk=":{"valueMac":{"type":"Buffer","data":"ltz2XvZ3FhH1CTpLBdYyVTs/CX08FDRn5Q7Jzvqi+Zc="}},"gccLiRweLgATdWbRWVwy6jFyezeYWgd3P9jJSgQRqSI=":{"valueMac":{"type":"Buffer","data":"v52Tb+xshHtRUmzc5/lPEZ6wAj4bCcPQLpnmCK5YNwo="}},"gsDzGx2VoO7+71ehisC8605T90RnGHC70Z9NfAHzqy8=":{"valueMac":{"type":"Buffer","data":"y49z8VUbwfnLYZ3hXPIAezqYqgEm/0VhT/A4pXLeTQk="}},"hAts2LFheyg8WWgjPystw/MEFtJA8RCPP7PN9xYBfqI=":{"valueMac":{"type":"Buffer","data":"tfjp3evgYj0mIQkNNBFygKWD98Jqp5eiboXChiYUjQ4="}},"hKBxP+27hhj9kRhrkIPuv9M1OivJbOGo/ZMqlaTiIn0=":{"valueMac":{"type":"Buffer","data":"+y8BLBA5LazQV+1mvNsyVfgmzRGxRRLHlKgOcvBJp/A="}},"hVljI3/FjrnT1oXGvcklIT2CelOuwOuMZMGSiGX3UsY=":{"valueMac":{"type":"Buffer","data":"XVxDG9Z0/WpkRLcqRvkMBemt5sI93UWlpqpEzTPL3uQ="}},"hcRIhxNU90KMvd8jVfjofYAQdgijppKAQMV4TupaECg=":{"valueMac":{"type":"Buffer","data":"wqyFqCHG3ZtQryouU2wvKsAX9XRBogelL8CWgBjoDVg="}},"iCFoe12b8zNgzgGN+B8dPYA1YSNp+UT+wL6aLLWatY8=":{"valueMac":{"type":"Buffer","data":"FkNjaL367A+ue5HE3DdbBVdu75Z7fJ15Z7Lc0MkyXtQ="}},"iFQCmQ0stIc3v1MPRC8+4T/A15GzZpOaGfSBGYy9llc=":{"valueMac":{"type":"Buffer","data":"bk2jI+NFICdN4YM7+KYlVzKfVu575Jz1/ybHKOP/UB8="}},"iwlBBG9ES3iOLpQ2icP9E+xWJ6g/l10m9uBjFSnPQI8=":{"valueMac":{"type":"Buffer","data":"o77f/9DlhNNr2nrWeoKjtViWMDTzMh8oXrfavh4oNrE="}},"i4Hxt5pehcIOfsLVWt8gUWXR2xvIWNqFfppvfr6migw=":{"valueMac":{"type":"Buffer","data":"weMyWcf7VO4cX/mpvD6JEzWysfMETqa25OqrWrKwqPI="}},"jLkRVejZpOmB6ztMPZBl43uNfV3IGYrBBp89HVPVlGc=":{"valueMac":{"type":"Buffer","data":"UeqGEizO7YvxmhN29Xd1JbrBe9z5ygtegsT0YK0YyJE="}},"jSA6AMkyj/yXzX+XYyh35iQdEQosik+2M77HuWoQ4N4=":{"valueMac":{"type":"Buffer","data":"DYx7sENFTGn5FLeqloKHYAJ3dt09y1Fq1jOEGf5iAiA="}},"jWRtEG4Q0iQ2RFGPph50Frau4ZyJSbsWz1hjE2a1260=":{"valueMac":{"type":"Buffer","data":"CggxcoGzk/gOU9/sM/38/Te7wBMcyRvJo4W5mYudgqg="}},"jZ3chyySvt6rK0Dj+lCTBH3NLJMqHkA7oxKeK7O/yuY=":{"valueMac":{"type":"Buffer","data":"tLKoDWNT9HZJhDZw72kfyZre2Ad7WlplB3hxIk0GAbY="}},"jvRwd/U8xGird6YO/gAXm26RYpqyIPx4L22oE5QM7uk=":{"valueMac":{"type":"Buffer","data":"NgOjAMQgr4uS9IolgRhJUgMF5Gx1z9RR5IZeqMBA/pY="}},"j3d9m2dkM6KdP3Wiu6hvPtWkvC8FJgrehuf5IJmWstE=":{"valueMac":{"type":"Buffer","data":"GNSBze2iSxpcpzDWYUeNq6MXbphSfS1UV95mJofgJEs="}},"j/oV5/m842lVxm9hcxKRtiJO1Tq/VWmigUdXrPJ10h4=":{"valueMac":{"type":"Buffer","data":"6cMFNMJUOSBepdQ9yx9FEUeus7uq45wi3mdG8AO59Ls="}},"keGmFuIaZOOsGM8IuBEjqkMmNm9RH85W25TMMElXxsY=":{"valueMac":{"type":"Buffer","data":"ZSkJ02+vrSToSHE47e7ehIllePIzfLDG2fyVkSMq3cU="}},"kjxJoPlXMY8LWPGllbSETmF02dndBE2OT7auek0ZHrQ=":{"valueMac":{"type":"Buffer","data":"vrC1Q1D68tT1RW6L5KhNfEnW7iLY6crDF3I/q3OImKI="}},"kmnLGXCE9lza1HXTjJBUmnI9yON3KI5zH3gbvIl+bBk=":{"valueMac":{"type":"Buffer","data":"jk/9OEWZNhnBcenPxEDoTTaYi0BRKpqgY+ZN86LpfNA="}},"l4ez7fb1o7yFD7hKUNWXRCJ78OLupJM8vYyGeuOogtQ=":{"valueMac":{"type":"Buffer","data":"h+SHBtwmyHfcen8/Y1YoLFxw7hfxMlQKK3C/MYdYFzo="}},"mR19CxLbDhiX4ovsdYjcG5Ll1rdi1KtlA97ZsBjwhw8=":{"valueMac":{"type":"Buffer","data":"oNVd/Xl1UFHhV+7zyeARp/3RY1uygXbcop45EJAKSVI="}},"mw2NzEqHfZ2vYAKZOUDmKpBqjPKMdD0Q119gGEhYOSY=":{"valueMac":{"type":"Buffer","data":"a1vYqmi/x1WiE9snxwnZDUj1NC+nE3WgBXOfLozBWrk="}},"m3KXb+jDErTGCiUlXjnDKLQqO3ewaHvzU6mC3XlM+2Y=":{"valueMac":{"type":"Buffer","data":"2HP5ASUrZBAKi9KZW3D1Gzkd+mzMRJZFCjKrrr6fzS8="}},"nD+A1Zp8JpiFCYHk/QbabdwcFlh7Wg1DaMTsVVGcqrk=":{"valueMac":{"type":"Buffer","data":"2LttBhNRTSJQyVebMThE3/WpB/fcwzGVdSQa7NX7qYI="}},"nq6S3nT2nhOiJKxR7VSossSTvCNrXfeLOCC+MSuXZWU=":{"valueMac":{"type":"Buffer","data":"SCUXbSTVDxCE9kytGTo6Svel1N/PAVsCQDfr6daNMcY="}},"nsJWwAotc34U+Vjyt8tYFhF6svjK4vRh0Mwkiin7B4I=":{"valueMac":{"type":"Buffer","data":"/ACR3JjaIOIZEe4/aLjSRwnAFk3pydgMmuo/SAu/CRk="}},"oC3nhoN5Crq6585xHwSdJbelwBPdECKm/uO5NWrfoZA=":{"valueMac":{"type":"Buffer","data":"RDFlcrPGtRn9DEg18PR1Ry8zy2xGRc5gQJYLaTs4tzQ="}},"p89YpjtS0zK0lwA1V50iwrCP8LeM2TE0Tw6VjPH6ySI=":{"valueMac":{"type":"Buffer","data":"LnWWG3dtZrj5jKVnCnDNd6I27VAgquzZ1xbHP/a65/Q="}},"qZIc3JKaUf4wTwuq1fyhcKewkUL4OTea7of0u7xPyYA=":{"valueMac":{"type":"Buffer","data":"e/2ScLf3GyY9BJUx3GXcHEbB3dvfnDmBt9taxJlMn1Q="}},"qaKq3MO8jBBzl6yurA4n5uuywdiTSxC/+oOjl+eFMGs=":{"valueMac":{"type":"Buffer","data":"mmhMF1uq0HRjqFspCM1hnfjcz/NtlHZu8AAifCe9Mcc="}},"qlkiepC91i8qoXlXckdN2VjP9cRzvDX4W5xB8IG8pTg=":{"valueMac":{"type":"Buffer","data":"kGTHw1eh67gHEQ9l3tKpV+YOWBXtH6D41pr6dZrm+UY="}},"rJEZyxXJ1CPU4iE4kkMcwMAoxzRzumG8L7KJpxbZ3Ms=":{"valueMac":{"type":"Buffer","data":"AKwiO7Pnda0/6qp/hsXvjvwe416SICKiBtochzSpUmU="}},"rNHsxx4zLJh0qgCGS5+XatueVZqEHSVSCwUMyiGk6OA=":{"valueMac":{"type":"Buffer","data":"+RFWwJOmD027QgXrfaiqqM+GmUH9pfyjFNneQwzThms="}},"rhhgTU1TXnArpeLIS6uafiHbQ83Y5l+pUa4qeNDYrZI=":{"valueMac":{"type":"Buffer","data":"E/op8RyBTiFadcnmvP9SyQTm27fsL0GsyPqP61uYkcE="}},"rwouudVa89LFdV16x7J8Z/gOmx/usSnezB0BNsrAaYM=":{"valueMac":{"type":"Buffer","data":"93aYPZ2c7fLMXlQHlyMjC+kfFqPEYQG5GTZ1YTuQWIA="}},"sEgnjljHL95QqohLn/lG057V6OgPGFdEflBT0NW49YU=":{"valueMac":{"type":"Buffer","data":"7SDP+UhqAZ0AphwPk222tdZOIXyHtbXm5dfQICakTnk="}},"sQi0L5MdYGOlRrN89nD46Kojkxn/xx5kU/XkuFVDCy4=":{"valueMac":{"type":"Buffer","data":"A/4Ccrz6ytcob9RpZ+qShoJbmwXqQajofNTgUd7CNd4="}},"tB3NuuG98M3V9HJbg6/u59jzMzYz8l0TOWZ9klpIt84=":{"valueMac":{"type":"Buffer","data":"vq6kqm5n0O53v/i3FWYbEZ7ukhnDtGFgIeDT3YHyIFQ="}},"tgcALHfzLHERIehDM6+HKfA/6ev1FxTFsDu/cRzzz8w=":{"valueMac":{"type":"Buffer","data":"GG8PDRikAWNaYUqSae6zb1VKAQIGKzxA1FweJai8SCc="}},"txqD1SEEJofOuF5xIT8pVGtnkUVrc7I0FDh44ZE1DFc=":{"valueMac":{"type":"Buffer","data":"zA9Foc5918bZl4uzfWs6OOgwsSP1j5TEmbT1Lg6Ek+g="}},"t5c1ZPt6nN25aoi9MOHZjnunUcwAdTps4K6i/rY/1zU=":{"valueMac":{"type":"Buffer","data":"otxHDNeHSnO2OW4oJ797jfTP8scyT+C9zfGQAkAci44="}},"uKC09cJnbVZPJ7/feu0fioW0uVaiaX37zenJXMsWqrg=":{"valueMac":{"type":"Buffer","data":"KzsoD+87A0Y9BkPlMi1kGiVG9kbeVG6DMCTPikifr54="}},"uOLkz2baEtPBQlIJFLSti2zp4ksU//C5c4iacVZsHwg=":{"valueMac":{"type":"Buffer","data":"tYrEl5SB44QAioLqkAZJnuFRZKZDT/2goa8xes9jEE8="}},"uRQH4AhrU7NYSqe/vFTHqOwG2yT5DaqMb+LRMiVeMZs=":{"valueMac":{"type":"Buffer","data":"x6gRPa0UDUqarSMgNPM8piTw5GsqZULgNPzjrJ01uHg="}},"u1qLkp4GgxMWHefIPPaQ/QXsv1R0I7zRAz15ykhy+zI=":{"valueMac":{"type":"Buffer","data":"RuAYX/FlONEY62hEQX7TN+rzgY+omjDq6V//huxlATU="}},"u/+pDi9HK07l9DGwRmR5SPqUd/BkLfh2ZHxg77KILhQ=":{"valueMac":{"type":"Buffer","data":"hVJ4o5GAS+UOXwQac2v2lhb4Gylw8R7UlBjEwGb0sDk="}},"vAKjtD/5vXfKHdP7a4aVRgUuO7rbbpFdIVtxoQEkkGM=":{"valueMac":{"type":"Buffer","data":"NX6p1B3coDAs6Tqp9GTb+2aaxOKMhL1W7zj7il7Twnc="}},"vHx6SAHKBiGMqv2lWko4zBr+9icfvpCcBnMqxDRwb50=":{"valueMac":{"type":"Buffer","data":"UZvpLp88BJhejDwXV4bJFEkmUtwrN8/hsPHzoGOcInw="}},"vKXlajl35rEnvvYMVRUrzIIOgHQqJzS9KzM8SnC9gaw=":{"valueMac":{"type":"Buffer","data":"kDUH2R99bGus39zCaS39KTIvbXA6AhD1Kj50vVL2n+0="}},"viZXfFXkwVclPpyENVUJfLMfqZNvmj0EjYhNIq0GcJE=":{"valueMac":{"type":"Buffer","data":"s6lgnZkK2P8tAffhh/8vajZk4+fb5quTe/AZu7xytMo="}},"v0BcWQj1wPXbCmpLKffEqxyJRhdJZSjPM22D6vRl5Bc=":{"valueMac":{"type":"Buffer","data":"4+heCu85gPBeJ8ebbXT7/PUaolqqhuL9txUrHO3dNoU="}},"v4twvr6a55pY4lhWtKHr7V2+VezFjBoO1vm/m6Hq1xg=":{"valueMac":{"type":"Buffer","data":"P49/npLQFdnDChmPKQLh//tmW+fssD+GwcZguYxFBlU="}},"v6KV5W1pt6Gr3FqKcPuB5VqAzJDGfPk/50Y3ftApn80=":{"valueMac":{"type":"Buffer","data":"d/lEGb+AJl+SCGRHUzsVh7Gdqq5PDvwQ4n9kwd89tPY="}},"wXIMeQoxFH5ImB77NWal0MiuY6tC+jRyYtUqfn/R//I=":{"valueMac":{"type":"Buffer","data":"Ozp6QfIPFUEsM9EGV4tL6PQQb4PgEwOi8lqeyfiEUk4="}},"wYXNpVyCLz17G34AX018FOI69N/kM2q2N0gXo4tbhZE=":{"valueMac":{"type":"Buffer","data":"CTdtrBHo+PItZzw2gaki9cEo4cAR+MJ/bg+DmvF+nlk="}},"wk8GRAg4cX8JuXZT5t7enmCh2yk19vqlCwy7iQ/bNj8=":{"valueMac":{"type":"Buffer","data":"mVU1Qw24clXGC9Tew4LO8EDhy9d+BsCbn54FIPfmfk8="}},"wo2EqQj59BuW14EmztvSQ4mHMoECYi1vY2MvCaT3ZE8=":{"valueMac":{"type":"Buffer","data":"wtpx6TxDZqrrBD9R5+LLiHdpCzsEh5RrSx12d1bJHWY="}},"wrohsEczXr8V9BIbJym/YjJmplQLI/nBPwiplWqPfXM=":{"valueMac":{"type":"Buffer","data":"ESaXfxbozGqCsrEuy2o0b1T9MNY/Inex2DDRijVBiz4="}},"w3lmtKUBWHGY0niqVLviZ/2mcq588zx4ZYHTbsRIevQ=":{"valueMac":{"type":"Buffer","data":"hXVOiCOWS8sfFnHXI5syW1IvaEjPuFOzqg1UHLzR8zY="}},"w5EWaZgXGdhTJWyws2Uv+ErKM2okDxsinh4R2Iz8VTs=":{"valueMac":{"type":"Buffer","data":"Fp9A3GJKImmUBSKLnGy3Jdb0zRrUYXMtkucDxLy5OC0="}},"w/kwJBvSGGIhSXsPKTx+75c3CaxqIasdMfO/yiPnCGw=":{"valueMac":{"type":"Buffer","data":"iEfThB/L3iMjRD4hQcUGS6yP9D0plHXZL91YEWuivmc="}},"xTsoeUv238hnmhNn16VG5Nxi2Vn4Oqv3fKqZFwnUurM=":{"valueMac":{"type":"Buffer","data":"ZYHLAN3YrEFm2497WF+9+Rmi7ifssHBnxKgGwk/d3aM="}},"xZGqa/MZfFSC16/UhFa4K0LUtESCgkOAvM8QEr8WL9s=":{"valueMac":{"type":"Buffer","data":"nFCr6o6U75KYuF7mqZbUdrGqvMS85bBvAk1BYG2XhCU="}},"xvxfhHb+5DbwwlV98RBSGEowGgFc9i7gumkWAZ2+ifs=":{"valueMac":{"type":"Buffer","data":"IspX7dytqXAeWisuPZ4t1ghJ9VJ/kFzwqgRYuZrVJ3I="}},"xySh12HSHNlbzK3jF6PFFcbfIWTLQnOdGfLlYeiIIRI=":{"valueMac":{"type":"Buffer","data":"8Vyry2OLVQDsTgkXyYRDi1W5N8pnzAJBY89MW8pEMSE="}},"x9PGFKpJhKSHig9sQH4MtJ659v3As8Xyp3WD6lLGcgM=":{"valueMac":{"type":"Buffer","data":"CtpeJ6rRuDeT/oYlofTTFoFKcy76H+H/MBK8FrWjNk0="}},"yKClrjtjmoZ6sYrjlhFJe1lyTNlxy3B7t5kzXhwz+jk=":{"valueMac":{"type":"Buffer","data":"d1EjufMPEfAwO+eh7V0UYtsfxCdo0ygqKbBYoMcgawk="}},"yLXsTIhzD5OAJ/vCPf9sl0x96rzC9dd+4yqW9JpFL6U=":{"valueMac":{"type":"Buffer","data":"jTohdpwzSyeLZYNXHLHWsKFBviYwkbTAL1VBLsu6NEk="}},"ya/fyyxqtk3agaZnusbp1Ncf/WRnCAZNKiOWrrIM89w=":{"valueMac":{"type":"Buffer","data":"0q/ks66K49DouvqQ8pgGK+pDK6VppusHL/GNY1cLtKc="}},"zaTAvcSAJ33ylzeukg3cG8/8cZoWQCz9Cpx9PxA5gAY=":{"valueMac":{"type":"Buffer","data":"BT0W2izYcfNs4XcNDgBp2wWVwvezF8b6BX8I+5lvtso="}},"zkDO7IJEdyVd8YQwTQNHTlNnPI2aP3mBttWKyXR8onk=":{"valueMac":{"type":"Buffer","data":"mHfCdEh9e9Cd2eFhcrK5smWzCnRVgVvVj46yMX9gwqY="}},"0ZESpvkHyYJdNWybdyfbjD01KrAB8ZH3+nUq/6o2Nrw=":{"valueMac":{"type":"Buffer","data":"bs99MCY0vOgYju6FOPccvEtrpK2eKCZzDrDum9PjJ5E="}},"0iYA4zsKELshyiJd6GKFFlpejWWxzbN7J50nBvgM7vM=":{"valueMac":{"type":"Buffer","data":"mP52Dm0zH+JQdDktlMQVBJgcb5zPe/QaJppT2z5iV2Y="}},"0iyzjisGvSLZhj8H8R8Ac/sCo/+WSs3RF/z7vp43kfI=":{"valueMac":{"type":"Buffer","data":"glc/neWdi9LVqLyPjYVkKmgyCCHo6SncY7s3THektiQ="}},"0kxu+QxYsgTKpSVQOcovsKEW9l8pdKIUBEeOHX3wRO4=":{"valueMac":{"type":"Buffer","data":"h4YdB4j1adCZ2AL0QCbrBzeIzqftlw2jh6TnLq5K72s="}},"0sidJOE1Pk6BulzNaxL1hq7iBtCii35o7+Oky997WA4=":{"valueMac":{"type":"Buffer","data":"ZpXjfdC9fygoSgzb0JmXPhxiINOG6KadUG3+dBX7qsE="}},"1Ga4b1UukJBlW2YGRQSlbfoZqhpgD+qz3R2SEffCYk0=":{"valueMac":{"type":"Buffer","data":"0vlyvaP3t0Q7yntFuu+Jl1XQ2PmZTh5G3wHfq8JG6sI="}},"13Sk4XLJLVdKiLUuzounj8SS9A/p2Laf5aUiJI4AGro=":{"valueMac":{"type":"Buffer","data":"0UhpxanNie3+/YtB6dkZG4C69LkIAf5ikiH6G6V4ItU="}},"2MIU+mn00tZD9YMem92xyTiBQvalmYGkobekhNIzAyM=":{"valueMac":{"type":"Buffer","data":"i3luqvib4ygvSaW0MnZ8jrDoy5iOIs512oKZf3Apir4="}},"2pH0y+vJY3LdOI4V7swFYvoMBLHmzH+FZguNh0He1Ig=":{"valueMac":{"type":"Buffer","data":"mjgCcI4zBhQlcQkPeH/HQaS/UXYFV0LSpBMT5JXkcp4="}},"30fG/PR/hzH51fEjiEiIWxRdjo8MipOdXYaZAW8WRtE=":{"valueMac":{"type":"Buffer","data":"7rHR4iqBNK9dN8vfyV8+xr+7vyxKniUfepMiYh5v47Y="}},"32W9pa4tG/sQNO1xnZjYvP9bQg8P0RSOHI26KX/biRA=":{"valueMac":{"type":"Buffer","data":"UUeHKNVGFzr8hHAnSCCSdQw66TiZuG5t+qsenUxBSnk="}},"4BLN7cgE9xjwf3ydxCb0da5981sOIegTDoOdnPS7lMc=":{"valueMac":{"type":"Buffer","data":"BLRo3ZcMCcHD3y+saLgk6fnGtd+4ZW1KKqVo0OvAmWg="}},"4UG+EFT35kqMy47Sek90rL6oJubNqmphdL7Xd8G8kF8=":{"valueMac":{"type":"Buffer","data":"PgIja7m4d/q7C0bcXBK6edzW0dA4S33AdSOyN3kg/LQ="}},"5N2AqDlGZvdj4gdEigQD5dXmdAQ+eeS3JBbL5gprgAI=":{"valueMac":{"type":"Buffer","data":"DqqFAYAbNDLc7q55iVaQar+buATf3/Jh9AsW6HVMBlo="}},"5YumSQ5ODpT13e4Z6CUhwFEDovtIgtvgct7vfpxCNRQ=":{"valueMac":{"type":"Buffer","data":"KZDGMjlorMjILV3sd7wIAJSTi36TGgpXT4ONaqAQAHU="}},"5Z/ONZzORj5YHMmV4A9zzqDdwRXapMnf7pcYS+dtpNo=":{"valueMac":{"type":"Buffer","data":"4MZNgfBpYQI/5f9biqRyK4hDJjSHKFJIPE4YUOcL6dQ="}},"5u3Z7HeOQSa2cta+CwWxyLZm9XAvdgmwGHFbzbSOOT4=":{"valueMac":{"type":"Buffer","data":"1Aq7Myk5nFXioojdgTLZZDkBQuI+Fl32G+229rFf8PQ="}},"6EC2HzisXoiR06MZ1vgIOSntLLHo+lkcjAPRiq7fH98=":{"valueMac":{"type":"Buffer","data":"LUoxexmUlL19Phc0o2RcDHz6cxoL5jc6T8RKdz4DhSE="}},"6YNJEFKCFkCzK39wOkqCi2FDPBBlYPW1V5HTxI75ya8=":{"valueMac":{"type":"Buffer","data":"p9ZBNrAUS0lSIl6DdA4T+LH1WsmkacNEgnldb7eJtys="}},"6ZtILDnfMd9dh4GuiA8N0Mw/6k9hdghHSZQN5fGb+U0=":{"valueMac":{"type":"Buffer","data":"ZT793IfYGduSGncibuoD1B47JS9F6PxBf4B4jqt9Jv8="}},"6eWVcm5LxIB8k96/onGPJxjPcv/+7QdbPL/eFzDENnA=":{"valueMac":{"type":"Buffer","data":"3XXawlRQ2MgajFoLICEcFvOVU2LjxIHkNnVjWAj63yk="}},"6gu4Hrx3YZn5OqVaPE/o1WQ7HXfkJXFEp9ijj/VAgbU=":{"valueMac":{"type":"Buffer","data":"NyZ6x0wzNr8Mo9UMWx9PnDxpgBKgQ1EJNQ+rRXx2fBQ="}},"6hKKhtCmZxFyKWC4UXstdj8Wwno1l87ZpU61aZQRsr8=":{"valueMac":{"type":"Buffer","data":"mMq2nf9PTtm7zGGBlORT5gK1OYKtbiNUL8mLEB8XX3Y="}},"6sQbWu6dkkDT8VlWBMaUf5BPyFyiE8F1lqJc6s00fUw=":{"valueMac":{"type":"Buffer","data":"ilgRGePj4Q2aU3oPXeBW7igb+gmTa+Wk0UT/qs0uSyE="}},"6tNXGsgKMMlRWNSWA/u1BFhayUfGak0NUls4FjXYLJw=":{"valueMac":{"type":"Buffer","data":"aWuBijWfRnq6ZMP0M0SIWA6fHMfNPKPBFn8pkDNNSvg="}},"6yBXcpcqEBRtLKWoLho7mNTimUDVQPxeBxk2o6lZ3GE=":{"valueMac":{"type":"Buffer","data":"ANRQVLfG19Hbo73JWy/hZCJddyxOtcoR3Xh+pjbFPCg="}},"7HDyzAqBEi9Mbn/1fyFj08B7NALOre0ILNJlm3yjNGE=":{"valueMac":{"type":"Buffer","data":"gNIMqgnDx0q5tIwcJWpGrxvlfEjZrHeCwlKBaaPUpKM="}},"7NzJHDdQOUNo8yeQEgX9hhF96pLdYEVdfwGGyoxncD8=":{"valueMac":{"type":"Buffer","data":"uhDXGTTDSGT0wn0x+Jn9VAmLKt0Z5fD57qmhPimNkKM="}},"7uOaw1RaCjGZUbM3r0SbqxDfQifuFnig+BEB+0J5DWM=":{"valueMac":{"type":"Buffer","data":"WZ/eSLiTKJuLPpuTmEG8g8PhURfIKg83FGwM+ovoTo8="}},"7uvcu5ThEpkzO2jNd/Rpyq/Vv2En1x/GRYjqXG+1Cbo=":{"valueMac":{"type":"Buffer","data":"M7FFDpOpjmTUBEqrS17joLIQruYIYqvCYRka1bSKb1o="}},"7/BX4W7pSM3K7S4fxLqvXLE9twX5Cvu9ZiiZwVoUIp0=":{"valueMac":{"type":"Buffer","data":"N1VKZpFY40pMPjE4UIxODKwXq1UM381O5R4ixrNzsw0="}},"7/Bof2EieZSaLPQT7SSDaJDIlElPDznltvXd6e/CPoc=":{"valueMac":{"type":"Buffer","data":"CK+8n1ObgooPFFNxJkpiopY+HIWmsM9uWJnj+JYDrRQ="}},"8V8XnnMIDx1pIFeSwBB8FiwdkbsRD2+3wHDdP6d+T7c=":{"valueMac":{"type":"Buffer","data":"kuiDJERTwdKbGikPdDfMljSMwnvO9L5B3E33BW6JOUo="}},"89EDmhOlmBASW1P2j+rcWmU/2O+wO4L1Z5OJ2fW5RjM=":{"valueMac":{"type":"Buffer","data":"3En6n+ZUdwi+o0tiHEyCJC3IhEPZMXHTT7Qvw8GDDD0="}},"8/auSvfe9d+TkMJeCpEefMKfeCImONmJw2wZULUl2Uk=":{"valueMac":{"type":"Buffer","data":"6QsSC/mIHTH/DSAZqvtiOnuClhl0OGIPEI3j+hctSxM="}},"9LQoGid/oN7H605K4EtwTyF9m0rF0sCEXjxmhr2URnM=":{"valueMac":{"type":"Buffer","data":"O28ny05QXqwLXneRHJqGn6qmbOTr+8O28VYAoqg0G/I="}},"9ewFaizj8t68l6Ev7zQhZmRUOj5D+YVWe14ai9SQZkM=":{"valueMac":{"type":"Buffer","data":"s2QwdjgmEVP9eBePhyg5bU0BUhwEaUu1f800hhyLsUc="}},"98NfTs4KPxjgRMj4twXPkgBu4QTfWtx9Ru+Bx+RQPWk=":{"valueMac":{"type":"Buffer","data":"6tCJ3PqLKEGu22VQ4IKVf7ulw8VUv+1ylT0TwoBAKfU="}},"+MGBDZX+DeISgHhQ+O7f3MzkI4Rgg7g1x0LH/6LOK6I=":{"valueMac":{"type":"Buffer","data":"Jx9WzCsn1VMOfqUDw41agM6GeGRneXZhR/j8kJY9W3E="}},"+R7BbmnGl/WTIWnVBVxgBsqC2uoEDnLZ7M+AK9e5O7k=":{"valueMac":{"type":"Buffer","data":"5wsVZqPGgdD7A1a0XekwfVQu5cs6qP7j9i7NKnP21Vo="}},"+ZYjivnY85EK6D4jYmzxFndiYV3e6hi4O7vdMiU1/zU=":{"valueMac":{"type":"Buffer","data":"b+bbSEc2hD3PW4jcJfevuNfTYnM16XWh6B+sGWBWh+Y="}},"+bRTiPHJnnkysiZnd0Q3Wfol5uj0xbewckGJX3RrDnk=":{"valueMac":{"type":"Buffer","data":"HTKAkABK/rxKkRv4Z31rzwoFQve+J45Kvk6U9n7wXHY="}},"+f+fnXwbBdGn48aqc7fi2j1fHobm12b/HU6Gq4Ztvt8=":{"valueMac":{"type":"Buffer","data":"Ggias20aG0TKrdCQxXzxHsEwa0RofzCk/S6u0wE++Fg="}},"+nHTAv71Uf7rHilkQXbGhn/yGwyjiny50CUNrBdaT5o=":{"valueMac":{"type":"Buffer","data":"eSCrUZ7G1Cj8HLFHt0ATo6yKcYlWkKhuENLEynlx6so="}},"+6DtNG7Bt1phfvFnE5AxFJeiJp6kI2ADARuyeT1ivJk=":{"valueMac":{"type":"Buffer","data":"N4OG2W8w4HXAd80LapF1MgYSYwiBDrESvwKBTts2GKM="}},"+9ZULQHabqQC4XKqem8OfwMwpzpI23ndg3XU3Fgw5xQ=":{"valueMac":{"type":"Buffer","data":"UoOPbBb0lCYB+pthQHjxplGig3pczh6Ic6LXy/DylHU="}},"/MqeAqXrdUJZfV6+FBzNwe/HNE87f8t9DRMCBMnJUjc=":{"valueMac":{"type":"Buffer","data":"t+BxG+gE4X9oj9MUQ99cYwKrALPIxZTbqJLl5b3ljbI="}},"/dZVl+QH+hY8rWV0ljmWyd2AHJaAGvboF8kZf2vmVn4=":{"valueMac":{"type":"Buffer","data":"nCROzxTOsZDRHic92tqaTMwkwNLeJyqNEOBL9wLsZGw="}},"/0Sdv2fSN7Atpx4ALok5vf9Jm51Z+w347nyJgma61W4=":{"valueMac":{"type":"Buffer","data":"dbHjvgiRq0famHwEYZ4r1bgOlBoKmzCTqQTwEaJAsNk="}},"/0q4nve2IxvVwcufsj3SwQtJIxLQsJ/IlZk/IzdAqPE=":{"valueMac":{"type":"Buffer","data":"Q+u9+2O2zvIzg3q8uopI+Fq15FsSENv3Tlxd24cJByM="}},"/2puit/zdAuNAc+x3DiUBmbOQNgeq7hfDwZNt5QsL5E=":{"valueMac":{"type":"Buffer","data":"4b1n1As2BqmL9MzwhhFt/9ijhOjGD+wyKoA5AeSPu+Q="}},"/9k0FseIJDeAUPFfilPVWUPaI1ivEnTE1vrIgqfQ8X4=":{"valueMac":{"type":"Buffer","data":"nBqRKQJq/wM1jTO3IVQVo5LyUADjXVLPxt4zD6YgJd0="}}}}