{"_sessions":{"Bd7iy2ftx5GznreHO/XxWuMfijYNTOzwyrWGbuuDVK9/":{"registrationId":1175919338,"currentRatchet":{"ephemeralKeyPair":{"pubKey":"BcOqoD96eDsJqDXMeatqcCc1OaqEAtU5qjAj93yefSAm","privKey":"GHGCcKuJVfghWNEhB7hCkDUx19BRE6eXc86SoJPC2no="},"lastRemoteEphemeralKey":"BT2XmXuZs3+F/RC1J5emGt+2zgzote4K7wjiXhKDbxIP","previousCounter":0,"rootKey":"c6K95BmT8EiQoE/X37flrBUOZy1I/52UHohNg/UYfF8="},"indexInfo":{"baseKey":"Bd7iy2ftx5GznreHO/XxWuMfijYNTOzwyrWGbuuDVK9/","baseKeyType":2,"closed":-1,"used":1764148543830,"created":1764148543830,"remoteIdentityKey":"BVsatKqRlCmaX2JIztr2g3mY1HRnf7qaGem9vzkrJTlZ"},"_chains":{"BT2XmXuZs3+F/RC1J5emGt+2zgzote4K7wjiXhKDbxIP":{"chainKey":{"counter":0,"key":"OOLtKrtm/YZ97M062MYRvbZumxyYexlNNPGAglH1uyQ="},"chainType":2,"messageKeys":{}},"BcOqoD96eDsJqDXMeatqcCc1OaqEAtU5qjAj93yefSAm":{"chainKey":{"counter":-1,"key":"tUISfZILm4gtID+fFEYWhDrEPP/DdAlPBwGZRC9p1t0="},"chainType":1,"messageKeys":{}}}}},"version":"v1"}