{"_sessions":{"BVSuuWR3Z+HQyTX0Ic8M0PfkNwA+91fnrZdLuyLQ1ioy":{"registrationId":1094081610,"currentRatchet":{"ephemeralKeyPair":{"pubKey":"BUbg3qyOm52/ps5m1jk+dZVECu02BLh9nn7cbgAbQwca","privKey":"YJ/9tOOHn7lbSHdrF5cGvuPWG5WyEQpAHpTa86HxDkM="},"lastRemoteEphemeralKey":"BUhST/vHOxjgr4DEBMznB0riZZsK9RnRVh+twTZax+kB","previousCounter":0,"rootKey":"K0bwzuuv3W+IkHrb6yKYWhGCZWv8WUeC+AoJNWRoU94="},"indexInfo":{"baseKey":"BVSuuWR3Z+HQyTX0Ic8M0PfkNwA+91fnrZdLuyLQ1ioy","baseKeyType":2,"closed":-1,"used":1764149939376,"created":1764149939376,"remoteIdentityKey":"BQwvYjfrO6q/PfL1CyeJ2JIuFv2tiFFI8uIzK+IeEnx3"},"_chains":{"BUhST/vHOxjgr4DEBMznB0riZZsK9RnRVh+twTZax+kB":{"chainKey":{"counter":0,"key":"uHf/QE6MKcQliAMxr6//BOxFmfBsJxoGdPRMM4xFOio="},"chainType":2,"messageKeys":{}},"BUbg3qyOm52/ps5m1jk+dZVECu02BLh9nn7cbgAbQwca":{"chainKey":{"counter":-1,"key":"sqoPhnnKWeOOf38veGruLx3gBMzrSiPv0cfKdikzdq4="},"chainType":1,"messageKeys":{}}}}},"version":"v1"}