{"_sessions":{"BbyhzkU84YwHEUMNv50Xhr6rvQkx9QGtrNCEx8tgGeUZ":{"registrationId":806062708,"currentRatchet":{"ephemeralKeyPair":{"pubKey":"Bd8jiTrGEPxcHBn2ex7te5zHMj7pskRoD5oPEHqd79Qa","privKey":"SM9eFA3upxkppk5PI++5zuA7hVGDCm5HqkKcuIwGWEQ="},"lastRemoteEphemeralKey":"BcuendNUhrFgs8PNR9X6C6DDrZVTY76SE/PdO7lQcxlv","previousCounter":0,"rootKey":"BUr/N0ia6rj1/oJ2rgLX+bu6nqaq8PM7f7uXFgQGhFw="},"indexInfo":{"baseKey":"BbyhzkU84YwHEUMNv50Xhr6rvQkx9QGtrNCEx8tgGeUZ","baseKeyType":2,"closed":-1,"used":1764157428699,"created":1764157428699,"remoteIdentityKey":"BaqGcBp1eSFWJNLLTHIUml1AFbq9TxIViuOcOZ8EoCUb"},"_chains":{"BcuendNUhrFgs8PNR9X6C6DDrZVTY76SE/PdO7lQcxlv":{"chainKey":{"counter":0,"key":"za15vKktoXGxebx9ACb1SUPjGtCkD74G8GSDnkEcQwA="},"chainType":2,"messageKeys":{}},"Bd8jiTrGEPxcHBn2ex7te5zHMj7pskRoD5oPEHqd79Qa":{"chainKey":{"counter":-1,"key":"oyggmMRV0uYiYUm3DbLVt1KDoU6jMvdQmBVrSG6uHKs="},"chainType":1,"messageKeys":{}}}}},"version":"v1"}