{"_sessions":{"BQ299GQ1UvokVkpIaEnBaCFpovTmkEchZV9R8JFiiOZT":{"registrationId":608891076,"currentRatchet":{"ephemeralKeyPair":{"pubKey":"BYHPUx8N0DINnSgweH+8TBVLVB532k3pliEr5Vw7hF1p","privKey":"2ICjCVP6isggy3LleZnlXF9Eakj4p/4jY0YQByZjLWo="},"lastRemoteEphemeralKey":"BVYyZu8pdLQSiZ89d3bNXfjaw29OEPEYJ8uB74rs1SV2","previousCounter":0,"rootKey":"VSvIRQJ4cm9z3azZRD8nW+pQKmvcqGuaKAyUNwVt3WA="},"indexInfo":{"baseKey":"BQ299GQ1UvokVkpIaEnBaCFpovTmkEchZV9R8JFiiOZT","baseKeyType":2,"closed":-1,"used":1764156481637,"created":1764156481637,"remoteIdentityKey":"BdRHTwAKplMtetR6/TNq5x3d1lC5hi7T/9p0OcOS7npD"},"_chains":{"BVYyZu8pdLQSiZ89d3bNXfjaw29OEPEYJ8uB74rs1SV2":{"chainKey":{"counter":0,"key":"ct2OwMO0NPHQxI7SnacgHhjuMHg8iSaGE0Vbbg//oeA="},"chainType":2,"messageKeys":{}},"BYHPUx8N0DINnSgweH+8TBVLVB532k3pliEr5Vw7hF1p":{"chainKey":{"counter":-1,"key":"rebFXlRG7YuMVZQP4YPv5zhiS5+aF5pqvHfIjR6AJoE="},"chainType":1,"messageKeys":{}}}}},"version":"v1"}