{"_sessions":{"BWXnJRjkfa/+o/LWvsOh/GXLX3vsmOhhKT+j96It83A1":{"registrationId":1160823280,"currentRatchet":{"ephemeralKeyPair":{"pubKey":"BXXF4RNjn9/EuNWHVxBXOCDtUcWvqeF0ntJR3bmueD4I","privKey":"2D0gSK35Hjd0JoyumwkTdnYlk685x+zImbPMlqcqeFQ="},"lastRemoteEphemeralKey":"BaFAAuZzDHCJrG4+ksRMBJGmhvCSyyq0gg/iSm1Q5JV4","previousCounter":0,"rootKey":"cT0LyFI5izkBLjbB+lxP1fpzIoIp0QYKzL8ue7qU0Tc="},"indexInfo":{"baseKey":"BWXnJRjkfa/+o/LWvsOh/GXLX3vsmOhhKT+j96It83A1","baseKeyType":2,"closed":-1,"used":1764144873908,"created":1764144873908,"remoteIdentityKey":"BYsE/HsiOjusl78iZB/dChSvrYrQOsC4qRO1a53WUcUQ"},"_chains":{"BaFAAuZzDHCJrG4+ksRMBJGmhvCSyyq0gg/iSm1Q5JV4":{"chainKey":{"counter":1,"key":"T9COZkgVYUzdhAy4y9PuGYZzi7ZQrlrv9JSAhurbDAY="},"chainType":2,"messageKeys":{}},"BXXF4RNjn9/EuNWHVxBXOCDtUcWvqeF0ntJR3bmueD4I":{"chainKey":{"counter":-1,"key":"MKxH0XzcL3Pu8LEZXzh1WtxEkMWn1x5++osHdbIaQBg="},"chainType":1,"messageKeys":{}}}}},"version":"v1"}