{"_sessions":{"BYZV54umSMtq2cZ29Aig5YuYMX/tnFsLjvxLM4AkstNF":{"registrationId":1781880450,"currentRatchet":{"ephemeralKeyPair":{"pubKey":"BT8BYzYl1dO0cWmVIZCFWD6P4KLDGmlfLywyCC6qU5wG","privKey":"iK8TepbYe0jfi3TB7ROot7fMtScOVeH3R4YAl368U30="},"lastRemoteEphemeralKey":"BciOKg6GyZ0AT30C0AIp99Ceq+uEAmjpSjY/FKaGaX9s","previousCounter":0,"rootKey":"Zt8cBfGuCqCbZt/xQ14SOgVcHm8Z1OYCX+eowc8QZn0="},"indexInfo":{"baseKey":"BYZV54umSMtq2cZ29Aig5YuYMX/tnFsLjvxLM4AkstNF","baseKeyType":2,"closed":1764155423094,"used":1764143822538,"created":1764143822538,"remoteIdentityKey":"BXq4sWPO3Gq1M7ZdMwG8/gRCW6FxGvDsYEOt5tOxMwFs"},"_chains":{"BciOKg6GyZ0AT30C0AIp99Ceq+uEAmjpSjY/FKaGaX9s":{"chainKey":{"counter":1,"key":"b28b9SSJy61pIFDLmehTXZBS3KLNsss/R9pF4AKHrK4="},"chainType":2,"messageKeys":{}},"BT8BYzYl1dO0cWmVIZCFWD6P4KLDGmlfLywyCC6qU5wG":{"chainKey":{"counter":-1,"key":"FB/ayjBD7/O19l6YEte9NI7Eqc9rwn5snPsjreYvcyQ="},"chainType":1,"messageKeys":{}}}},"BaYXYtBpBCeLJALUMS7HTwBH/pwqSHqDZUXeIyFqmqc/":{"registrationId":1781880450,"currentRatchet":{"ephemeralKeyPair":{"pubKey":"BXdbYTAUNu1V1nJrju66RpMNtTMnHKHloqKa2DBwL6FE","privKey":"QH3RHNOmRIIhtuionIL1f3SH55z9u2/K/AbDQv/EL1I="},"lastRemoteEphemeralKey":"BcI4grJSf+F/yLmPPnuUU7JaXiX4wPljjJFN9I0r1Q1F","previousCounter":0,"rootKey":"wTF0NHfuyo/8esyQ+M6mK6Cj3AKbom5dDhVQWkWdEow="},"indexInfo":{"baseKey":"BaYXYtBpBCeLJALUMS7HTwBH/pwqSHqDZUXeIyFqmqc/","baseKeyType":2,"closed":1764157466848,"used":1764155423095,"created":1764155423095,"remoteIdentityKey":"BXq4sWPO3Gq1M7ZdMwG8/gRCW6FxGvDsYEOt5tOxMwFs"},"_chains":{"BcI4grJSf+F/yLmPPnuUU7JaXiX4wPljjJFN9I0r1Q1F":{"chainKey":{"counter":0,"key":"UnhHMGBB0vpTASvCO06gcXSvdb0ToVs6d3Fvu0kdCFo="},"chainType":2,"messageKeys":{}},"BXdbYTAUNu1V1nJrju66RpMNtTMnHKHloqKa2DBwL6FE":{"chainKey":{"counter":-1,"key":"BUzDmsSTl+tomZKwNbrdr71fcVE2E51GRcm9k+6FMis="},"chainType":1,"messageKeys":{}}}},"BaouYEYzULiqeP/M71f32AQuIdPk/JFDnXaLiSvkn7oZ":{"registrationId":1781880450,"currentRatchet":{"ephemeralKeyPair":{"pubKey":"BQLZnNhybvJSHgciJTcBG9eX7yfZvQK+ifFOdayKgxZ4","privKey":"2H03+kNehb1nUugu15+xpEno6RclxCdSqtl3QUXZnl8="},"lastRemoteEphemeralKey":"BTBvJGt5R0QBBCHCKAnkrFA7rRE1QnNM3d4sDwg5JzdR","previousCounter":0,"rootKey":"3weud+taoi3bAECImqSXXvHJCLq6XhpjBwv2YX3jEZE="},"indexInfo":{"baseKey":"BaouYEYzULiqeP/M71f32AQuIdPk/JFDnXaLiSvkn7oZ","baseKeyType":2,"closed":1764157497611,"used":1764157466850,"created":1764157466850,"remoteIdentityKey":"BXq4sWPO3Gq1M7ZdMwG8/gRCW6FxGvDsYEOt5tOxMwFs"},"_chains":{"BTBvJGt5R0QBBCHCKAnkrFA7rRE1QnNM3d4sDwg5JzdR":{"chainKey":{"counter":0,"key":"w1FBJYvSdfJg7beN7OwoeCwFGNorZjTXOxYxzXlDajA="},"chainType":2,"messageKeys":{}},"BQLZnNhybvJSHgciJTcBG9eX7yfZvQK+ifFOdayKgxZ4":{"chainKey":{"counter":-1,"key":"MpGrIZSjsP2SR0BeCQIONw5nj7W2FNy50GRG4ItaKDU="},"chainType":1,"messageKeys":{}}}},"BVu22dd0AgJWuntNrSygDe2H2cpV1AzxGgJRw8UN0gIP":{"registrationId":1781880450,"currentRatchet":{"ephemeralKeyPair":{"pubKey":"BTEyMPONb08BS3Fdd20f75Nx7b3G2pXrNvPbdjUFD6pP","privKey":"EBnGmiHfpdzfda1rU6qowHVvC2XvE4bXIUoF3XDpHm4="},"lastRemoteEphemeralKey":"BTHIRe+SgSRlDL80qz71KPyom63vDVIjkWb+/e1YZaQh","previousCounter":0,"rootKey":"zGkH/iHnPf4pCf19TeQ1965KCoNcGQ62Yh2KUd5cjx8="},"indexInfo":{"baseKey":"BVu22dd0AgJWuntNrSygDe2H2cpV1AzxGgJRw8UN0gIP","baseKeyType":2,"closed":1764157756722,"used":1764157497612,"created":1764157497612,"remoteIdentityKey":"BXq4sWPO3Gq1M7ZdMwG8/gRCW6FxGvDsYEOt5tOxMwFs"},"_chains":{"BTHIRe+SgSRlDL80qz71KPyom63vDVIjkWb+/e1YZaQh":{"chainKey":{"counter":0,"key":"xSv4ONEp4rORuTWTvN+8EcX9REz1U+SMjfRp/wP7Zx8="},"chainType":2,"messageKeys":{}},"BTEyMPONb08BS3Fdd20f75Nx7b3G2pXrNvPbdjUFD6pP":{"chainKey":{"counter":-1,"key":"KAKZe4BQu7ks83gT90aLZQEydtWQUyUx7n0FEeRtcWo="},"chainType":1,"messageKeys":{}}}},"Bfd9DS7jCg54IaCHm7e9079Blw6/4qlxJOg/d7+DWzBT":{"registrationId":1781880450,"currentRatchet":{"ephemeralKeyPair":{"pubKey":"BdUnHkYm0Or/zGZk+WNlT9Bc35K7yQvcP6C3DlFeJEhC","privKey":"ELtpOfcq94mX8FCLHWzLQfmzJ0lIyBSxAbIV8u56d1I="},"lastRemoteEphemeralKey":"BRbCng4TVo2po40TYxTZG8Z0plmBeQRxkUGLHTG+16Iy","previousCounter":0,"rootKey":"oD+nmJ3PbjESHPQUBW3XZgIIV6/siHap7cAAwjMOlTw="},"indexInfo":{"baseKey":"Bfd9DS7jCg54IaCHm7e9079Blw6/4qlxJOg/d7+DWzBT","baseKeyType":2,"closed":-1,"used":1764157756723,"created":1764157756723,"remoteIdentityKey":"BXq4sWPO3Gq1M7ZdMwG8/gRCW6FxGvDsYEOt5tOxMwFs"},"_chains":{"BRbCng4TVo2po40TYxTZG8Z0plmBeQRxkUGLHTG+16Iy":{"chainKey":{"counter":1,"key":"Kwx/iAIv47nsT6VheFyV4f3Sjzzbc+dQOMCf0XsW5m0="},"chainType":2,"messageKeys":{}},"BdUnHkYm0Or/zGZk+WNlT9Bc35K7yQvcP6C3DlFeJEhC":{"chainKey":{"counter":-1,"key":"YVmFwoSXcg5+pOyx+hXJmFGtiEI3lhBweLehi7G+jw4="},"chainType":1,"messageKeys":{}}}}},"version":"v1"}