{"_sessions":{"BRopUBhllud+T25iGqMUZ4KbwLTaNDCOJpfvpbmOTNRR":{"registrationId":526930733,"currentRatchet":{"ephemeralKeyPair":{"pubKey":"BRpwYybGfsVb7S2vz/F+Xyy+ILlXc8KT55wDFvIDEuIs","privKey":"8ON7eBUg3hLJXQYSHncFM4CaCj1XM4iD4vrRjURwXX0="},"lastRemoteEphemeralKey":"BXWRNhVl6MeRLR1RI0VH2zb+cqL6N9TG+iAyulxWL4Zd","previousCounter":0,"rootKey":"MAC4EKZteVFbtZ9H1jf3b5+PNim8nXkYPCrO+PIZ9SA="},"indexInfo":{"baseKey":"BRopUBhllud+T25iGqMUZ4KbwLTaNDCOJpfvpbmOTNRR","baseKeyType":2,"closed":-1,"used":1764149712037,"created":1764149712037,"remoteIdentityKey":"BXUppEItdfwO5kD/7RPg0fqKD73UV4S10v9l/NAGjR45"},"_chains":{"BXWRNhVl6MeRLR1RI0VH2zb+cqL6N9TG+iAyulxWL4Zd":{"chainKey":{"counter":2,"key":"56jNPJd8mw3lJFLezJWyyef4ZoQiJXvNpceyOfXuAvw="},"chainType":2,"messageKeys":{}},"BRpwYybGfsVb7S2vz/F+Xyy+ILlXc8KT55wDFvIDEuIs":{"chainKey":{"counter":-1,"key":"3Nnra4fhI1kEIIDvzrcSBNNG4Wn0a5dISTyrga4xslE="},"chainType":1,"messageKeys":{}}}}},"version":"v1"}