{"_sessions":{"Bc+jT/hKqn7aj1xfx4XzPf7ORGlx3xV4q379X0T8L2Eg":{"registrationId":7175528,"currentRatchet":{"ephemeralKeyPair":{"pubKey":"BTO/LlJUKCxZXEYgR0eTQlmp5Uwf9cBvMpQdU7tLMO9o","privKey":"AIwlzVSXhcC7MHtzB6ok/T5Ps8noo0BI4PQgKWFbjmo="},"lastRemoteEphemeralKey":"BfMPoyYGJOkiEtuddEHuA5RRHcjhZlrnhBUzrMio6+4I","previousCounter":0,"rootKey":"rqLt0I+nJr/V1nytQVrKUf/oghVeRxTsoV+/eOROXFc="},"indexInfo":{"baseKey":"Bc+jT/hKqn7aj1xfx4XzPf7ORGlx3xV4q379X0T8L2Eg","baseKeyType":2,"closed":-1,"used":1764158412272,"created":1764158412272,"remoteIdentityKey":"BZYEABCsD95yn4+vuv/DjerNLRRwYCX8WdGXI8vNZbsm"},"_chains":{"BfMPoyYGJOkiEtuddEHuA5RRHcjhZlrnhBUzrMio6+4I":{"chainKey":{"counter":0,"key":"5255zyNyEEyRVBqDsrJ7f8OE2IX3SEqP/e99Qy2DRAU="},"chainType":2,"messageKeys":{}},"BTO/LlJUKCxZXEYgR0eTQlmp5Uwf9cBvMpQdU7tLMO9o":{"chainKey":{"counter":-1,"key":"+CeX2JlxeWpl3lrq/fvFqBOn53t7uyG4wi+BmAj3ma0="},"chainType":1,"messageKeys":{}}}}},"version":"v1"}