{"_sessions":{"BbftgNU0lAQvEniZVPRIsJGRzQDe/93H61D7kApslfkz":{"registrationId":54,"currentRatchet":{"ephemeralKeyPair":{"pubKey":"BZEBRt14/E4R6Yjqzv46R1eTrH2wIZ4JMq1fc8y/1MBI","privKey":"+AhIQ3+pa2CGjtSr1tO0yeXYrzBnwSoujowCKeIAyE4="},"lastRemoteEphemeralKey":"BXtBYfOhcSxEaEhiZA4S9Db8At+coPXcph2s90TUaxIC","previousCounter":0,"rootKey":"0no020P7qO/P9pt3upPIc0adTG4HhApuu0K24T4hPBs="},"indexInfo":{"baseKey":"BbftgNU0lAQvEniZVPRIsJGRzQDe/93H61D7kApslfkz","baseKeyType":2,"closed":-1,"used":1764159715239,"created":1764159715239,"remoteIdentityKey":"BS9eXheeMU7iZ84kDdk/O6ZK6U/QF8ulbX9ShnMmt2sj"},"_chains":{"BXtBYfOhcSxEaEhiZA4S9Db8At+coPXcph2s90TUaxIC":{"chainKey":{"counter":0,"key":"UfsNTegC9BRTejsVxeGbaVmN9MKE53cKHqBUClD3fKE="},"chainType":2,"messageKeys":{}},"BZEBRt14/E4R6Yjqzv46R1eTrH2wIZ4JMq1fc8y/1MBI":{"chainKey":{"counter":-1,"key":"L1HLLfD9gf9PiKHpmAEdLc/Nb/JSR7nQ+AOzl1QlSe8="},"chainType":1,"messageKeys":{}}}}},"version":"v1"}