{"_sessions":{"Ba6E6cHyYMMOLOZ8Gr8oWGPjkN9sr9ddHZ8LhHoHR50d":{"registrationId":1505393369,"currentRatchet":{"ephemeralKeyPair":{"pubKey":"BQklpW7wL0NKq8ZH3sPWNuiLfdi/RKuBvlc3In4QVLUE","privKey":"cGZjlZcSAoi+sXrmP4qYPxo4pduoO9T4gtIUNP9N220="},"lastRemoteEphemeralKey":"BXk40cnoewiEdAzZTKZsvFvCex4OxWgVrWaLcBiO14l4","previousCounter":0,"rootKey":"5LdCE7aBOWtThUdn2jO/REfRno72AvLs+DyRgrJk4Z8="},"indexInfo":{"baseKey":"Ba6E6cHyYMMOLOZ8Gr8oWGPjkN9sr9ddHZ8LhHoHR50d","baseKeyType":2,"closed":-1,"used":1764149999084,"created":1764149999084,"remoteIdentityKey":"BTyZ3IGb6ZH6s7C2bHqqVCdkw0k2E4ECGPyEjGfQ52AN"},"_chains":{"BXk40cnoewiEdAzZTKZsvFvCex4OxWgVrWaLcBiO14l4":{"chainKey":{"counter":0,"key":"ut2M0j6DgEqAxCIsm81qKqjQ5pDCboRjuftS4wRjof4="},"chainType":2,"messageKeys":{}},"BQklpW7wL0NKq8ZH3sPWNuiLfdi/RKuBvlc3In4QVLUE":{"chainKey":{"counter":-1,"key":"fNXEtaZ2N+emWG0OyOMdb6eI6ehJyqVXWqtyYfU83y0="},"chainType":1,"messageKeys":{}}}}},"version":"v1"}