{"_sessions":{"Be8CML9eTjnidgh+5vOTdJ85U6jmhXYhrb1otqiU/el2":{"registrationId":175027851,"currentRatchet":{"ephemeralKeyPair":{"pubKey":"BbvGZE3nbwfVFww+k00Dg7oxhU0rPTQUxUppicJkh5VF","privKey":"6EiMsHAmOebDWMUVqVWfXBfk71jyngAFjLV+CJ1LIUw="},"lastRemoteEphemeralKey":"BUSTIp3OCNJE1QuhLU0wyc+ihfTXEKW69f40ohRHvV8W","previousCounter":0,"rootKey":"FmS39dI/eNWtm1rj1seUKaYNePvmdHiVohFUyptG5RE="},"indexInfo":{"baseKey":"Be8CML9eTjnidgh+5vOTdJ85U6jmhXYhrb1otqiU/el2","baseKeyType":2,"closed":1764153460258,"used":1764153200347,"created":1764153200347,"remoteIdentityKey":"BayU59Tfl4nrCSB7myYEZMbTMAHHWzdUm2RDf7cN1H9b"},"_chains":{"BUSTIp3OCNJE1QuhLU0wyc+ihfTXEKW69f40ohRHvV8W":{"chainKey":{"counter":7,"key":"deCcTB8vC4Hw57WYL9kXIXyuWL6wEn3KH5rlQfMxRWA="},"chainType":2,"messageKeys":{}},"BbvGZE3nbwfVFww+k00Dg7oxhU0rPTQUxUppicJkh5VF":{"chainKey":{"counter":-1,"key":"n9XP6gepf6WUvP1T6Bc12Du2B7BcNJhXcq7a/Sw4X/w="},"chainType":1,"messageKeys":{}}}},"BdgVLzD8aQi1XbxAGyqMyo2GLHfGQH0NAzso30rP0Q5u":{"registrationId":175027851,"currentRatchet":{"ephemeralKeyPair":{"pubKey":"Bf2x237CjVFXyXWPD/KJkpcZex1oVUckPc1TWXzKAI1i","privKey":"mM6zTuEnbn2Q3OgrxEKvPs9P/8zlLMOPpbpHgRMHMH0="},"lastRemoteEphemeralKey":"BUd74+JJprVcAyIGRU1XnW684clyi3drsRjhX+KmDkpA","previousCounter":0,"rootKey":"+5gEDNzfOxilwsjIgKzmBvsvX/iSoQVs8ijD+CUsXfg="},"indexInfo":{"baseKey":"BdgVLzD8aQi1XbxAGyqMyo2GLHfGQH0NAzso30rP0Q5u","baseKeyType":2,"closed":-1,"used":1764153460260,"created":1764153460259,"remoteIdentityKey":"BayU59Tfl4nrCSB7myYEZMbTMAHHWzdUm2RDf7cN1H9b"},"_chains":{"BUd74+JJprVcAyIGRU1XnW684clyi3drsRjhX+KmDkpA":{"chainKey":{"counter":8,"key":"WoBdGbSlgP1lvqYacksKuEgcyhaf31pqvSt2AIa+NV8="},"chainType":2,"messageKeys":{}},"Bf2x237CjVFXyXWPD/KJkpcZex1oVUckPc1TWXzKAI1i":{"chainKey":{"counter":-1,"key":"OwAuLPrbhA0F3hnyD6w8/AAFUeEtKier05+j1e6kvTY="},"chainType":1,"messageKeys":{}}}}},"version":"v1"}