{"_sessions":{"BUW1oVdjRPgtWE+lD9a/H+0gv0jb2SN5U9CXQyqLun0M":{"registrationId":1086896366,"currentRatchet":{"ephemeralKeyPair":{"pubKey":"BT+hvE0R+tgsW6USX0JDEr2KxT+zhOK9mJ3MOJ8oRDZs","privKey":"iP+dw7X+B2o6/n2EREdzAZEK1O4zbePs9mhaX5gKqVw="},"lastRemoteEphemeralKey":"Besb3hDsWErJOCj9LvJlI3nt6sQ1XwjcS76/t97u4g0N","previousCounter":0,"rootKey":"ShvrNqvJjkRDRNyzu3b3WaIZQFtFXj9Ifl8699HE+OQ="},"indexInfo":{"baseKey":"BUW1oVdjRPgtWE+lD9a/H+0gv0jb2SN5U9CXQyqLun0M","baseKeyType":2,"closed":-1,"used":1764156046177,"created":1764156046177,"remoteIdentityKey":"BcElSWG7OJz4GxuvfchtBxVG1Ex7TAv9xO8WPJGR60Vt"},"_chains":{"Besb3hDsWErJOCj9LvJlI3nt6sQ1XwjcS76/t97u4g0N":{"chainKey":{"counter":0,"key":"IrpX5aiYsvE5zOK6wbADY5gpN2nvnEZZ0e8VHLnPYaU="},"chainType":2,"messageKeys":{}},"BT+hvE0R+tgsW6USX0JDEr2KxT+zhOK9mJ3MOJ8oRDZs":{"chainKey":{"counter":-1,"key":"Ccbj+puwTCHfPwsid3nSlaAWsXFsvJngLIjCuQG5MbE="},"chainType":1,"messageKeys":{}}}}},"version":"v1"}