{"_sessions":{"BdUyZO2ST7NGin7/T5OvFvthRa9HV847d8hTv2TGP7ZI":{"registrationId":815707247,"currentRatchet":{"ephemeralKeyPair":{"pubKey":"BS25IDZwU7sv6fI/K4TXlegflJoHkepRU/wMg+Wi/ZJO","privKey":"QAHzWMjr80U7YD6EBG8oBh2Q9poUGbpRitTSfsfJTUk="},"lastRemoteEphemeralKey":"BRhKUqbySEuk0NUPFaphWikGCrRo4NQMyWtZNv7m4yVt","previousCounter":0,"rootKey":"R2WnJ0nkXmRuFirrDRvTbeqNZCdCH3GcwYUyaKrq32c="},"indexInfo":{"baseKey":"BdUyZO2ST7NGin7/T5OvFvthRa9HV847d8hTv2TGP7ZI","baseKeyType":2,"closed":-1,"used":1764153977591,"created":1764153977591,"remoteIdentityKey":"BUpP9MTrsDxuIyIkH5IY0fqwYrwQ6y4nIRMypJpX/Qth"},"_chains":{"BRhKUqbySEuk0NUPFaphWikGCrRo4NQMyWtZNv7m4yVt":{"chainKey":{"counter":0,"key":"/q1gR7vgrqjzQcGBsQwWz60m59PiG9t/u9xuxBbURsc="},"chainType":2,"messageKeys":{}},"BS25IDZwU7sv6fI/K4TXlegflJoHkepRU/wMg+Wi/ZJO":{"chainKey":{"counter":-1,"key":"YLM/IymbymJnhWmWiOHKgDGbhUIwZbpzHG0K69XY1Uo="},"chainType":1,"messageKeys":{}}}}},"version":"v1"}