{"_sessions":{"BbuB9lpwITw/55nBeSnusYtFe57+scLcsP4YC/1ViaFE":{"registrationId":922815681,"currentRatchet":{"ephemeralKeyPair":{"pubKey":"BWfMK/6jWNiPPW6ovTPAjk/oKyAme55bqAh1VZ4OnVQF","privKey":"CBdmpYV8Byxfy+kiK16cPCprI4NysJnJrvsoom4+cEg="},"lastRemoteEphemeralKey":"BUHJqR2BQ5zNylhrcVUArr2pjneD/tPCqxiJCEf6xit+","previousCounter":0,"rootKey":"5ZkqoWsmbPjfWssQIlgo8eNi9+b+0ZkMBGc1hNJXq9I="},"indexInfo":{"baseKey":"BbuB9lpwITw/55nBeSnusYtFe57+scLcsP4YC/1ViaFE","baseKeyType":2,"closed":-1,"used":1764154298446,"created":1764154298446,"remoteIdentityKey":"BQfOTE95XBHNMTL+2EMl4LjPMLPMScHxl8LYRZ6x0WoU"},"_chains":{"BUHJqR2BQ5zNylhrcVUArr2pjneD/tPCqxiJCEf6xit+":{"chainKey":{"counter":3,"key":"l6ZtsiyLfu/ID8XaZE6YEft4TzsOst7u3KrqGKIw8UI="},"chainType":2,"messageKeys":{}},"BWfMK/6jWNiPPW6ovTPAjk/oKyAme55bqAh1VZ4OnVQF":{"chainKey":{"counter":-1,"key":"KP6DRhdUcW3LjkRtWfJNWjBnjBUiEY/iNxRdJzWeRjs="},"chainType":1,"messageKeys":{}}}}},"version":"v1"}