{"_sessions":{"BUMfjFbbZJ+ho2yJx+srPi4zXZ0hV/+fBh6sXljnRXBs":{"registrationId":1161249930,"currentRatchet":{"ephemeralKeyPair":{"pubKey":"BUKOwKGdCxWChddinKntwO+CTiwGJXnVeus9AQzSebEf","privKey":"AGfys/lRbe+wgrPlJ2uZ7kr2E/MkBJLg1OcGZavkWXc="},"lastRemoteEphemeralKey":"Bf9LdTs2c+l0g+hkOg/27cOj3kM8AYU/WFxDXu10ho1O","previousCounter":0,"rootKey":"AiVl4X0nFFQADl3/lQChys1AJE5JP9EVzOI6ARVGtME="},"indexInfo":{"baseKey":"BUMfjFbbZJ+ho2yJx+srPi4zXZ0hV/+fBh6sXljnRXBs","baseKeyType":2,"closed":-1,"used":1764147901862,"created":1764147901862,"remoteIdentityKey":"BTAg+vRi3mWbClOSmijbwMRviEaFEzYQEAHREcfO+jYb"},"_chains":{"Bf9LdTs2c+l0g+hkOg/27cOj3kM8AYU/WFxDXu10ho1O":{"chainKey":{"counter":0,"key":"h2DiIYMro2dEFeriJG8bUFXHVcjqkQ1czCxoLlYRiC4="},"chainType":2,"messageKeys":{}},"BUKOwKGdCxWChddinKntwO+CTiwGJXnVeus9AQzSebEf":{"chainKey":{"counter":-1,"key":"kKqwarF8YybiblfncA2333GZk1e6VawvsqtOvae8+Cg="},"chainType":1,"messageKeys":{}}}}},"version":"v1"}