{"_sessions":{"BanjyHHsJQnj+wm/z7TC+n0TP6YEhuC8lq66jwRZjF8u":{"registrationId":1781880450,"currentRatchet":{"ephemeralKeyPair":{"pubKey":"Bd5AofwhbQ9mWgZeTQlC17Cm3JYQJlqcV+kp0RH9mMhB","privKey":"OODzeiQ4JMOguM3ODhty21tE7hWHqt6yYFbnwIM3m3E="},"lastRemoteEphemeralKey":"BRr6fp9ylSxrygacaj/7sekeoiXNXern3YMWX+rmOpps","previousCounter":0,"rootKey":"pIEqI64mco/buuJvjzguZeHDTIYOy8vE7V6c3wPaxCM="},"indexInfo":{"baseKey":"BanjyHHsJQnj+wm/z7TC+n0TP6YEhuC8lq66jwRZjF8u","baseKeyType":2,"closed":1764148799500,"used":1764143655491,"created":1764143655491,"remoteIdentityKey":"BXq4sWPO3Gq1M7ZdMwG8/gRCW6FxGvDsYEOt5tOxMwFs"},"_chains":{"BRr6fp9ylSxrygacaj/7sekeoiXNXern3YMWX+rmOpps":{"chainKey":{"counter":5,"key":"0tQHiqLzXOh6vLbbSWH5d18A+FrpftSJ7qmH1e+cd0A="},"chainType":2,"messageKeys":{}},"Bd5AofwhbQ9mWgZeTQlC17Cm3JYQJlqcV+kp0RH9mMhB":{"chainKey":{"counter":8,"key":"coq5uprkWyllMlE4f0yR57PH+j1hODGbQnhI2+xSVVk="},"chainType":1,"messageKeys":{}}}},"BVxnusy1LpfuEUDAANSkChJnQa0dtQi1kLiyF2ZuqA9L":{"registrationId":1781880450,"currentRatchet":{"ephemeralKeyPair":{"pubKey":"BQ6rwUXeTIZq4qOXcAI2lD46JVIc0G88twJmt0ErrV1l","privKey":"eGAdOyqqnfhEZ0njL3P/a1ok8L10/GGjkodLiw/zcn8="},"lastRemoteEphemeralKey":"BUjHrtno/nnbXdVFb2um8THrwVEd3O/osL4wj+GHH/UX","previousCounter":0,"rootKey":"6//XrlUc+oJLHAjdkSSLhPBfEEu+sTfhHHxYU9k2qsc="},"indexInfo":{"baseKey":"BVxnusy1LpfuEUDAANSkChJnQa0dtQi1kLiyF2ZuqA9L","baseKeyType":2,"closed":1764155576170,"used":1764148799501,"created":1764148799501,"remoteIdentityKey":"BXq4sWPO3Gq1M7ZdMwG8/gRCW6FxGvDsYEOt5tOxMwFs"},"_chains":{"BUjHrtno/nnbXdVFb2um8THrwVEd3O/osL4wj+GHH/UX":{"chainKey":{"counter":61,"key":"ySQgJtXVqL/2iDVEDj1TeuV5G9RRmZ0ofPIGbkHAsGw="},"chainType":2,"messageKeys":{}},"BQ6rwUXeTIZq4qOXcAI2lD46JVIc0G88twJmt0ErrV1l":{"chainKey":{"counter":10,"key":"9HtFXj4CDDAU6Sw8vEfejj4lQN64qYcEgBxG2i5/DQ4="},"chainType":1,"messageKeys":{}}}},"BW+4wch8xefnYt+xKYgazxBB5msJmgVVBNPENONDIih8":{"registrationId":1781880450,"currentRatchet":{"ephemeralKeyPair":{"pubKey":"BWaSKpgq2qR1sCxHfDQil9OGJdMcjZ0VmtWrI9jLqX9Q","privKey":"8L4SZTger9e6p0ERPiZfcHOQeyu5PIhoU2HL83H20HA="},"lastRemoteEphemeralKey":"BWlLDJLXgEe85GzMWKb/im0eSswA/s4BDQQJWMoH/OtO","previousCounter":0,"rootKey":"Hf4THfkwL8jkAFq8rfY7Q1AAX1ZOUb/3MJPgP4vBV/0="},"indexInfo":{"baseKey":"BW+4wch8xefnYt+xKYgazxBB5msJmgVVBNPENONDIih8","baseKeyType":2,"closed":1764157474157,"used":1764155576172,"created":1764155576172,"remoteIdentityKey":"BXq4sWPO3Gq1M7ZdMwG8/gRCW6FxGvDsYEOt5tOxMwFs"},"_chains":{"BWlLDJLXgEe85GzMWKb/im0eSswA/s4BDQQJWMoH/OtO":{"chainKey":{"counter":22,"key":"+LCIFAM9TXDZNCKiYtkTJ2Tc3AJE5eDz/iHBwKoYk9g="},"chainType":2,"messageKeys":{}},"BWaSKpgq2qR1sCxHfDQil9OGJdMcjZ0VmtWrI9jLqX9Q":{"chainKey":{"counter":7,"key":"ZmDhM5O7vbfCQgivKPDpeDVggxOdMPDAJ1Zg3cq6rYk="},"chainType":1,"messageKeys":{}}}},"BctTpEGBmcB03GKMDh7GkeHXRRz3REU9KfRi1e3VZfhU":{"registrationId":1781880450,"currentRatchet":{"ephemeralKeyPair":{"pubKey":"Bav497DhA8AD2uzfgtf4Q979oPSYRym+tL1sPrthqfRI","privKey":"gE5itFUONvEI8MQITQS6eVQ0i64pYYpXWq7K7fEz/HY="},"lastRemoteEphemeralKey":"BbD4YhT6eMZpbuZ7zNR5uTpoH3jfHq3K2ee6rGuN0hsp","previousCounter":0,"rootKey":"q7v3lD3hduGqOMNDvk8agHfZAKmbwDr+6vM0FbPkLc0="},"indexInfo":{"baseKey":"BctTpEGBmcB03GKMDh7GkeHXRRz3REU9KfRi1e3VZfhU","baseKeyType":2,"closed":1764157736667,"used":1764157474158,"created":1764157474158,"remoteIdentityKey":"BXq4sWPO3Gq1M7ZdMwG8/gRCW6FxGvDsYEOt5tOxMwFs"},"_chains":{"BbD4YhT6eMZpbuZ7zNR5uTpoH3jfHq3K2ee6rGuN0hsp":{"chainKey":{"counter":0,"key":"A/Any9vAA5UlNrvLZgiJx3EwXQ2s6fq6CVbZkLEGn1I="},"chainType":2,"messageKeys":{}},"Bav497DhA8AD2uzfgtf4Q979oPSYRym+tL1sPrthqfRI":{"chainKey":{"counter":2,"key":"mz1LYCO5ARTXukh/sqAk/lk1aMRmGDyEC2uJt0lTCa4="},"chainType":1,"messageKeys":{}}}},"BWusgzgC/ss/9WAbkKy7tqsQ9HPhA5fxMpzpJkLABB9z":{"registrationId":1781880450,"currentRatchet":{"ephemeralKeyPair":{"pubKey":"BRf8UFBfY6zZKSEUCSH0SD+mfvfIuH8iNsOHVuO9Eggb","privKey":"wE9gwrvzFmaRlP8Cvi41Q2X/+O2fpT48MQL7hNVACGY="},"lastRemoteEphemeralKey":"Bc+RPWbpfV3V1tlEHTjY2oU+8GOpOaWhsWBs5WTdvCoq","previousCounter":0,"rootKey":"zWOsOkMfpGvYJlh0754Ij0FjdWudCnmhE5TnmmpESK0="},"indexInfo":{"baseKey":"BWusgzgC/ss/9WAbkKy7tqsQ9HPhA5fxMpzpJkLABB9z","baseKeyType":2,"closed":1764158154799,"used":1764157736668,"created":1764157736668,"remoteIdentityKey":"BXq4sWPO3Gq1M7ZdMwG8/gRCW6FxGvDsYEOt5tOxMwFs"},"_chains":{"Bc+RPWbpfV3V1tlEHTjY2oU+8GOpOaWhsWBs5WTdvCoq":{"chainKey":{"counter":0,"key":"HGXueHOLiFNl/u632WInL0yvK4sFYBbZspXXmPTsKhE="},"chainType":2,"messageKeys":{}},"BRf8UFBfY6zZKSEUCSH0SD+mfvfIuH8iNsOHVuO9Eggb":{"chainKey":{"counter":2,"key":"C4/EJBlu+upVMQgVC/aUrJypqk+tC+81PggNrNPUH+E="},"chainType":1,"messageKeys":{}}}},"BTTUW4U/065wkadLQt2o3O2w6za0iiPTo5VxWTO6fLZg":{"registrationId":1781880450,"currentRatchet":{"ephemeralKeyPair":{"pubKey":"BUNAO+UPcTUCaPm3v4qlZCH24MHOsJugwHBevc4oKz0w","privKey":"sBz7B6ejX242DYv47rgEZy129cg0wc0w7ca4YgWfTkw="},"lastRemoteEphemeralKey":"BRUAm4fzvZxtMgIrV5j+U09G5gRrwfSQKR+HibLMyRt2","previousCounter":0,"rootKey":"Fj6PKQXLs78SP2nAx+1x6Y0xonV/wZLuIlX0PqGx3v0="},"indexInfo":{"baseKey":"BTTUW4U/065wkadLQt2o3O2w6za0iiPTo5VxWTO6fLZg","baseKeyType":2,"closed":1764158160323,"used":1764158154800,"created":1764158154800,"remoteIdentityKey":"BXq4sWPO3Gq1M7ZdMwG8/gRCW6FxGvDsYEOt5tOxMwFs"},"_chains":{"BRUAm4fzvZxtMgIrV5j+U09G5gRrwfSQKR+HibLMyRt2":{"chainKey":{"counter":1,"key":"ykFP1V5Wv7l+qvSBmSST8/m1rTLdaVwB2p75q+w95DM="},"chainType":2,"messageKeys":{}},"BUNAO+UPcTUCaPm3v4qlZCH24MHOsJugwHBevc4oKz0w":{"chainKey":{"counter":0,"key":"BcsIydCptcXUvuDiwj3uL0ATVCnuUXSLx1X8b+uiA6o="},"chainType":1,"messageKeys":{}}}},"BSBZMPngTjPzhqK5JD7ME/mCv+ZbKscDy0kTagLpElJL":{"registrationId":1781880450,"currentRatchet":{"ephemeralKeyPair":{"pubKey":"BT/K6QY5NPxls0LuIAWSMJ2UowlYe1NL/dmfX5kRtuBJ","privKey":"4OQh9cQfD5mZR6mYmlbHimLcsD5XcTii8qX2AFVcT18="},"lastRemoteEphemeralKey":"BbXq7S5KRTIuOshhYgO1Y+QcHwjbz8qYmsTZu9sxxC1T","previousCounter":0,"rootKey":"E8U+vpTD4v1i8y+Ntju2XZ4wWM6jJlzDG998+UGGMtg="},"indexInfo":{"baseKey":"BSBZMPngTjPzhqK5JD7ME/mCv+ZbKscDy0kTagLpElJL","baseKeyType":2,"closed":1764159531615,"used":1764158160324,"created":1764158160324,"remoteIdentityKey":"BXq4sWPO3Gq1M7ZdMwG8/gRCW6FxGvDsYEOt5tOxMwFs"},"_chains":{"BbXq7S5KRTIuOshhYgO1Y+QcHwjbz8qYmsTZu9sxxC1T":{"chainKey":{"counter":29,"key":"UlnUjpvbFTWPAdytnGxJHsM9t2jA2xOqZ71m771piAA="},"chainType":2,"messageKeys":{}},"BT/K6QY5NPxls0LuIAWSMJ2UowlYe1NL/dmfX5kRtuBJ":{"chainKey":{"counter":9,"key":"DSCRyfUKFhz6Bd5BmWc6wJEtyVymFXmxKSYD2vz2/Qw="},"chainType":1,"messageKeys":{}}}},"Bez3zPSyiZpfiPv3sgmv8g+2cZ8RwoSOYEsEDy9BUD4N":{"registrationId":1781880450,"currentRatchet":{"ephemeralKeyPair":{"pubKey":"BeN6FEgelncrqqPAobl4MICd+Zp+NuEmVOMzOCQEvKA5","privKey":"yKi1Gal77XZZ4PKtu4tWm2R/1TmTLHzucdZasKgvKXQ="},"lastRemoteEphemeralKey":"BREFv3RBQ+WXhXNHoeH9v0k6RCkG/apyxQ08lhW3LFBr","previousCounter":0,"rootKey":"KioLEeSGf8CKNA4WZMfMOhd2nvBUsqSzHvRrYEP7QhI="},"indexInfo":{"baseKey":"Bez3zPSyiZpfiPv3sgmv8g+2cZ8RwoSOYEsEDy9BUD4N","baseKeyType":2,"closed":1764159532020,"used":1764159531616,"created":1764159531616,"remoteIdentityKey":"BXq4sWPO3Gq1M7ZdMwG8/gRCW6FxGvDsYEOt5tOxMwFs"},"_chains":{"BREFv3RBQ+WXhXNHoeH9v0k6RCkG/apyxQ08lhW3LFBr":{"chainKey":{"counter":0,"key":"vKtsB1zbxtSRboPA9vWECAvGBgu0/WB6uJTAwPxVW+Y="},"chainType":2,"messageKeys":{}},"BeN6FEgelncrqqPAobl4MICd+Zp+NuEmVOMzOCQEvKA5":{"chainKey":{"counter":-1,"key":"9KLZsvzUwhKHaWEXJrYHK229reYey39D+cRIG9/sgAg="},"chainType":1,"messageKeys":{}}}},"Bf2gGiKOqrGiH9NCWWpUUF4txMf4tCQ4clY0LmDAZSQA":{"registrationId":1781880450,"currentRatchet":{"ephemeralKeyPair":{"pubKey":"BQxYd1ETR3NtiC8U7BMhLYoMGweVX6s7vPcKtfIE0zRF","privKey":"KIpPT+f0QSyiBQFJY4/RnvveuipwIpSZF4+vjcEmB1I="},"lastRemoteEphemeralKey":"BYSIVjDNtvBwisgZGTgXPD4xK9WFik0lwQow7WzRCRQs","previousCounter":0,"rootKey":"7kJKzPNSxdAwcEc4pR9fn4xNO9kNbvjhSCn56GyJ5iI="},"indexInfo":{"baseKey":"Bf2gGiKOqrGiH9NCWWpUUF4txMf4tCQ4clY0LmDAZSQA","baseKeyType":2,"closed":1764159821559,"used":1764159532021,"created":1764159532021,"remoteIdentityKey":"BXq4sWPO3Gq1M7ZdMwG8/gRCW6FxGvDsYEOt5tOxMwFs"},"_chains":{"BYSIVjDNtvBwisgZGTgXPD4xK9WFik0lwQow7WzRCRQs":{"chainKey":{"counter":6,"key":"drmsiXjo5nCd5nV0Wzrl70+rLHf7FwVxU/vsdI/qWyc="},"chainType":2,"messageKeys":{}},"BQxYd1ETR3NtiC8U7BMhLYoMGweVX6s7vPcKtfIE0zRF":{"chainKey":{"counter":4,"key":"Rq5pzP26Mi0bkZjLaoQ89I+Q+oo/9n+eAn0//2WxBkA="},"chainType":1,"messageKeys":{}}}},"BdLjRDenn5SJ7GDVuDS3TD22YEEu7L64pDZjUTaadLw8":{"registrationId":1781880450,"currentRatchet":{"ephemeralKeyPair":{"pubKey":"BaEnzl+SJcily7ftnm5M5XfoGoFZXu8HTqFjtsYyVeA2","privKey":"8B8Hi+YLOqc0sOMwKUJibQXq5WALmJAhDxXnslgrs1A="},"lastRemoteEphemeralKey":"BULgvByajqmA6KgtCmU748A34OJUC3C3qz3xFophsQNY","previousCounter":0,"rootKey":"6rtbsZxqQda6nVmU7be9FcelmGjstvYtqSan35fZGgI="},"indexInfo":{"baseKey":"BdLjRDenn5SJ7GDVuDS3TD22YEEu7L64pDZjUTaadLw8","baseKeyType":2,"closed":1764159822026,"used":1764159821561,"created":1764159821561,"remoteIdentityKey":"BXq4sWPO3Gq1M7ZdMwG8/gRCW6FxGvDsYEOt5tOxMwFs"},"_chains":{"BULgvByajqmA6KgtCmU748A34OJUC3C3qz3xFophsQNY":{"chainKey":{"counter":0,"key":"vkQKGldGestsJ3x2Q5DT9j/GzlvvSsFKTg6OqyC1aaM="},"chainType":2,"messageKeys":{}},"BaEnzl+SJcily7ftnm5M5XfoGoFZXu8HTqFjtsYyVeA2":{"chainKey":{"counter":-1,"key":"oN4sp6uqC1Pc7CcTfk4S+p3RI4gz7fEsPHhgsQh+ifU="},"chainType":1,"messageKeys":{}}}},"BW2pxG9aaIf7Zbt5SuUdnsuNnP2T+CnA4ry7/8KT7jJ4":{"registrationId":1781880450,"currentRatchet":{"ephemeralKeyPair":{"pubKey":"Bf6g6jASWldByV5UsBCQX3BRO3GCvdk0NtzDantpcOtI","privKey":"iFznj8djSQ6rgXi8QVCZ6oXu4SmyWdmYpgbTH8dMOGQ="},"lastRemoteEphemeralKey":"BaivsXdYb+NPGi7aLPUZEbhicd90l6vvQNwMmHViXpVw","previousCounter":0,"rootKey":"xmN36gBvFC1JSRP9yzawGJfFf6dueMEzMa1/nQOHZyM="},"indexInfo":{"baseKey":"BW2pxG9aaIf7Zbt5SuUdnsuNnP2T+CnA4ry7/8KT7jJ4","baseKeyType":2,"closed":1764160082083,"used":1764159822027,"created":1764159822027,"remoteIdentityKey":"BXq4sWPO3Gq1M7ZdMwG8/gRCW6FxGvDsYEOt5tOxMwFs"},"_chains":{"BaivsXdYb+NPGi7aLPUZEbhicd90l6vvQNwMmHViXpVw":{"chainKey":{"counter":10,"key":"Bpo6L0PNcEZ19jNdR9VXD2Vmv1RqOF9Sm0hdZPUNXas="},"chainType":2,"messageKeys":{}},"Bf6g6jASWldByV5UsBCQX3BRO3GCvdk0NtzDantpcOtI":{"chainKey":{"counter":1,"key":"2J92cmS6ZOD6NeQLpaGW9jPCEx1PU2/Vq1jTlOYAmIM="},"chainType":1,"messageKeys":{}}}},"BTVoeP6ZdqqI4XiTUDzcNN+yGC3zb1lR4RyFGBD8ikws":{"registrationId":1781880450,"currentRatchet":{"ephemeralKeyPair":{"pubKey":"BZP+CM+8ofl/u9Dt7B1U8AYGf+OtD3iRbFFmvgdTqb4T","privKey":"GCkKgWokvM1mFXMfdpM/iYT2lFakJ+nPhOJaysU/VVQ="},"lastRemoteEphemeralKey":"BaFaUYwjf1Ka2jvvG8ugXFt563ZKJA1q+8wGR5Mnc5VZ","previousCounter":0,"rootKey":"9lCgLRIRfLuAC9AH8jP7X2X8nSe/B9lN2C4ydCPJJfI="},"indexInfo":{"baseKey":"BTVoeP6ZdqqI4XiTUDzcNN+yGC3zb1lR4RyFGBD8ikws","baseKeyType":2,"closed":1764160082420,"used":1764160082084,"created":1764160082084,"remoteIdentityKey":"BXq4sWPO3Gq1M7ZdMwG8/gRCW6FxGvDsYEOt5tOxMwFs"},"_chains":{"BaFaUYwjf1Ka2jvvG8ugXFt563ZKJA1q+8wGR5Mnc5VZ":{"chainKey":{"counter":0,"key":"u3MWeTxlUPXjgY8q9juZU0YoajP/s+jye3edQFDDM+k="},"chainType":2,"messageKeys":{}},"BZP+CM+8ofl/u9Dt7B1U8AYGf+OtD3iRbFFmvgdTqb4T":{"chainKey":{"counter":-1,"key":"NETRmfsDHyuJ83B6o1owjQCRu8u3ldNa0B5UK33yQD0="},"chainType":1,"messageKeys":{}}}},"Bb+qcUc25S8al+HlcQ/XB1ZzWfWxITsz4KBC4l8IgmZF":{"registrationId":1781880450,"currentRatchet":{"ephemeralKeyPair":{"pubKey":"BUQ56NSgy6z5KfKIrkqCffTzw2FRZcVWooLZWitP3xZV","privKey":"wGrW+6pQKeUn0b5vcg89JB+WXFF199r+ZBAq6SLTg20="},"lastRemoteEphemeralKey":"BUe46zzmNowXT0b7XcSWnNXfR2O2a7XarLVkCqUUkZJ5","previousCounter":0,"rootKey":"8kayLeAX4TcC0R1vAtVRhjlDE71HjH2HpymX45i8Qz4="},"indexInfo":{"baseKey":"Bb+qcUc25S8al+HlcQ/XB1ZzWfWxITsz4KBC4l8IgmZF","baseKeyType":2,"closed":-1,"used":1764160082421,"created":1764160082421,"remoteIdentityKey":"BXq4sWPO3Gq1M7ZdMwG8/gRCW6FxGvDsYEOt5tOxMwFs"},"_chains":{"BUe46zzmNowXT0b7XcSWnNXfR2O2a7XarLVkCqUUkZJ5":{"chainKey":{"counter":0,"key":"/Dj43lImdR3GzmH+qEI+o78WZF/iTs6g2u87GWhBoUc="},"chainType":2,"messageKeys":{}},"BUQ56NSgy6z5KfKIrkqCffTzw2FRZcVWooLZWitP3xZV":{"chainKey":{"counter":-1,"key":"JhwKgaJ5gc9fYhAD7yeN4MxwD5U6zWrBLG159s79+xg="},"chainType":1,"messageKeys":{}}}}},"version":"v1"}