{"_sessions":{"BXpUHr/0/xxkGRFLpDZvPIa8iiNBhycm1ScP1BWWJLdm":{"registrationId":27021147,"currentRatchet":{"ephemeralKeyPair":{"pubKey":"BbefDI22TUUz/bRYURGFA7bZDVnjSg3aZZv0CwKolDRX","privKey":"CPxlWjVKNQbDMoDOY/nwfjlpTu1B+CqSJvjFIxpQKkc="},"lastRemoteEphemeralKey":"BWgJ00r3D5hxxX/RbnQ5+OqBuJefCetwi1K//4KHb5FE","previousCounter":0,"rootKey":"M7Dxh2JYhZL4Kpfo9XrRvjiPUNJxrluUj2dnboJKuoI="},"indexInfo":{"baseKey":"BXpUHr/0/xxkGRFLpDZvPIa8iiNBhycm1ScP1BWWJLdm","baseKeyType":2,"closed":-1,"used":1764151253566,"created":1764151253566,"remoteIdentityKey":"BfXciFaTfRnYPFeoyqS2lxqT/AMtKLuvRgyz2BlLxxlE"},"_chains":{"BWgJ00r3D5hxxX/RbnQ5+OqBuJefCetwi1K//4KHb5FE":{"chainKey":{"counter":0,"key":"QRUdt0l1nE4nR8dsQaSBqEN3mGGxDiJhQGR0iSkKkfk="},"chainType":2,"messageKeys":{}},"BbefDI22TUUz/bRYURGFA7bZDVnjSg3aZZv0CwKolDRX":{"chainKey":{"counter":-1,"key":"1kqIZdq4qoH11+lw4bOKlGQJtfjL/jbwUNfhrfwwrXE="},"chainType":1,"messageKeys":{}}}}},"version":"v1"}