{"_sessions":{"BXEQIkYIqNdFthexfCBiSJ5N7Ul4K9V7xY6iO6AD+tRt":{"registrationId":1045951387,"currentRatchet":{"ephemeralKeyPair":{"pubKey":"BTcKdXB1gwjIkomj3hjSRFY41FEFvzc/IEgX6QOJsyEK","privKey":"6P36zfZxncQ/E20k/4Ddp3V4xTsyjjf0vh+bf0Tl/Ug="},"lastRemoteEphemeralKey":"BYGE//htu4MBqIvO5pERY7BIGpwhpTl9re8crwcIllQ+","previousCounter":0,"rootKey":"317P9Cfnbdj2XmxWoj1ztBX6+HCt9QFL6V70h2/xzQA="},"indexInfo":{"baseKey":"BXEQIkYIqNdFthexfCBiSJ5N7Ul4K9V7xY6iO6AD+tRt","baseKeyType":2,"closed":-1,"used":1764154768599,"created":1764154768599,"remoteIdentityKey":"BRQjqVHLWF+boNh6ySZU/mEima13/eXfVVQ0+4lMFOpW"},"_chains":{"BYGE//htu4MBqIvO5pERY7BIGpwhpTl9re8crwcIllQ+":{"chainKey":{"counter":0,"key":"KcSrZL02thvFUM0VFpmbdvsMIwnDi+WSdlsJTq5Jq9s="},"chainType":2,"messageKeys":{}},"BTcKdXB1gwjIkomj3hjSRFY41FEFvzc/IEgX6QOJsyEK":{"chainKey":{"counter":-1,"key":"2f7dKe3znJoxjnbTS3tgGljJr9SUsdc31+lW82xP1DM="},"chainType":1,"messageKeys":{}}}}},"version":"v1"}