{"_sessions":{"BQcb6K0GiDejVnTG74L/jHmpQtjft1PUZvRKXyrki85H":{"registrationId":1859689845,"currentRatchet":{"ephemeralKeyPair":{"pubKey":"BQZG6pWJB2qdBS7g3gqTaVN+YqSDXpru9f9WQYUz2QYm","privKey":"8BzMJkVKP64xiUEXb7ecZPJC/A4Oxkix66RJy1h5H0I="},"lastRemoteEphemeralKey":"BVF6tDa2I+APd/C/DLrM+YBKlLzyb8fXGhQlLVsPQApZ","previousCounter":0,"rootKey":"HL6d2SIKyy/C0/MfOnU3V0wEtmBxIKRc70lV806A6p0="},"indexInfo":{"baseKey":"BQcb6K0GiDejVnTG74L/jHmpQtjft1PUZvRKXyrki85H","baseKeyType":2,"closed":-1,"used":1764148732740,"created":1764148732740,"remoteIdentityKey":"BZiGElit7s8HUvntowQIKDdiRdAAExoXiyZqszws1tRl"},"_chains":{"BVF6tDa2I+APd/C/DLrM+YBKlLzyb8fXGhQlLVsPQApZ":{"chainKey":{"counter":0,"key":"qWPWd4MTryX2lBdVJT3daMD895nxsyjQP4I20Bn5uQA="},"chainType":2,"messageKeys":{}},"BQZG6pWJB2qdBS7g3gqTaVN+YqSDXpru9f9WQYUz2QYm":{"chainKey":{"counter":-1,"key":"2Mxl3ITHyerDAej0ks0EIOIQLzBvCSL2Anc/wDjjEuM="},"chainType":1,"messageKeys":{}}}}},"version":"v1"}