{"_sessions":{"BXUULttpVd3EbvWRJbd7ERH35Zcz0mCF4vnRKtSGZ+N/":{"registrationId":2037572915,"currentRatchet":{"ephemeralKeyPair":{"pubKey":"BaGgfU2MSdD9YvdHexXVk3cP+AH4wl30SD540w+uiS51","privKey":"KF5PvYVYVxCO0Qnk7VveNXTGNzYwHm9UIF+e7CPOB0I="},"lastRemoteEphemeralKey":"BRlXUpYG6zrXZBbmUAogj2s1atJ2hmPCjx5joWTUKx5N","previousCounter":0,"rootKey":"KMk0EfY8G4ZpTdbZhfk4DJT3hGAGJLKPKRJah+y7FZg="},"indexInfo":{"baseKey":"BXUULttpVd3EbvWRJbd7ERH35Zcz0mCF4vnRKtSGZ+N/","baseKeyType":2,"closed":-1,"used":1764149894491,"created":1764149894491,"remoteIdentityKey":"BY6cbYp1QM6zs24CDUS4dmj2ujaCJ9hSt4RzQqTfa6wz"},"_chains":{"BRlXUpYG6zrXZBbmUAogj2s1atJ2hmPCjx5joWTUKx5N":{"chainKey":{"counter":0,"key":"tyrTP717CovpXdIkR07NlZ+abASNvr898Q1nv++LG6w="},"chainType":2,"messageKeys":{}},"BaGgfU2MSdD9YvdHexXVk3cP+AH4wl30SD540w+uiS51":{"chainKey":{"counter":-1,"key":"yGtsWw9geLGS4EPFpTwMQwz4s+J1WFDTFhBWfyoeQWw="},"chainType":1,"messageKeys":{}}}}},"version":"v1"}