{"_sessions":{"Bbm02wlRoyV+IAol2dReGTG564TYCRzljD8eKe3jfAQ3":{"registrationId":522210067,"currentRatchet":{"ephemeralKeyPair":{"pubKey":"BfYHNXbE83iPOZ1U0esttwRqLsGRaBgcn8eAO8HvZ9ZU","privKey":"0PHuJR33lCIakd3/c79ycjTlhZtHSEXS6HkoVNZvLlU="},"lastRemoteEphemeralKey":"BVKQhTyyZQNWxe0j7qPtX2Xq2/7GHbkEUbh2JZxER2IK","previousCounter":0,"rootKey":"YJIVi1Xz8XQuEg/5hKAHP0oavfhZ9Rb1WiaxSJ4Prfk="},"indexInfo":{"baseKey":"Bbm02wlRoyV+IAol2dReGTG564TYCRzljD8eKe3jfAQ3","baseKeyType":2,"closed":-1,"used":1764156433388,"created":1764156433388,"remoteIdentityKey":"BR+K4xzEzxxBarsHHfYz9NSuJwHz4jMicpipcwJejHoM"},"_chains":{"BVKQhTyyZQNWxe0j7qPtX2Xq2/7GHbkEUbh2JZxER2IK":{"chainKey":{"counter":2,"key":"f/UNvlLZibGjIKzhIB0ffUUkiiJveV/9XK38J2yDtU8="},"chainType":2,"messageKeys":{}},"BfYHNXbE83iPOZ1U0esttwRqLsGRaBgcn8eAO8HvZ9ZU":{"chainKey":{"counter":-1,"key":"STvIqwBj6+K4O1tKOZ+KYW5Y+RlQsHbuuZRaT9oz4eg="},"chainType":1,"messageKeys":{}}}}},"version":"v1"}