{"_sessions":{"BV5YRPLpAZeLsmkY7GS8kewlsS/L87JIX9Dit/44KBpG":{"registrationId":1698133003,"currentRatchet":{"ephemeralKeyPair":{"pubKey":"BZxNX7DLiZMpg3fG3pWO3Nn8YxPxRx3ZrH3xE1r41I5c","privKey":"aL+PSOqR4RoWyur+EDmMTEBvTMXa6d+ymVuZ2kWBFG8="},"lastRemoteEphemeralKey":"BfaFVoJ0DrFNQBQKgzUW7jcPxHyHYTqtu/ljYW6fiX43","previousCounter":0,"rootKey":"hzJK7+cxrakrgKNhZlBNh8Tg45CrvU3uql42SEuHG1g="},"indexInfo":{"baseKey":"BV5YRPLpAZeLsmkY7GS8kewlsS/L87JIX9Dit/44KBpG","baseKeyType":2,"closed":-1,"used":1764160151103,"created":1764160151103,"remoteIdentityKey":"Be309P3vGtF6BkAqaGthMbrNAOXcDt8cWlNeodakEpsI"},"_chains":{"BfaFVoJ0DrFNQBQKgzUW7jcPxHyHYTqtu/ljYW6fiX43":{"chainKey":{"counter":0,"key":"kqhjSRGjcHmpJFXDZJrY6iHKUSIBomKkrRfN/m2HBUk="},"chainType":2,"messageKeys":{}},"BZxNX7DLiZMpg3fG3pWO3Nn8YxPxRx3ZrH3xE1r41I5c":{"chainKey":{"counter":-1,"key":"q7O5ocI0TrypDcfM/dUg8gHqjBbtwbBmkWOyOgPNWDw="},"chainType":1,"messageKeys":{}}}}},"version":"v1"}