{"_sessions":{"Bepc4UHOZs6M5SyHEJcujKPSVQBBJVfyJfl6h89I6K8K":{"registrationId":90873927,"currentRatchet":{"ephemeralKeyPair":{"pubKey":"BSgFKT3Wz3OKKv5IJw7jtY3JqWKF4H77Ty6AWV6PXs4y","privKey":"kC44bLkMGU1WMAyZb/IdMUfQWU00DkUSmjkmIWU58Xg="},"lastRemoteEphemeralKey":"BUKS8QsRvQgTLL+Lslxi+rgi4+6DRhu+RLXYDEK8dK5+","previousCounter":0,"rootKey":"Kk/t9uBlKGrow4yCG/PLyXtVx95/1SIspeV9TkwiXkY="},"indexInfo":{"baseKey":"Bepc4UHOZs6M5SyHEJcujKPSVQBBJVfyJfl6h89I6K8K","baseKeyType":2,"closed":-1,"used":1764145092288,"created":1764145092288,"remoteIdentityKey":"BUzcol4r9as9oZvSUhAkn0Uo2ZJsp+VJ4WtwVVcBCgpi"},"_chains":{"BUKS8QsRvQgTLL+Lslxi+rgi4+6DRhu+RLXYDEK8dK5+":{"chainKey":{"counter":0,"key":"qoXgkTw82iHRp3mdQSLC3G1WAXWGHAwILCUm4WymyCc="},"chainType":2,"messageKeys":{}},"BSgFKT3Wz3OKKv5IJw7jtY3JqWKF4H77Ty6AWV6PXs4y":{"chainKey":{"counter":-1,"key":"ykPRN+0B6hawcMUWFs4ms1yTILMXFclHdXKnWezUpkw="},"chainType":1,"messageKeys":{}}}}},"version":"v1"}