{"_sessions":{"BV8IZR40vNgkh2MyHvMHN8oDBHW2cJEFc6Vibjk4qAB8":{"registrationId":1842536185,"currentRatchet":{"ephemeralKeyPair":{"pubKey":"BdtLhHdZX9Jh02yPuvtuAmL0L3vQpDVrLum0hcOz6gBF","privKey":"SPDhlO6p2nG+WRvE3QaXT8+wW0R5a4P7CkM+AhAdeXc="},"lastRemoteEphemeralKey":"BTGDpvkRADbFpC552wTI0sZN3lnjJfDREHlyQQnBgJ4O","previousCounter":0,"rootKey":"ZUl2IAbi944QhchcvIbvTvNYYRDQMMupaMFrl4rdFjg="},"indexInfo":{"baseKey":"BV8IZR40vNgkh2MyHvMHN8oDBHW2cJEFc6Vibjk4qAB8","baseKeyType":2,"closed":-1,"used":1764156859030,"created":1764156859030,"remoteIdentityKey":"BVXUHNMp+Tcz8Z5pFUT02TU5HpOV2Zud56sjR8BQ8q9U"},"_chains":{"BTGDpvkRADbFpC552wTI0sZN3lnjJfDREHlyQQnBgJ4O":{"chainKey":{"counter":0,"key":"KJKGdGR3SkwNwx6ODkrr2sxarG0l4HnFMeN99BdWamI="},"chainType":2,"messageKeys":{}},"BdtLhHdZX9Jh02yPuvtuAmL0L3vQpDVrLum0hcOz6gBF":{"chainKey":{"counter":-1,"key":"7uRckzWv7NsZ5v6QKKAf+1l9lFAp54fZpP7qo/PXbYU="},"chainType":1,"messageKeys":{}}}}},"version":"v1"}