{"_sessions":{"BZzKBTiQtgvdv4o2KbsB/3s15hVgtOKTlgjscZM4hHoK":{"registrationId":1645304835,"currentRatchet":{"ephemeralKeyPair":{"pubKey":"BWAURj1LD/0HM85m1CWv+Kyp1QLlIE3piUHMcKvVkltM","privKey":"gMA8yynNxV0bToB5f4RCqcAAJlqgqlEYjBdz0tCgvXI="},"lastRemoteEphemeralKey":"BYsPqAZXl9kSl5Cbmg4FMUuX+P6r1TWNzFBC0pr/K/g5","previousCounter":0,"rootKey":"9hPR8T3fkpQyImObErxAkRHtARg50JTblixceru2LKs="},"indexInfo":{"baseKey":"BZzKBTiQtgvdv4o2KbsB/3s15hVgtOKTlgjscZM4hHoK","baseKeyType":2,"closed":1764158730631,"used":1764144156989,"created":1764144156989,"remoteIdentityKey":"Bd5HvvHP4eRkgRBkRwYwtVe5idgYuJwdSJioMr+zdp03"},"_chains":{"BYsPqAZXl9kSl5Cbmg4FMUuX+P6r1TWNzFBC0pr/K/g5":{"chainKey":{"counter":24,"key":"/t7dn6Ly+Cr7jHH4y+8xrxRTm7D/EeaRM7w0/kxyFBk="},"chainType":2,"messageKeys":{"14":"cEKIZ8N2hHpUedQC3Rws9DdD5T1+YwPKf8pAb+VfSdg="}},"BWAURj1LD/0HM85m1CWv+Kyp1QLlIE3piUHMcKvVkltM":{"chainKey":{"counter":-1,"key":"5NkOcbAFi2pjC3lWttZGiiPrHrQNClD5FXUsbva3WYs="},"chainType":1,"messageKeys":{}}}},"BSrK0b27RhWFg8B1MWo/lGYBh1wtZ4gvpYoXLHuh/CAY":{"registrationId":1645304835,"currentRatchet":{"ephemeralKeyPair":{"pubKey":"BY4fSWZPngmJbKNPfuGE0BkSmTFzRjQLlOVNACASaZQ4","privKey":"kC9ZuYNlTMwoFD2OFVXVsMpgdjDIV55P9O6QoS7rXEg="},"lastRemoteEphemeralKey":"BVCBo6VDY5J7YIHXqyFrdFR0MwA4XhICiOM13BwBUepZ","previousCounter":0,"rootKey":"Fy8B42UWNi8wF3xhFBdsTufkMzWgbiVnPu5xDGtcrNY="},"indexInfo":{"baseKey":"BSrK0b27RhWFg8B1MWo/lGYBh1wtZ4gvpYoXLHuh/CAY","baseKeyType":2,"closed":-1,"used":1764158730632,"created":1764158730632,"remoteIdentityKey":"Bd5HvvHP4eRkgRBkRwYwtVe5idgYuJwdSJioMr+zdp03"},"_chains":{"BVCBo6VDY5J7YIHXqyFrdFR0MwA4XhICiOM13BwBUepZ":{"chainKey":{"counter":2,"key":"7Tc+8+uwm7Vl7wIYD9t5xUnU7H/t1JUVmR7Nr8B+Uw8="},"chainType":2,"messageKeys":{}},"BY4fSWZPngmJbKNPfuGE0BkSmTFzRjQLlOVNACASaZQ4":{"chainKey":{"counter":-1,"key":"eupUlMF6bt0+fE7IZVFEmEFbZznYh+wiieT6KSWK7ug="},"chainType":1,"messageKeys":{}}}}},"version":"v1"}