{"_sessions":{"BY+5qVySliOMC2bt3WuH7xK31T/ZrgNY0AnT+tBcLQBY":{"registrationId":1121539694,"currentRatchet":{"ephemeralKeyPair":{"pubKey":"BRB1MWgDM9w/xIZEBHpHnCt5sferFUaNTdcoRUS5s/Z9","privKey":"0NE2DQQiokX1mby3XXVsYgXEE2YFFrjrNQ6fzU3fB0c="},"lastRemoteEphemeralKey":"BTY5Mn+L6eyGzLbKTvRh2Ys8Khe5MBwmH/ZyOvZlXSI+","previousCounter":0,"rootKey":"KxjiOdcY7MgOlg5avD9zyPJYFRh2WeN2ofLScIoouSA="},"indexInfo":{"baseKey":"BY+5qVySliOMC2bt3WuH7xK31T/ZrgNY0AnT+tBcLQBY","baseKeyType":2,"closed":-1,"used":1764144168604,"created":1764144168604,"remoteIdentityKey":"Bf41x7EXmZSo6LkoAa4wUfomdpbzFigABWCLU38wCr1s"},"_chains":{"BTY5Mn+L6eyGzLbKTvRh2Ys8Khe5MBwmH/ZyOvZlXSI+":{"chainKey":{"counter":0,"key":"Clrm3tsSbHpqW4RzuGgnibRpj05To0uHzvcIP9BxpHk="},"chainType":2,"messageKeys":{}},"BRB1MWgDM9w/xIZEBHpHnCt5sferFUaNTdcoRUS5s/Z9":{"chainKey":{"counter":-1,"key":"wuO44jRNsgBptyraewHZjiNpRutd9wcWClCEg3kBTm0="},"chainType":1,"messageKeys":{}}}}},"version":"v1"}