{"_sessions":{"BVGzvcgJ51Od4QulF1+51nl4UJJ0DkIPS70uvXoYFjpL":{"registrationId":608891076,"currentRatchet":{"ephemeralKeyPair":{"pubKey":"BbHNQiO8C5/dgoU3XC8zjIhR83VAPcf2+9mRHaST4zBa","privKey":"QDqEyLnG6qiq/uX79SPMsD9Uy+XkpAmlKkS5T4lq0mE="},"lastRemoteEphemeralKey":"BYWROyEotGfT/PqTpLuJS1GYzpnj4QKTBay42Ih1rhJ8","previousCounter":0,"rootKey":"kjRIbOos9RHtwoRpkjn4FsrrlwaZYyrDQMQNqgScOgo="},"indexInfo":{"baseKey":"BVGzvcgJ51Od4QulF1+51nl4UJJ0DkIPS70uvXoYFjpL","baseKeyType":2,"closed":1764157401082,"used":1764151204362,"created":1764151204362,"remoteIdentityKey":"BdRHTwAKplMtetR6/TNq5x3d1lC5hi7T/9p0OcOS7npD"},"_chains":{"BYWROyEotGfT/PqTpLuJS1GYzpnj4QKTBay42Ih1rhJ8":{"chainKey":{"counter":18,"key":"ksrQT2sfKhDD/HpecX79iVS869noBacFZ9uFe18f60M="},"chainType":2,"messageKeys":{}},"BbHNQiO8C5/dgoU3XC8zjIhR83VAPcf2+9mRHaST4zBa":{"chainKey":{"counter":-1,"key":"qlO0dmFnGsOap4FVecQMOALxFuThVp+GE64I6hquMoo="},"chainType":1,"messageKeys":{}}}},"BSjyMi6ZVG4MCEcMPAIpPtV9ud1K+Dsa/YepbJNLUO8c":{"registrationId":608891076,"currentRatchet":{"ephemeralKeyPair":{"pubKey":"BXKvUM+vgXNQZRkzqv5j2H0CyGwz3MlHsPQvM1bQC5RP","privKey":"mJfy2NaRBxAgx5SKRGQhfyewMP7QcjEsPtBUJHB++2s="},"lastRemoteEphemeralKey":"BbR4UygyAqQCB+iTi//pfBy2+GW2c8kQPeetV0vifjUx","previousCounter":0,"rootKey":"yPdtnTESWqy+ioPe5XSybCGDIBdyS6AT3mhnpfe5k40="},"indexInfo":{"baseKey":"BSjyMi6ZVG4MCEcMPAIpPtV9ud1K+Dsa/YepbJNLUO8c","baseKeyType":2,"closed":-1,"used":1764157401083,"created":1764157401083,"remoteIdentityKey":"BdRHTwAKplMtetR6/TNq5x3d1lC5hi7T/9p0OcOS7npD"},"_chains":{"BbR4UygyAqQCB+iTi//pfBy2+GW2c8kQPeetV0vifjUx":{"chainKey":{"counter":11,"key":"CEjVeAAmA9CFFzpdyVIX6uOd+HhLjOulL5lhF7v6Q4k="},"chainType":2,"messageKeys":{}},"BXKvUM+vgXNQZRkzqv5j2H0CyGwz3MlHsPQvM1bQC5RP":{"chainKey":{"counter":-1,"key":"yUWyvfIp95iCjnoSE1i+uhC0BUwINcfv/ZgYOOV4QSo="},"chainType":1,"messageKeys":{}}}}},"version":"v1"}