{"_sessions":{"BZfvN52v/16pjAY4USKfCSIwnSx7dCqbH3jmCPeRxpci":{"registrationId":522210067,"currentRatchet":{"ephemeralKeyPair":{"pubKey":"BcUoQzcR/GKj7FqVCpE4HlKXs+T9hqXazmfhzkdWTMF2","privKey":"sKCk3rDa/kG2f2cqZvCfIwrUgwKz/ij1133yMeDpQ1Y="},"lastRemoteEphemeralKey":"BUGjtEk6A/Mulf7nPRjV0vhEdlDLYiNSS7Dkjs8Ec7Rq","previousCounter":0,"rootKey":"j8UisASKMkN27A6FF6zch5j8snuvYO8xszsayvGQmeU="},"indexInfo":{"baseKey":"BZfvN52v/16pjAY4USKfCSIwnSx7dCqbH3jmCPeRxpci","baseKeyType":2,"closed":1764157160189,"used":1764146146444,"created":1764146146444,"remoteIdentityKey":"BR+K4xzEzxxBarsHHfYz9NSuJwHz4jMicpipcwJejHoM"},"_chains":{"BUGjtEk6A/Mulf7nPRjV0vhEdlDLYiNSS7Dkjs8Ec7Rq":{"chainKey":{"counter":2,"key":"jIcKCQKj6rU1orKTk3nh4wxy7gcwA1I9Znu5+4ORCgs="},"chainType":2,"messageKeys":{}},"BcUoQzcR/GKj7FqVCpE4HlKXs+T9hqXazmfhzkdWTMF2":{"chainKey":{"counter":-1,"key":"aTyfSB9CH6/cqLKH4xdzEKEt7W9fMu4r/2UiY+lqjyg="},"chainType":1,"messageKeys":{}}}},"BYE9DadanaejFQ3sjQB2qYxTkqVLUYV0KATmzUylydoB":{"registrationId":522210067,"currentRatchet":{"ephemeralKeyPair":{"pubKey":"BUjLu2lwSCIpOGQMPPLsIERx8re0ooHh9sDlQPgs3B9M","privKey":"kFiDNkfuwG2//eHC7oPG54m99wMdLxrY5YdQQt7jaU0="},"lastRemoteEphemeralKey":"BZDq/qZz1FHJ9VOmblk8BiLK+VMhTZffCSQRvEJoCSJ2","previousCounter":0,"rootKey":"SxsVfs2J+92iBqipGhuAMH1/nCfbHGDF5OwS/E9gypE="},"indexInfo":{"baseKey":"BYE9DadanaejFQ3sjQB2qYxTkqVLUYV0KATmzUylydoB","baseKeyType":2,"closed":-1,"used":1764157160190,"created":1764157160190,"remoteIdentityKey":"BR+K4xzEzxxBarsHHfYz9NSuJwHz4jMicpipcwJejHoM"},"_chains":{"BZDq/qZz1FHJ9VOmblk8BiLK+VMhTZffCSQRvEJoCSJ2":{"chainKey":{"counter":0,"key":"RDeROcspuLYYaL2Djy8RU4lUFfI3aqb6d1dyx7XjHKc="},"chainType":2,"messageKeys":{}},"BUjLu2lwSCIpOGQMPPLsIERx8re0ooHh9sDlQPgs3B9M":{"chainKey":{"counter":-1,"key":"bvMtwHssEtKsZTcxaFZyXGzcpS8fXLmKROneLeL6dxc="},"chainType":1,"messageKeys":{}}}}},"version":"v1"}