{"_sessions":{"BSMeWeeorLUKMQCa5UXNHbIITrpN6friKeinHCzlWCks":{"registrationId":1740644804,"currentRatchet":{"ephemeralKeyPair":{"pubKey":"BSvZxcbAUOmzQ/1/iNzGD0lW8Nv9FPbCDWIkgv7ydaAs","privKey":"ENml5GQhqUCB1snam41Qglrb/7KKGykLIjqF0o+bPlY="},"lastRemoteEphemeralKey":"BY8FQbqWJ9pA0V7q2M0A+wnIS+ThY1UKWra+b7A606Qa","previousCounter":0,"rootKey":"hSPgoRHy11Qm1yAzJoIH3gG3hUFyF6mv6HBRiRr8Wvs="},"indexInfo":{"baseKey":"BSMeWeeorLUKMQCa5UXNHbIITrpN6friKeinHCzlWCks","baseKeyType":2,"closed":-1,"used":1764145169935,"created":1764145169935,"remoteIdentityKey":"BXPoB6XueslpViFsSMv0bJZiBgSWm4N40efwN5VF3gtE"},"_chains":{"BY8FQbqWJ9pA0V7q2M0A+wnIS+ThY1UKWra+b7A606Qa":{"chainKey":{"counter":0,"key":"d7i75v7S+TJtML1IGopeh0OT5OoJDOzljJMOl3DnJOU="},"chainType":2,"messageKeys":{}},"BSvZxcbAUOmzQ/1/iNzGD0lW8Nv9FPbCDWIkgv7ydaAs":{"chainKey":{"counter":-1,"key":"7AXFM30pwckBqbVD5isWEdAMuI2v2JNdfkpqMnoUVDM="},"chainType":1,"messageKeys":{}}}}},"version":"v1"}