{"_sessions":{"BSFRV/7voJgMCJixZ0WITWHak1GRYA57F5x08fwsMvcV":{"registrationId":1645304835,"currentRatchet":{"ephemeralKeyPair":{"pubKey":"BYlJCy+KGocVftXXbdlWYYKlfMSyMJ69a0PEkhmrXPsK","privKey":"SIwNQ2F3b1kr8BEwVGLfokIPiImoz/UGKLCmcCFCk14="},"lastRemoteEphemeralKey":"Bat6EKI/uyzq2JtoDq3BeCCvkRw2gXzoA+NTKh63tmtc","previousCounter":0,"rootKey":"Fhj1li4qhUN3egzp4eUOGobSeU7anyrrbg9Y9Kb442w="},"indexInfo":{"baseKey":"BSFRV/7voJgMCJixZ0WITWHak1GRYA57F5x08fwsMvcV","baseKeyType":2,"closed":1764157728819,"used":1764143865897,"created":1764143865897,"remoteIdentityKey":"Bd5HvvHP4eRkgRBkRwYwtVe5idgYuJwdSJioMr+zdp03"},"_chains":{"Bat6EKI/uyzq2JtoDq3BeCCvkRw2gXzoA+NTKh63tmtc":{"chainKey":{"counter":0,"key":"4bUhsG0h7JFcA172IoOs3QDV/t0JEGJYuVkWJOQt4pQ="},"chainType":2,"messageKeys":{}},"BYlJCy+KGocVftXXbdlWYYKlfMSyMJ69a0PEkhmrXPsK":{"chainKey":{"counter":-1,"key":"ASF5chLJOZFFuFicN0xkIOShVJEU5+OoTkutkPs2GPg="},"chainType":1,"messageKeys":{}}}},"Bcl5me7XXhzHGTuGVUwHNtQJ7x0YTCsuJUtrolw0GmhG":{"registrationId":1645304835,"currentRatchet":{"ephemeralKeyPair":{"pubKey":"BV1bTBaJIPGfuMoL54R1OloOdKF3m9wrhx3EsOY4g48T","privKey":"aAGsumEG8EoByZ1wulNFV3c3M8xRyxftnkzjpinGh1E="},"lastRemoteEphemeralKey":"BT8JVDeOI1Pvnmey4t74fClMYg02JV7mVWpco2pEjwJE","previousCounter":0,"rootKey":"4KBK9bFTXsSN2ZguEd4GRFLekNQczKelItq6Q7OQOW0="},"indexInfo":{"baseKey":"Bcl5me7XXhzHGTuGVUwHNtQJ7x0YTCsuJUtrolw0GmhG","baseKeyType":2,"closed":-1,"used":1764157728820,"created":1764157728820,"remoteIdentityKey":"Bd5HvvHP4eRkgRBkRwYwtVe5idgYuJwdSJioMr+zdp03"},"_chains":{"BT8JVDeOI1Pvnmey4t74fClMYg02JV7mVWpco2pEjwJE":{"chainKey":{"counter":0,"key":"yl8InVA9FjV2AbsRJemm30WZrBZBsyFKaG8cxfEsj14="},"chainType":2,"messageKeys":{}},"BV1bTBaJIPGfuMoL54R1OloOdKF3m9wrhx3EsOY4g48T":{"chainKey":{"counter":-1,"key":"MkuZptGGZZAKDQqU6RHpxQmvao7IT+w+QihHlwF1lX4="},"chainType":1,"messageKeys":{}}}}},"version":"v1"}