{"_sessions":{"Bf3MtPLrS2kv9/pU80m3lHCyxqm9PUGtQ6IQMCYi+5I3":{"registrationId":1779429263,"currentRatchet":{"ephemeralKeyPair":{"pubKey":"BbUiHFIx16XcQz5BbTpsloLUbX2oa0wh2Cs3EA0U91da","privKey":"SNm7D5ddSUG9YN6GSOcnxxopxyM3jXlHF+C6gvM93kE="},"lastRemoteEphemeralKey":"Bd5Ur2dv+Ox9BK4Sv7r67btNHBpmGs/1CIkB80HL+p1M","previousCounter":0,"rootKey":"9OYkpaC05bMFNCi58mAompdw+Ti83uRin/RmLmk8zp0="},"indexInfo":{"baseKey":"Bf3MtPLrS2kv9/pU80m3lHCyxqm9PUGtQ6IQMCYi+5I3","baseKeyType":2,"closed":-1,"used":1764143958349,"created":1764143958349,"remoteIdentityKey":"BV/smyax01WzRQQYwbpMKYH/aH/6ISDK4VH1CZ9vXnA6"},"_chains":{"Bd5Ur2dv+Ox9BK4Sv7r67btNHBpmGs/1CIkB80HL+p1M":{"chainKey":{"counter":0,"key":"1hQnm9rtfhYq73xMJSRGjDUOeeW3DpXJrtV8HAt0itU="},"chainType":2,"messageKeys":{}},"BbUiHFIx16XcQz5BbTpsloLUbX2oa0wh2Cs3EA0U91da":{"chainKey":{"counter":-1,"key":"8ee1D85GpJJjj3izFTVeA7W04SOkRV9YuxnNC3g0WKE="},"chainType":1,"messageKeys":{}}}}},"version":"v1"}