{"_sessions":{"BcKBJsGtZ3UZKTgXvVPS8Qi7q2/BQIBkBUeogBTYlXtd":{"registrationId":1086896366,"currentRatchet":{"ephemeralKeyPair":{"pubKey":"BXul2Tc5DinCv+Ylu0LdvGFf+9r0j1LxQpVKQo7G/fkJ","privKey":"0Dbb9j15k5b51KmcYhNli6l12xvFPaEM2wsKXiwACUY="},"lastRemoteEphemeralKey":"BdTWjPtWetMliTHSBoqaeYKaUJrcEHOd56ija+3jkjcT","previousCounter":0,"rootKey":"XoRwQRAMdaSm97PQu3V6I5iEqShPOY65sXGX7fXBRLI="},"indexInfo":{"baseKey":"BcKBJsGtZ3UZKTgXvVPS8Qi7q2/BQIBkBUeogBTYlXtd","baseKeyType":2,"closed":-1,"used":1764143713792,"created":1764143713792,"remoteIdentityKey":"BcElSWG7OJz4GxuvfchtBxVG1Ex7TAv9xO8WPJGR60Vt"},"_chains":{"BdTWjPtWetMliTHSBoqaeYKaUJrcEHOd56ija+3jkjcT":{"chainKey":{"counter":0,"key":"GxaV81StB3ckeudOlNUjkFovYeosf9Tyvs52jHaGSH4="},"chainType":2,"messageKeys":{}},"BXul2Tc5DinCv+Ylu0LdvGFf+9r0j1LxQpVKQo7G/fkJ":{"chainKey":{"counter":-1,"key":"6/G8FTntBxNMdRjb2SSg4NpJjls+6sBQ0DOTUhNC/xY="},"chainType":1,"messageKeys":{}}}}},"version":"v1"}