{"_sessions":{"BZdt7QRAhtHsn/5WQjnlnPUWGW25f19FhJNTAMgQT792":{"registrationId":804756841,"currentRatchet":{"ephemeralKeyPair":{"pubKey":"BWeo8/aKgXUg41OWq93wW+onnO40YmBffHor8pb5vPNw","privKey":"MNrFKh8DJ7TgIYiUHzUA1JWfNhZfXat4KGV2EOCv3F4="},"lastRemoteEphemeralKey":"BdL3YdgHjetojDlemMxwOeo6LjFwpUkSaR3IPO5a+ooU","previousCounter":0,"rootKey":"2UxVtwn+hurze4bWTY7LherNX3CAuT0pWWO4hyWNhBg="},"indexInfo":{"baseKey":"BZdt7QRAhtHsn/5WQjnlnPUWGW25f19FhJNTAMgQT792","baseKeyType":2,"closed":-1,"used":1764159714293,"created":1764159714293,"remoteIdentityKey":"BRzlOsyUS4xFmHr+d4llYGkGjeOXI9ttwtPXgoZWqC8B"},"_chains":{"BdL3YdgHjetojDlemMxwOeo6LjFwpUkSaR3IPO5a+ooU":{"chainKey":{"counter":0,"key":"wKAqsw4UMF75W3BhputZnkNoQGrz4mkYuH+eTfi2N7s="},"chainType":2,"messageKeys":{}},"BWeo8/aKgXUg41OWq93wW+onnO40YmBffHor8pb5vPNw":{"chainKey":{"counter":-1,"key":"pChB6/8i8zzCqRSGk05qCQdy5SM2rmVNtv609jgopgo="},"chainType":1,"messageKeys":{}}}}},"version":"v1"}