{"_sessions":{"BR4I8u1eoOztr55ROzeksBlpB+e7kw7DW43CP3V+DA1Y":{"registrationId":1482433401,"currentRatchet":{"ephemeralKeyPair":{"pubKey":"BduVdSWXQLlt/7harsgYNkn6HvsEMjwvqk83eXlcMzYi","privKey":"KAGL2rKH+oIoBr1nyWd9lJgl3f21KogGovMa6XNNtHg="},"lastRemoteEphemeralKey":"BYELBAf3uHDr+ppC74AokXMZv5f+5iaR+jbsHIqsDvlW","previousCounter":0,"rootKey":"/aRthVxzM4oXgAT847Bzf2NhK27nC9YIuJJKUNFaaQo="},"indexInfo":{"baseKey":"BR4I8u1eoOztr55ROzeksBlpB+e7kw7DW43CP3V+DA1Y","baseKeyType":2,"closed":-1,"used":1764152577061,"created":1764152577061,"remoteIdentityKey":"BQnZwyozUv+dE49VkxpuI63AkopWHqDHowrlRCUNEvRG"},"_chains":{"BYELBAf3uHDr+ppC74AokXMZv5f+5iaR+jbsHIqsDvlW":{"chainKey":{"counter":0,"key":"La1IwA2oxaxxpgkJz72HoWTTZ91xNdZh0/Up2Jzw8qE="},"chainType":2,"messageKeys":{}},"BduVdSWXQLlt/7harsgYNkn6HvsEMjwvqk83eXlcMzYi":{"chainKey":{"counter":-1,"key":"NLVv3c8bsWQ5bTX440WjVyEMzTeJ/EB/MnFxC0K3TXg="},"chainType":1,"messageKeys":{}}}}},"version":"v1"}