{"_sessions":{"Bc1fo0ynpwRRWO9owyuwi+Z2OwxKoI7xbDEoDr9/+xlU":{"registrationId":1421282535,"currentRatchet":{"ephemeralKeyPair":{"pubKey":"BQP5Y0b+wL3i3CgYTt6I5O4tNLw6t2nf2IrCyMgsLZhx","privKey":"cKj591Ub5ZTjG0OkKFKGzvAQXWpFd51o5WDHvkSau3A="},"lastRemoteEphemeralKey":"BZWBd0I95p0vzwWzlRaOM1waUIsz2hucteM2t6w6oA4q","previousCounter":0,"rootKey":"8IJfq8IBh8ceryjVvX+kAC1G+2XjPKdHhyXPRznBXSA="},"indexInfo":{"baseKey":"Bc1fo0ynpwRRWO9owyuwi+Z2OwxKoI7xbDEoDr9/+xlU","baseKeyType":2,"closed":-1,"used":1764144508131,"created":1764144508131,"remoteIdentityKey":"BWpmaqsBRrDuiXcRzywNWFjF00BXFjmmqlWYwIqV93JL"},"_chains":{"BZWBd0I95p0vzwWzlRaOM1waUIsz2hucteM2t6w6oA4q":{"chainKey":{"counter":0,"key":"O0pyErW7+rYlKKaLwLlOhKrZOdB+tyJEq4PbaXKdVSM="},"chainType":2,"messageKeys":{}},"BQP5Y0b+wL3i3CgYTt6I5O4tNLw6t2nf2IrCyMgsLZhx":{"chainKey":{"counter":-1,"key":"UMvBS8mYT+ip0ma6KOF8i0Fv2xuWC5hF3wtPG5HN4PA="},"chainType":1,"messageKeys":{}}}}},"version":"v1"}