{"_sessions":{"BU8kmvu6VZYuWkyPLaZBtVEV6NJ5aRL2Pfz47CPIqoEE":{"registrationId":1914951215,"currentRatchet":{"ephemeralKeyPair":{"pubKey":"BUP56Nz1xAVSe+pedq29lT+nQUyW8Q9H9dHSS5HxGjYa","privKey":"QG9iTUyR2t7sGP9bRVmBrA8evcOQQZGhEr6ZX15WMHw="},"lastRemoteEphemeralKey":"BZWKu3dPzMwEwtyz6isHVlu5duxM5esVO2IBp9T69f0/","previousCounter":0,"rootKey":"gtAxV4SDjxsbz8EBdIvLvvBu/tJd1vukTe7m4PtsEL0="},"indexInfo":{"baseKey":"BU8kmvu6VZYuWkyPLaZBtVEV6NJ5aRL2Pfz47CPIqoEE","baseKeyType":2,"closed":-1,"used":1764151187754,"created":1764151187754,"remoteIdentityKey":"Bd229a19p96MK7Y3/B3lcqhKQgvjO0VrFW3v6r7Jugx0"},"_chains":{"BZWKu3dPzMwEwtyz6isHVlu5duxM5esVO2IBp9T69f0/":{"chainKey":{"counter":0,"key":"kJ2+YEewrXzcp2DUCN+njBbqf+CCGM61SlkjoRfjFSs="},"chainType":2,"messageKeys":{}},"BUP56Nz1xAVSe+pedq29lT+nQUyW8Q9H9dHSS5HxGjYa":{"chainKey":{"counter":-1,"key":"QxRVRy3OjIBs8+Qz7okC7kTksYs50ZsOwxVJJW4KgHQ="},"chainType":1,"messageKeys":{}}}}},"version":"v1"}