{"_sessions":{"BUB4ks8AVdnBckeUF8CsmvSOEmfN2pj38WiNr0zMd1Ei":{"registrationId":2110018585,"currentRatchet":{"ephemeralKeyPair":{"pubKey":"BQdZFUxsI3XegoLrbVAWUczYmgJg8oS4VVkwXjM7yegg","privKey":"0F+JD5bP/0oI5hOKV0A4qU9AO4A6jbr214cP1ZtGdmM="},"lastRemoteEphemeralKey":"BVmfo17emny/U+mrBGAfnyTIoH+cb3glDj1sEjJB5gBL","previousCounter":0,"rootKey":"gvncAP7doQqboA8QELkuqwN5xpq+AF7xmOYcC7GTDnc="},"indexInfo":{"baseKey":"BUB4ks8AVdnBckeUF8CsmvSOEmfN2pj38WiNr0zMd1Ei","baseKeyType":2,"closed":-1,"used":1764143870163,"created":1764143870163,"remoteIdentityKey":"BV6n4xkwGT9BQDio4UBOFZN5zLG+YH5VB9Zru/8PfokI"},"_chains":{"BVmfo17emny/U+mrBGAfnyTIoH+cb3glDj1sEjJB5gBL":{"chainKey":{"counter":3,"key":"tZfryy5p6abv61rowprHhjDv7Ftb5gVxXRMbY7clTyg="},"chainType":2,"messageKeys":{}},"BQdZFUxsI3XegoLrbVAWUczYmgJg8oS4VVkwXjM7yegg":{"chainKey":{"counter":-1,"key":"7sTxt90pFiKX2yMkSieB+wIt1r15hxq00dIgIxbD9Pw="},"chainType":1,"messageKeys":{}}}}},"version":"v1"}