{"_sessions":{"BStR9/ajO1i4xXn4IGSvPmqkldhE5NRvbjaQa+j02+Qh":{"registrationId":757617482,"currentRatchet":{"ephemeralKeyPair":{"pubKey":"BZYZOe5r6uPM2b5yl6VHrI6z9OEJmX2xHHleERsPujRR","privKey":"4PWwO8Bg6KVCGCWvhsR95m5h26axbzI/f+Zhw+JaSlw="},"lastRemoteEphemeralKey":"BQ4cCUPuHCg0Hrs9XjcbkKmv0cdh+oA60WbIguziJ097","previousCounter":0,"rootKey":"nVkVqV4ZrzvFe1kQbPIVyZn7rZXM7laJk6WDH2OJitE="},"indexInfo":{"baseKey":"BStR9/ajO1i4xXn4IGSvPmqkldhE5NRvbjaQa+j02+Qh","baseKeyType":2,"closed":-1,"used":1764156340334,"created":1764156340334,"remoteIdentityKey":"BWWDNAKOVA0OMl/NdjQStqkIvvwcaqOWfV0dv0RGkF4i"},"_chains":{"BQ4cCUPuHCg0Hrs9XjcbkKmv0cdh+oA60WbIguziJ097":{"chainKey":{"counter":0,"key":"72rBBOilFHHzLC/8Tzv8whraGTQktllS2JbxbNBYRT8="},"chainType":2,"messageKeys":{}},"BZYZOe5r6uPM2b5yl6VHrI6z9OEJmX2xHHleERsPujRR":{"chainKey":{"counter":-1,"key":"quExUuvZsrp5qIy69Q7flf8e7Nu9VOyJVqnQ7LMJoqw="},"chainType":1,"messageKeys":{}}}}},"version":"v1"}