{"_sessions":{"BRg5+hB0CCWU1xwitFC75OIfarehiMq5R7vV9shQRug4":{"registrationId":952782290,"currentRatchet":{"ephemeralKeyPair":{"pubKey":"BUqGOVUOScylw/xUZnfjQr/gcdsgYbR2bDyEHbe9bCgQ","privKey":"mKS0+UKsFlV/Cd7OXC2cUo+sgzz7g6HMPMBy3y3kMEo="},"lastRemoteEphemeralKey":"BRiKie11HGPvKFEE9MF3KbZNBlA7lhYIhdLgYPGDdYR7","previousCounter":0,"rootKey":"JaHP4aiLz6zllbWErwIsRbp81bXQKp7aZOyR4Mbrres="},"indexInfo":{"baseKey":"BRg5+hB0CCWU1xwitFC75OIfarehiMq5R7vV9shQRug4","baseKeyType":2,"closed":-1,"used":1764144691439,"created":1764144691439,"remoteIdentityKey":"BW6kiPuAumrRPtWULdTtFBxKcmIVFSrytvEnUVflOkd6"},"_chains":{"BRiKie11HGPvKFEE9MF3KbZNBlA7lhYIhdLgYPGDdYR7":{"chainKey":{"counter":2,"key":"NQ3bfPcwp2jjvkiG4zn7eXcjeCbq3Oo8oFWgmAAmUeA="},"chainType":2,"messageKeys":{}},"BUqGOVUOScylw/xUZnfjQr/gcdsgYbR2bDyEHbe9bCgQ":{"chainKey":{"counter":-1,"key":"DucjCGwJHpdPZVggIKZfJB6g1f9/MZKjYPVLK60n7p8="},"chainType":1,"messageKeys":{}}}}},"version":"v1"}