{"_sessions":{"BZHnTDLNg3XGsao+QNbD8miX9Mx952oskOLZK5YLFzBh":{"registrationId":81799676,"currentRatchet":{"ephemeralKeyPair":{"pubKey":"BVrM1Jz0adk5yCWZHNUMu31jFRre5udOBbdVfwu9w/5d","privKey":"6ET2SMrFKM2SeV6XGvI0WMd06t2WNR/P+hxbTUEbWVM="},"lastRemoteEphemeralKey":"BcV5v/dHCCNfdUsz+Kioet9ydQ+e9YtIL+VrXgfyyAo9","previousCounter":0,"rootKey":"4GzUwwcpbY/bESyezTh4ytCJmvalyDP1okm046DRlk8="},"indexInfo":{"baseKey":"BZHnTDLNg3XGsao+QNbD8miX9Mx952oskOLZK5YLFzBh","baseKeyType":2,"closed":1764151381787,"used":1764151381362,"created":1764151381362,"remoteIdentityKey":"BV3bUfieBaMhKBbwkUzPArXlUCnfivrzFXxwzqemexkq"},"_chains":{"BcV5v/dHCCNfdUsz+Kioet9ydQ+e9YtIL+VrXgfyyAo9":{"chainKey":{"counter":0,"key":"++tppjXAdfWhQimd59sAQHb76BeVsz+NeKfSLoVKIdk="},"chainType":2,"messageKeys":{}},"BVrM1Jz0adk5yCWZHNUMu31jFRre5udOBbdVfwu9w/5d":{"chainKey":{"counter":-1,"key":"UOiJzxAYwVQme/bk2jCNpfc/jH6cHu6RMRTelKnv85A="},"chainType":1,"messageKeys":{}}}},"BcVac79n4VgYW1jeSjqieYuevAv98BKSBBM9ObrNce0X":{"registrationId":81799676,"currentRatchet":{"ephemeralKeyPair":{"pubKey":"Bap4xcK006k/7vKMbsGAPjWhhrQ7xffLDyX/nxmZ7Rp8","privKey":"IEMv+lv5R4xscKU6vYwZy6CaQ72Wf0Qt5VYXTQ+LGWI="},"lastRemoteEphemeralKey":"BZuqChZPQAjD1p+aFT1lfq1KBstBhmioJOCGBfvbuu5v","previousCounter":0,"rootKey":"oTMVt/Ip38J8hLDOyNsTQn0nsEyfIB60hk0hGd+wiQ8="},"indexInfo":{"baseKey":"BcVac79n4VgYW1jeSjqieYuevAv98BKSBBM9ObrNce0X","baseKeyType":2,"closed":-1,"used":1764151381789,"created":1764151381789,"remoteIdentityKey":"BV3bUfieBaMhKBbwkUzPArXlUCnfivrzFXxwzqemexkq"},"_chains":{"BZuqChZPQAjD1p+aFT1lfq1KBstBhmioJOCGBfvbuu5v":{"chainKey":{"counter":1,"key":"jCZ6VrKu4t9T/RyV14+bbnyfI23znyTw03Vs7XMYTgE="},"chainType":2,"messageKeys":{}},"Bap4xcK006k/7vKMbsGAPjWhhrQ7xffLDyX/nxmZ7Rp8":{"chainKey":{"counter":-1,"key":"nq3tv72OcyYZhsl4kvajdoOKuwy9haz39yzhqjCuuoI="},"chainType":1,"messageKeys":{}}}}},"version":"v1"}