{"_sessions":{"BbZYhknJeCzuN+CHFVYAErnBIauaqTlPOK02sy1+WdoF":{"registrationId":922815681,"currentRatchet":{"ephemeralKeyPair":{"pubKey":"BXz7UToQWA/HbuAUikITeYv1XI5olr1yMuU5bgWwWYE2","privKey":"6DT4wxsLeEEgxbHXS9564E0a8Z5CkePpufnC47h/rkY="},"lastRemoteEphemeralKey":"Bcb/dqUmP1FnvnrGziqcK+k0LLP9snTJvgaJ9d1cUIkS","previousCounter":0,"rootKey":"UVT9U6nhgzHFbgXgqt9TdAestHuq4XkJg1DYVO4LE2g="},"indexInfo":{"baseKey":"BbZYhknJeCzuN+CHFVYAErnBIauaqTlPOK02sy1+WdoF","baseKeyType":2,"closed":-1,"used":1764158885644,"created":1764158885644,"remoteIdentityKey":"BQfOTE95XBHNMTL+2EMl4LjPMLPMScHxl8LYRZ6x0WoU"},"_chains":{"Bcb/dqUmP1FnvnrGziqcK+k0LLP9snTJvgaJ9d1cUIkS":{"chainKey":{"counter":2,"key":"/Sbhfb5AEHIxP3PZk9aDswYVRi/d93hr4NoDlSg03JU="},"chainType":2,"messageKeys":{}},"BXz7UToQWA/HbuAUikITeYv1XI5olr1yMuU5bgWwWYE2":{"chainKey":{"counter":-1,"key":"inDAwbqWx45lX8i0A2/3/JHWPL4yk3LoMiTlwyJvu1w="},"chainType":1,"messageKeys":{}}}}},"version":"v1"}