{"_sessions":{"BTbCy3L+ifm49xpqMtU1saXB4z6gvksYXa7vqLirg3pS":{"registrationId":1623789206,"currentRatchet":{"ephemeralKeyPair":{"pubKey":"Bflwx2s8wyuwPU3WV046j8oveQcuQYHr5gpnc691BOd4","privKey":"aFAvctFLp8bkbR232rLhQAJgpBZAoSo91Lra4sMRVks="},"lastRemoteEphemeralKey":"BV1Mf9IoytSGVUcP7X8YDKM1CssD79J2zSBLuq1lOhEM","previousCounter":0,"rootKey":"z1WEdAdOozCGHRI2dne4RyPjGMzhENE1XPJ8sWjybew="},"indexInfo":{"baseKey":"BTbCy3L+ifm49xpqMtU1saXB4z6gvksYXa7vqLirg3pS","baseKeyType":2,"closed":-1,"used":1764157474052,"created":1764157474052,"remoteIdentityKey":"BTMjeNteeEV8rNLlSlXPw08mANZfjHqRMUJued8KjjBq"},"_chains":{"BV1Mf9IoytSGVUcP7X8YDKM1CssD79J2zSBLuq1lOhEM":{"chainKey":{"counter":0,"key":"20w5TrvdaKCT14TmtC9IPyN0qjr9RB/edkqGQxw8eys="},"chainType":2,"messageKeys":{}},"Bflwx2s8wyuwPU3WV046j8oveQcuQYHr5gpnc691BOd4":{"chainKey":{"counter":-1,"key":"kbUcMXEssckA474IgEhWSdgyiYa1o5mbecI23S+7zpg="},"chainType":1,"messageKeys":{}}}}},"version":"v1"}