{"_sessions":{"BRcc9WXqV6ScbBWZMC44UOjBdpbk2TShyzakIjGA5gwu":{"registrationId":1237580442,"currentRatchet":{"ephemeralKeyPair":{"pubKey":"BWJNRA3IKXWSGP300O5SGtA9N5bVd7HWDPdCvch46qBg","privKey":"GOef6gY4u9Xu/k15vIUJQYKtlIrPpDxecoSwdyoYk1Y="},"lastRemoteEphemeralKey":"BWKTeSR375UQHmehjhT3Nn1eNThtweGoOHswckIPY047","previousCounter":0,"rootKey":"SATVzrwz0WLlmLHue+QNmiPypWdby/4GaTybQyp46dc="},"indexInfo":{"baseKey":"BRcc9WXqV6ScbBWZMC44UOjBdpbk2TShyzakIjGA5gwu","baseKeyType":2,"closed":-1,"used":1764158028632,"created":1764158028632,"remoteIdentityKey":"BeiIje6B7496ZNwafdTI/z27DdtbMtBpCj+OdeYIxqwp"},"_chains":{"BWKTeSR375UQHmehjhT3Nn1eNThtweGoOHswckIPY047":{"chainKey":{"counter":0,"key":"yxWNEiLe//RaAMlVkmZX6Q15aiIohU8HVRLqULKTN2c="},"chainType":2,"messageKeys":{}},"BWJNRA3IKXWSGP300O5SGtA9N5bVd7HWDPdCvch46qBg":{"chainKey":{"counter":-1,"key":"N7fh1+53lFoDjYGlbdlQVaSB6g8UBANzqyv8cnyHUsk="},"chainType":1,"messageKeys":{}}}}},"version":"v1"}