{"_sessions":{"BVKus6QX7PEYhCRrJFjotcPtrsG+h1AvTLITlzt9EmcH":{"registrationId":757521344,"currentRatchet":{"ephemeralKeyPair":{"pubKey":"BRTn+BSLMN1BeN9Grq99oukY8MxAgmwmv/BlVGLZ2pU3","privKey":"cB5iqupyNgZAsol2MTNgMLOghRaGe35h+a2obPvTP00="},"lastRemoteEphemeralKey":"BU5UZ2D/oDZweXQNXf3XxfYbTjKD7zbk2Bbc6WbQsL14","previousCounter":0,"rootKey":"jGHgn1YFYY4qwzpwiTWexIZbhcLF3YxaZPyV094T50E="},"indexInfo":{"baseKey":"BVKus6QX7PEYhCRrJFjotcPtrsG+h1AvTLITlzt9EmcH","baseKeyType":2,"closed":-1,"used":1764151232359,"created":1764151232359,"remoteIdentityKey":"Bd3J/vEJ23+cFeCKuj5kAP9Uhs9/TBs6zFGHVJE7tbMK"},"_chains":{"BU5UZ2D/oDZweXQNXf3XxfYbTjKD7zbk2Bbc6WbQsL14":{"chainKey":{"counter":3,"key":"br6mh/OFsgvJvwGFx8hQEMESOkWnk7vEHLxAxX4zRfs="},"chainType":2,"messageKeys":{}},"BRTn+BSLMN1BeN9Grq99oukY8MxAgmwmv/BlVGLZ2pU3":{"chainKey":{"counter":-1,"key":"Ef02NKJA0KXN1ZggdDYsWIPLm5biyAvPuJMudzVTw3s="},"chainType":1,"messageKeys":{}}}}},"version":"v1"}