{"_sessions":{"BQHPrbswdHruJgOzUv/CzYCJ6QF1ONQZwiUQatP3dG4n":{"registrationId":1919509837,"currentRatchet":{"ephemeralKeyPair":{"pubKey":"BeHieGHGIOXXUt5C8fWxW6mzTtXJYhaaBfvVF1xQlTtC","privKey":"+MFDEr3I+1pKC+fe58N/2dE7bVjuYkc4rgcOD5MjfWs="},"lastRemoteEphemeralKey":"BSBi6cYQ67dgr1G6ym1zgXqNXYzJaoYjAXFsCM97SO9E","previousCounter":0,"rootKey":"iUi+YxRLaWKS7BwVHCVHBjMqnVUZyHyne253Z2PFDU0="},"indexInfo":{"baseKey":"BQHPrbswdHruJgOzUv/CzYCJ6QF1ONQZwiUQatP3dG4n","baseKeyType":2,"closed":-1,"used":1764159065273,"created":1764159065273,"remoteIdentityKey":"BXLCD7rFUvdy6X+IzURbLjrTf3d7wVneFpk0NhGBA1gB"},"_chains":{"BSBi6cYQ67dgr1G6ym1zgXqNXYzJaoYjAXFsCM97SO9E":{"chainKey":{"counter":0,"key":"BgzLeInWEh8vOcuKE2/BmTGHjypzOX8lGFwj6G9Cl7Q="},"chainType":2,"messageKeys":{}},"BeHieGHGIOXXUt5C8fWxW6mzTtXJYhaaBfvVF1xQlTtC":{"chainKey":{"counter":-1,"key":"+2JGiCIubgNKSbLL1iH7kXMyvU1UMZfjP1efQ9V5o2w="},"chainType":1,"messageKeys":{}}}}},"version":"v1"}