{"_sessions":{"BcnUXZRfEgfXxoHI+XKkMmEbKfzB8Z1cpM+4mO5rnKhf":{"registrationId":1799929605,"currentRatchet":{"ephemeralKeyPair":{"pubKey":"BQpz0fmh6lU65A6wZv0uI+RZjmSNQ7lsrZ//tb/4/q0d","privKey":"sHcPAAZyXzR4UncALtZx1JC2oqOaxThv/9P04YaEqEo="},"lastRemoteEphemeralKey":"BXmVlcifTnLd5alH6Ey+tFGKkp6O8rtJRGlc0oOLUVh2","previousCounter":0,"rootKey":"kn/QlikYys6E6JM1/3hd+8q/OKqT/XDiOdIli/G2kUU="},"indexInfo":{"baseKey":"BcnUXZRfEgfXxoHI+XKkMmEbKfzB8Z1cpM+4mO5rnKhf","baseKeyType":2,"closed":-1,"used":1764158045448,"created":1764158045448,"remoteIdentityKey":"BRSNbsMSGeFAwmrGMxuZV6lkLhAnhnaGUKim2ZU3JSgg"},"_chains":{"BXmVlcifTnLd5alH6Ey+tFGKkp6O8rtJRGlc0oOLUVh2":{"chainKey":{"counter":0,"key":"LztGEO7VzX4hth5jErjz3SUXle8UHpGoWYluIaqVX0Y="},"chainType":2,"messageKeys":{}},"BQpz0fmh6lU65A6wZv0uI+RZjmSNQ7lsrZ//tb/4/q0d":{"chainKey":{"counter":-1,"key":"yb5bRcYbc38hfCoM0/Oao576pSbLFaHUMGNplqamXHI="},"chainType":1,"messageKeys":{}}}}},"version":"v1"}