{"_sessions":{"BXExeMyo6KCnM6bbcJDkfp98XlaDltaf1QYbFk86iM13":{"registrationId":1091737939,"currentRatchet":{"ephemeralKeyPair":{"pubKey":"BRyZMuAmy8LDjE7RWTPVMhynGbibfhtBg9uvqmGTsLEZ","privKey":"8PraPKwR+Ar8RwBzVAkONRMq3nhtFqaTCzXom2qnrmY="},"lastRemoteEphemeralKey":"BVgt+AGmEldgwyPNwV909u9YG2l5W718MNrl7pzsL1xK","previousCounter":0,"rootKey":"k/bM9Kh3EU4fvACRwORJq/KoMqdwRxQ2yHuVgYHH934="},"indexInfo":{"baseKey":"BXExeMyo6KCnM6bbcJDkfp98XlaDltaf1QYbFk86iM13","baseKeyType":2,"closed":-1,"used":1764149715181,"created":1764149715181,"remoteIdentityKey":"BUwctTYK5tkJFpzT3oim7k0WroIh/vrj/2zHqX+DOD9Y"},"_chains":{"BVgt+AGmEldgwyPNwV909u9YG2l5W718MNrl7pzsL1xK":{"chainKey":{"counter":0,"key":"BRBMBbQql9tPtucD+XP+PcOD4y3WmXwhzFw/E9gOa5Q="},"chainType":2,"messageKeys":{}},"BRyZMuAmy8LDjE7RWTPVMhynGbibfhtBg9uvqmGTsLEZ":{"chainKey":{"counter":-1,"key":"kRMkmUXEGi9pMDlF9uv9ir0cwG/V9YT5Qy/k+jKdVmo="},"chainType":1,"messageKeys":{}}}}},"version":"v1"}