{"_sessions":{"BXjjgdIcuJVZTOPpYkD2HBlYCDHzyodFeUPeCy3AVJkq":{"registrationId":409371529,"currentRatchet":{"ephemeralKeyPair":{"pubKey":"BRahPl8aHX62VwVKqhJqMw+99k7/cqLdAIvXvo6OzhMr","privKey":"YJ65Tgb0gMWGXfaffZaQ7C0JnmC3vY6VGlT9OAAviGk="},"lastRemoteEphemeralKey":"BaktOE+p61jpTesNanY79Q6qbwnH52m1Rd7jRJthX1U4","previousCounter":0,"rootKey":"GCWJWbP/Sf0qlkpRGsFxzCAhBvmoNty1WnbPubtkSvU="},"indexInfo":{"baseKey":"BXjjgdIcuJVZTOPpYkD2HBlYCDHzyodFeUPeCy3AVJkq","baseKeyType":2,"closed":-1,"used":1764149840423,"created":1764149840423,"remoteIdentityKey":"BYFSUeJbwXyqmy3Tthazlq1yg4Pxtv8WTJ6MbC6uH8hT"},"_chains":{"BaktOE+p61jpTesNanY79Q6qbwnH52m1Rd7jRJthX1U4":{"chainKey":{"counter":0,"key":"6B+wSexle+wzybFYiZf8VcWzFyl1fdLh2ub7YniRS9Q="},"chainType":2,"messageKeys":{}},"BRahPl8aHX62VwVKqhJqMw+99k7/cqLdAIvXvo6OzhMr":{"chainKey":{"counter":-1,"key":"MNTKWONs1J6lGzTy2/dEdXZGo4IwwFxmmumkH9Pfdrc="},"chainType":1,"messageKeys":{}}}}},"version":"v1"}