{"_sessions":{"BZmLTuXP1sAVhB3u2ZBigOHLzP7nGPM4z/pYwitGt5kL":{"registrationId":1109202038,"currentRatchet":{"ephemeralKeyPair":{"pubKey":"BQs0C3eQ/M/PDjfrt0pJP7fWpc5fUDiJMOG9Wb7zldxi","privKey":"uCYiGg+I6Fwbyb7vVyciUH62guAxCr///RSLPZejQHo="},"lastRemoteEphemeralKey":"Bdg7Mhh1oJJH0Syl0JNeBGxayOVUS93K+FJI7ZIAVqJo","previousCounter":0,"rootKey":"SvtNT+jfmY7Ngr3TCkkvDKS8mUBz3WPnd9wzjIuNUfc="},"indexInfo":{"baseKey":"BZmLTuXP1sAVhB3u2ZBigOHLzP7nGPM4z/pYwitGt5kL","baseKeyType":2,"closed":-1,"used":1764156056940,"created":1764156056940,"remoteIdentityKey":"BUxa81R0Pfp/CgsVIMqZ8661Tug0wVUJkDPg7datONs3"},"_chains":{"Bdg7Mhh1oJJH0Syl0JNeBGxayOVUS93K+FJI7ZIAVqJo":{"chainKey":{"counter":4,"key":"Yi8Ff6qZPR/7J/bz58d6HiuifnMRdSj4Hik57Y0lHMA="},"chainType":2,"messageKeys":{}},"BQs0C3eQ/M/PDjfrt0pJP7fWpc5fUDiJMOG9Wb7zldxi":{"chainKey":{"counter":-1,"key":"moErU7gZFyBWTh75XGvyEcvNh3P7ryDOe+/8LWA7nOA="},"chainType":1,"messageKeys":{}}}}},"version":"v1"}