{"_sessions":{"BZkp32tWSxhIQQgxP+13nfztw96AaDLNDxyN7UnCBTRX":{"registrationId":1914951215,"currentRatchet":{"ephemeralKeyPair":{"pubKey":"BSFfuhZbULVOGz6dosqJfJyacdU6f1fnD11lgDXnmCNc","privKey":"sGaX0i5VQtyeugtMuK85EkCDJFqlXVqpBEGr6nx+IV0="},"lastRemoteEphemeralKey":"BQHxJ28fAyUaNha9Bu1e2jFYvSOvhuC46wEM7PJW+YFh","previousCounter":0,"rootKey":"f3EhLmSh7/vbgGMYOH7+8zJ7ZHzFfaOkil7I3ekdbc0="},"indexInfo":{"baseKey":"BZkp32tWSxhIQQgxP+13nfztw96AaDLNDxyN7UnCBTRX","baseKeyType":2,"closed":-1,"used":1764150056508,"created":1764150056508,"remoteIdentityKey":"Bd229a19p96MK7Y3/B3lcqhKQgvjO0VrFW3v6r7Jugx0"},"_chains":{"BQHxJ28fAyUaNha9Bu1e2jFYvSOvhuC46wEM7PJW+YFh":{"chainKey":{"counter":1,"key":"0GQMFENvx9TkKsM4FmLtg4uEYdhmiovqT58VtofImN8="},"chainType":2,"messageKeys":{}},"BSFfuhZbULVOGz6dosqJfJyacdU6f1fnD11lgDXnmCNc":{"chainKey":{"counter":-1,"key":"e9T6thBvgguFuaEY8pLzJWi3KiADSEvKvsmJ18wr/+g="},"chainType":1,"messageKeys":{}}}}},"version":"v1"}