{"_sessions":{"BQETSrbAMZf+jDnySKPYg1BcgfzYwPtupHzv1aQHebVf":{"registrationId":175027851,"currentRatchet":{"ephemeralKeyPair":{"pubKey":"BQsQN6AIHzdiAFWTFI/E8wL5mS/EvqqWTVWaqOKDWdJJ","privKey":"KGNBb8QbpzlRc0hHzK+QqBB++OJOsdvSk2bjQJVLmVo="},"lastRemoteEphemeralKey":"Bcjc2L4ghBJDT+diwFEpHHwV5okRna6vaybddXCXtCBD","previousCounter":0,"rootKey":"3/kFYRGGY0QW+JOQyDN9Fn7hmeoK5g122YZgc53Y2NM="},"indexInfo":{"baseKey":"BQETSrbAMZf+jDnySKPYg1BcgfzYwPtupHzv1aQHebVf","baseKeyType":2,"closed":-1,"used":1764153443608,"created":1764153443608,"remoteIdentityKey":"BayU59Tfl4nrCSB7myYEZMbTMAHHWzdUm2RDf7cN1H9b"},"_chains":{"Bcjc2L4ghBJDT+diwFEpHHwV5okRna6vaybddXCXtCBD":{"chainKey":{"counter":0,"key":"QVoJYzvox1ryhbqTa2eeHmJcyBAEuFo1rWPJlIwIHVw="},"chainType":2,"messageKeys":{}},"BQsQN6AIHzdiAFWTFI/E8wL5mS/EvqqWTVWaqOKDWdJJ":{"chainKey":{"counter":-1,"key":"g7Hb8kmZkplQL/0RCoOizr8H8WUCflPA5conwYuu9Zc="},"chainType":1,"messageKeys":{}}}}},"version":"v1"}