{"_sessions":{"BXV+p4d81rVqZJnnsf75fKDT/J9EeQc678SZPpIm+OV8":{"registrationId":1937013663,"currentRatchet":{"ephemeralKeyPair":{"pubKey":"Bd3DmH/eCbBnZ1uNlyt+NCzrcu9bGsrLh8kBYMfoAmYX","privKey":"oAftJ2K1U8rN0/yIrQVcge1N17nUP9vRtJ8pZO/GM2k="},"lastRemoteEphemeralKey":"BZYGkzkHGzxjKSmVBsxtJ+dyLWZHZMW8NNI8IIF9wV9s","previousCounter":0,"rootKey":"ZcOiqVZEzlGTOSFAiW1Kof5GRfgOjY/RtpN85R0PdYU="},"indexInfo":{"baseKey":"BXV+p4d81rVqZJnnsf75fKDT/J9EeQc678SZPpIm+OV8","baseKeyType":2,"closed":-1,"used":1764148387258,"created":1764148387258,"remoteIdentityKey":"BbAnigijgSRLHVBaQDT/hsfc6kzeOGY0azprbmy5NOo7"},"_chains":{"BZYGkzkHGzxjKSmVBsxtJ+dyLWZHZMW8NNI8IIF9wV9s":{"chainKey":{"counter":0,"key":"8dXzp4Ibftk8KOjGIfb0xfPxgte0zXgAkYqtqkp3o2o="},"chainType":2,"messageKeys":{}},"Bd3DmH/eCbBnZ1uNlyt+NCzrcu9bGsrLh8kBYMfoAmYX":{"chainKey":{"counter":-1,"key":"gBgYy5lOCE7dA3jp1a6CZ/Agfh8xqKpsTTqwMwkYKjM="},"chainType":1,"messageKeys":{}}}}},"version":"v1"}