{"_sessions":{"BUPkIr3MsEiEmsCb8lZuSokRMCMFhT/mqQc4gi9bfb0O":{"registrationId":1735895019,"currentRatchet":{"ephemeralKeyPair":{"pubKey":"BZVQlshkr4YaVzetmAPbNFA3hS1Dd6n9bMIIUYMLSdsw","privKey":"ABfluzSHqpxgWT3Jciyoekk+wHq5/5I4ZrLnGteQiF0="},"lastRemoteEphemeralKey":"BQcVml5eq18H+W6Y7vp5QQPilutAvi3jGAwtWDDg7GNF","previousCounter":0,"rootKey":"6wM2dGM0r47d0DfgpPA3Sxf3K9Tti+XF+XS00ZIYqkE="},"indexInfo":{"baseKey":"BUPkIr3MsEiEmsCb8lZuSokRMCMFhT/mqQc4gi9bfb0O","baseKeyType":2,"closed":-1,"used":1764151074060,"created":1764151074060,"remoteIdentityKey":"BQ4q/uLR/sr2MpKH6UVFITaZ4Uu2P/rPel8kIekmD19R"},"_chains":{"BQcVml5eq18H+W6Y7vp5QQPilutAvi3jGAwtWDDg7GNF":{"chainKey":{"counter":32,"key":"3oM13vONokmfAB+fXt6v2OdcGvP3Ko02X8vmrY3pdZw="},"chainType":2,"messageKeys":{}},"BZVQlshkr4YaVzetmAPbNFA3hS1Dd6n9bMIIUYMLSdsw":{"chainKey":{"counter":-1,"key":"RqWYFUykqMUWLqnF4b/tTFRIeqTPt3atIeXJtNEshoY="},"chainType":1,"messageKeys":{}}}}},"version":"v1"}