{"_sessions":{"BX7Ts2SyE+/5P+qxwemuw2DytWunBQsmuAxPYA2ob1A5":{"registrationId":1006510762,"currentRatchet":{"ephemeralKeyPair":{"pubKey":"BRtOWKF6hujTZA08KBLHoEAXKkmdVr46BhWSTO6QZKYB","privKey":"ePGGP7niPrpUMyyrwr1/uTVOjoEUvJ/+1scAGB/750k="},"lastRemoteEphemeralKey":"BbeJHORUySe0zuDLR/eIzfs5E68vBjiQfrur/D6R3XoD","previousCounter":0,"rootKey":"FvIi00Zm0DCGILJVm69FJqRw/EQ4OuH1N8RDTDixLSY="},"indexInfo":{"baseKey":"BX7Ts2SyE+/5P+qxwemuw2DytWunBQsmuAxPYA2ob1A5","baseKeyType":2,"closed":-1,"used":1764152381846,"created":1764152381846,"remoteIdentityKey":"BRTxXeDnRXX6sZXsIBLnIUiQ3aztRbp7ejZYzWJMeZlJ"},"_chains":{"BbeJHORUySe0zuDLR/eIzfs5E68vBjiQfrur/D6R3XoD":{"chainKey":{"counter":0,"key":"K8Rl3mZ1d5yvY/ERwVMyzKahlx3RW4OL8XA0P2ZHjHA="},"chainType":2,"messageKeys":{}},"BRtOWKF6hujTZA08KBLHoEAXKkmdVr46BhWSTO6QZKYB":{"chainKey":{"counter":-1,"key":"QeJIbWMcxLDjQ9q5/DT5OLbpT3u7GhavlfACIXv8fhU="},"chainType":1,"messageKeys":{}}}}},"version":"v1"}