{"_sessions":{"BdFzMBgWebngv8rRc+EqSJpkChn9wqrbaO7DqNsHuOxq":{"registrationId":1313104422,"currentRatchet":{"ephemeralKeyPair":{"pubKey":"BXIV4sX0Lk/s6STIr9Lu0+hiPsdZSMRaQ2LXE+tazCE9","privKey":"GN1+CVt+CVTxM0t68eudUtU68F7C/o29RmCArusEGnA="},"lastRemoteEphemeralKey":"BQLx0N5LRVg8O56AZ9poZ+f+QyWS+BwRzmA925zhO3M/","previousCounter":0,"rootKey":"6hAVrUHuffckIsXVvzbBfnwKZl69UmnnMSff7ZHT+80="},"indexInfo":{"baseKey":"BdFzMBgWebngv8rRc+EqSJpkChn9wqrbaO7DqNsHuOxq","baseKeyType":2,"closed":-1,"used":1764154340129,"created":1764154340129,"remoteIdentityKey":"BdSPggOBnpE8sk6CAPXeVL6OtcXo2gfY6IEUXDLS8yl+"},"_chains":{"BQLx0N5LRVg8O56AZ9poZ+f+QyWS+BwRzmA925zhO3M/":{"chainKey":{"counter":1,"key":"DwtcIolcVe2ImkJIrNGX7SBDxa1GGqJ7QMgF5wmYmgA="},"chainType":2,"messageKeys":{}},"BXIV4sX0Lk/s6STIr9Lu0+hiPsdZSMRaQ2LXE+tazCE9":{"chainKey":{"counter":-1,"key":"HY1LtGvNs9UkCN0ru6/D1/rRoxBJjnnzPSqk09vXwCw="},"chainType":1,"messageKeys":{}}}}},"version":"v1"}