{"_sessions":{"BX+udt3ngr2nB9+5LP2fmZsu7OX3xakeTLE43Gz7FxpR":{"registrationId":1631644011,"currentRatchet":{"ephemeralKeyPair":{"pubKey":"BYnFbGyH3K6lMsA0O9YJuaLK6jsLvpw+Yg+u0BQ8sBl7","privKey":"ECy+2gm1uIpOKOq80KvngmRmW+VuKtxkyE2HW6sBCEs="},"lastRemoteEphemeralKey":"BWwqVQtWGgt8Yxc8tRpu/TQFN6pJnvuvt9SGF6fvc942","previousCounter":0,"rootKey":"Xw82qPu4ONN5Tw5fMd1L1AW2SmBB3+ET1PB7+7tGltY="},"indexInfo":{"baseKey":"BX+udt3ngr2nB9+5LP2fmZsu7OX3xakeTLE43Gz7FxpR","baseKeyType":2,"closed":-1,"used":1764148279661,"created":1764148279661,"remoteIdentityKey":"BcWObcVYRE3F7na/AK6ItVUoV6dft6J3T5N2yqfX0uxr"},"_chains":{"BWwqVQtWGgt8Yxc8tRpu/TQFN6pJnvuvt9SGF6fvc942":{"chainKey":{"counter":2,"key":"3pgQLs4o6/SK4dIllJSvitmxF7zR2HuYEW9PTQADBhs="},"chainType":2,"messageKeys":{}},"BYnFbGyH3K6lMsA0O9YJuaLK6jsLvpw+Yg+u0BQ8sBl7":{"chainKey":{"counter":-1,"key":"nRnwvawllQDb3r88mqxodOJ+VpXKtkCApzTc4o5J1yU="},"chainType":1,"messageKeys":{}}}}},"version":"v1"}