{"noiseKey":{"private":{"type":"Buffer","data":"MBPjSoEpk4Yzxmus+QvimiYFBZlREjMW4InNNqMPxn4="},"public":{"type":"Buffer","data":"pjicviG6lJkdFe50BkPT5mWvgR/4cymflJ9WySC8UTI="}},"pairingEphemeralKeyPair":{"private":{"type":"Buffer","data":"UK3x2t7ZZaIPHwe6ZilbSJSsOYLteMxSNMZFyvQcM0w="},"public":{"type":"Buffer","data":"Jqa/VdF9lAvsAnQjS5TXgF9peJWz1eSp1/cZySBavg0="}},"signedIdentityKey":{"private":{"type":"Buffer","data":"mCB3/luxjjQODa5wb4sCcHGmUTBLg00MkNxKfO8cfEs="},"public":{"type":"Buffer","data":"gRIYxXKzz3OB3drPwLI7iY7bWWwFGZIr+yzbkSp/Oxc="}},"signedPreKey":{"keyPair":{"private":{"type":"Buffer","data":"WDnCQF2lvd4S6iYzU3fB3hfHFLuum6XpUK9XhkBIXHI="},"public":{"type":"Buffer","data":"Y5N46ogOsh8f9Gk7WCTZTpiNMTH5PBviONP3/ZfIaWo="}},"signature":{"type":"Buffer","data":"YW8Zln9nqlEloBYZEULPtQDGXv8PzameNIyr1nmpgpOxTDPT0LLboK0s2lVxfjCcpuzzKA+IoB6PQj7VqgnRDA=="},"keyId":1},"registrationId":157,"advSecretKey":"lsUMF6MVVOgVuhn7Dx0EfcEqNXzB0Vwbs0J/ytvlO0E=","processedHistoryMessages":[],"nextPreKeyId":31,"firstUnuploadedPreKeyId":31,"accountSyncCounter":0,"accountSettings":{"unarchiveChats":false},"deviceId":"Xu07jXKKTtuAhpfnOhiptA","phoneId":"15a9f379-bc6b-4386-906f-95ee3659bf61","identityId":{"type":"Buffer","data":"KHGOuglTK31Uxh5NhntYfmu8An0="},"registered":true,"backupToken":{"type":"Buffer","data":"btCCYPg3pBqmfICrd90/x1tf7QU="},"registration":{},"pairingCode":"H75XKL1L","me":{"id":"6283140861299:23@s.whatsapp.net","lid":"180526619066444:23@lid"},"account":{"details":"CJ3Hlp4EEJ/kmskGGAMgACgA","accountSignatureKey":"erixY87carUztl0zAbz+BEJboXEa8OxgQ63m07EzAWw=","accountSignature":"GYYWvNlNGScHmnJcg7okadr4EtIa3wTvOYxAAcuef2wT7Mzp7q7Pi3HSXhHfNkxFejwpNMOkuZOlOA2u7SvwAw==","deviceSignature":"wv/Ua0dyS+Ov8HI/UnQ8rpFvNuhjlilK8RlhbisUwMLP9JvHGSXHXqUKqV44czMs+6dlb896Ew4QVMJlooL+DA=="},"signalIdentities":[{"identifier":{"name":"6283140861299:23@s.whatsapp.net","deviceId":0},"identifierKey":{"type":"Buffer","data":"BXq4sWPO3Gq1M7ZdMwG8/gRCW6FxGvDsYEOt5tOxMwFs"}}],"platform":"android","routingInfo":{"type":"Buffer","data":"CAIIDQgF"},"lastAccountSyncTimestamp":1764143654,"lastPropHash":"1K4hH4","myAppStateKeyId":"AAAAABX1"}