{"noiseKey":{"private":{"type":"Buffer","data":"eFosfM0szrQGtn+RoVGohyOc4fQIlrGKrcHPNkg2b1s="},"public":{"type":"Buffer","data":"d4Dj2xGVV6l8ZTldhLhl4shwl76XMPJwZ5/OYKUjpy8="}},"pairingEphemeralKeyPair":{"private":{"type":"Buffer","data":"kKGfkuTArcEi26zuIuDXi1BF5u1cfqW0FxdPj7N8pV0="},"public":{"type":"Buffer","data":"Ej7wXyOxkdOWQ7u1jbTXaKX8MHBARgt/syV2RfPsUT0="}},"signedIdentityKey":{"private":{"type":"Buffer","data":"YIvFlwG8qYT7qklUANUZR+AB8Yu5XNosiR3NRnxSMlY="},"public":{"type":"Buffer","data":"jV6gwfXTRlcAO+BJEhxu5JGJ5iO3+lDFnFOEH8AI0y0="}},"signedPreKey":{"keyPair":{"private":{"type":"Buffer","data":"0PseG7jj/5t6pNwgzKYrz7xJy5sMsSThah/HHkDIZF4="},"public":{"type":"Buffer","data":"1bum4Pv8zfTZWCkTvBB3F88JrULbmqk0I8G3KrrcwjA="}},"signature":{"type":"Buffer","data":"pWVV4kW8uZWrqTl1rmLwkA3lCRDv7gr0BgC0PpnfK/r6qLn1v3GD3/58REg0HHVF6bDX93r7iRetXvgHQ/9OBA=="},"keyId":1},"registrationId":208,"advSecretKey":"Q9JJAEWz7oOEFCVe2RnXqiSeGVouZKYiN3KQN1K0Z+0=","processedHistoryMessages":[],"nextPreKeyId":1,"firstUnuploadedPreKeyId":1,"accountSyncCounter":0,"accountSettings":{"unarchiveChats":false},"deviceId":"SQKQaGvmQ2e5ykNV-oRSow","phoneId":"78a118e7-8a06-41c2-ba0e-cae5df7381a0","identityId":{"type":"Buffer","data":"Obf6hrMuZcCMvUtDmJoOIfMIFRI="},"registered":false,"backupToken":{"type":"Buffer","data":"43lUStiBZBI8xP6y278NQNaheWc="},"registration":{},"pairingCode":"KHFELQL4","me":{"id":" 6282189777166@s.whatsapp.net","name":"~"}}