{"version":1,"hash":{"type":"Buffer","data":"o+rZbWo2LyJFdn1GS23bmUm6K9USpBX0YWAnDuDsi7Ve8Y8DPPJrg3h5tZzeRnoZl2DXfRnEpetUl11e5ly3PAb0UbvUoBs8eUYocuQGOFdiTND3tlng0JTf8I7s6ByDgxMyFBjZwbiaFAA63WPRKk3U1dwYdjEpYb2SsjCUCdA="},"indexValueMap":{"5JgrxENHYeVPqCReeZ1241mwn1KlPDKC6bq0NaaXHno=":{"valueMac":{"type":"Buffer","data":"QDdFLvwquiWVluEYFDjzc05CUAtG2RxOHBKFNq7TTuc="}},"KK0TbGO4VwBGOlVuAh2flSfvUgqs9yTsXbWn3xhzkmg=":{"valueMac":{"type":"Buffer","data":"sBJh/24wbwC9ycc6yzgQjotXA4CaOV+DABQ9jd4QmYM="}},"R/PvVonGU4QLRXjDj/PkMrGe7SbDPj4loG5wECvbn1c=":{"valueMac":{"type":"Buffer","data":"f6KnGz1M4jz2Yfl6ImqlTpQnCMbg/Ru7NtvftPkKedM="}},"XX4/vUXkbU4UfG0h92JkY55rNdY+C/r2yq5Damak1D8=":{"valueMac":{"type":"Buffer","data":"9ZVGiEGv3zZ6zTl2OscIyQ0FBG1nkj6xB4hZE/W3c1M="}},"JswtudiXIijAlGs6+qbvzW8RcwdN37EsFyT/1cEDmEM=":{"valueMac":{"type":"Buffer","data":"WxuAm2BPYu8rfoQnPOSXAnM+UmoCyX0wPY73UckXgLE="}},"10Vv1AtBWiYgAPrDbtzpX6iovuQ1sOIHCkknmLes+XQ=":{"valueMac":{"type":"Buffer","data":"4ez4zgeqg2NjZd+qlcUCtQ3JwB+FxOfGXFc8T2DPR7c="}},"gwm50LBoCwNGlMB7v8dNy1bQZC8vQGt3VEooIJTiplI=":{"valueMac":{"type":"Buffer","data":"kuu6sCAL5o150u2YBENsydzykUy7/ZuRiwLenw06j+8="}},"dHkKqB2LqCzGwE8ihE/jKE0TaN8hD9kA8vHulIKn7O4=":{"valueMac":{"type":"Buffer","data":"6cvrbETtD9jc67mSyP7NI7ZT1zrGR8wjYDJsR/Ogd40="}}}}