{"noiseKey":{"private":{"type":"Buffer","data":"CBh94BS2lOaNGoSVcYoqoMzikKB0zE07TzMydx7yf0U="},"public":{"type":"Buffer","data":"5a+IeOVGxUE6vnFbsEN32iGuiB6c4Lhwa7q4MQUPDRk="}},"pairingEphemeralKeyPair":{"private":{"type":"Buffer","data":"+CxKL/SeF/KlC0wDIpE04S2FAL9XU9FBKyNyMS+3/1M="},"public":{"type":"Buffer","data":"385Mk3NctjIEIsdk5dZyZqAZFHcq4UjWjG7owd3kYmw="}},"signedIdentityKey":{"private":{"type":"Buffer","data":"UOpX3ahI2FHFM+UysyYHEboNL+eusTldLZCYR7Mjalk="},"public":{"type":"Buffer","data":"fpmGDcZLEhrCBnTyq8nucusKJPL+mnyas3UzmMmds0w="}},"signedPreKey":{"keyPair":{"private":{"type":"Buffer","data":"oEPgTiA/RHD6JwTPjyeaiZEq/kXSG1UxYlRJGPwVmWg="},"public":{"type":"Buffer","data":"yXtWRSC42zlSZfDpXtGiqd+tNsZbPrMF+tCeYoHaCGY="}},"signature":{"type":"Buffer","data":"09pRpr1nAUXKMH9RjYmqeYLTLGrD2tANutHqnI6ikz73pvGwxeZj+7VAettLIFg1EGuiyH6Wgw82WAx5zyeGhQ=="},"keyId":1},"registrationId":228,"advSecretKey":"jEx5JSutmTTHT+8YxFDz8Q9sT52oByKcH9tX4al+56c=","processedHistoryMessages":[{"key":{"remoteJid":"6283164854366@s.whatsapp.net","fromMe":true,"id":"AC0CFDD516A3E52EBA66D8A973B36425"},"messageTimestamp":1764084701},{"key":{"remoteJid":"6283164854366@s.whatsapp.net","fromMe":true,"id":"AC9504CA4F78EAC0588A7BCB8678BC23"},"messageTimestamp":1764084701},{"key":{"remoteJid":"6283164854366@s.whatsapp.net","fromMe":true,"id":"ACA3567A9F4F4B79B3F2644021CD6219"},"messageTimestamp":1764084706}],"nextPreKeyId":33,"firstUnuploadedPreKeyId":33,"accountSyncCounter":1,"accountSettings":{"unarchiveChats":false},"deviceId":"fgfeGJr-TviiVd_SGXq5iA","phoneId":"0abb514c-b176-4928-951b-5d987abaf96b","identityId":{"type":"Buffer","data":"KW72B9Kh3jZwdd9UCUjuzh+6GU8="},"registered":true,"backupToken":{"type":"Buffer","data":"HhNXmqqHJcGWcIVPQQjwR7L9/eI="},"registration":{},"pairingCode":"A1TX21LA","me":{"id":"6283164854366:9@s.whatsapp.net","lid":"130971420602547:9@lid","name":"STOK KHAFISTORE"},"account":{"details":"CMq34GoQ05eXyQYYASAAKAA=","accountSignatureKey":"jbbygvqClpz9s6ahf71/evicwcwt9NFpsF32LVXZnRA=","accountSignature":"21Yt4l3HaP90RlHGR7ECQW8ADfrQOR9hk2W1TDWDXBh9UZouNhMJ7+fHoVDa1b8aU3r717ZNPCUeSMe7H3wrCg==","deviceSignature":"rjahL2ChDlCJb4g4hagKrNu7Qol13cFsnGJFvm1pNGCvDrIBqTaGdUoAvcdCu1Y6RC+kXGOi7mJ9NQ5e9onWhg=="},"signalIdentities":[{"identifier":{"name":"6283164854366:9@s.whatsapp.net","deviceId":0},"identifierKey":{"type":"Buffer","data":"BY228oL6gpac/bOmoX+9f3r4nMHMLfTRabBd9i1V2Z0Q"}}],"platform":"android","routingInfo":{"type":"Buffer","data":"CAIIEggN"},"lastAccountSyncTimestamp":1764084699,"lastPropHash":"3R9Z39","myAppStateKeyId":"AAAAAAHT"}