{"_sessions":{"BVs/tlx0ta14/9DYsotW/oawX+QFpNovUeH1aO8CAcMv":{"registrationId":1114368438,"currentRatchet":{"ephemeralKeyPair":{"pubKey":"BWdvoZbilOIq3cTxA1QQH3iTazdru4Tjzrx2gDue3Oka","privKey":"UKCAf9pvK/DZsZIdnP5ggRCNGL4PA/9RKFDzZgkc+H8="},"lastRemoteEphemeralKey":"BXWLLzwAoJ4QAjY2icsAUraF5mJhLJFrYgK81/tdqFZf","previousCounter":0,"rootKey":"x8UPwO0jJtiU05DfSv5ipocCEoppIXlNSfVL/u6ZWzQ="},"indexInfo":{"baseKey":"BVs/tlx0ta14/9DYsotW/oawX+QFpNovUeH1aO8CAcMv","baseKeyType":2,"closed":-1,"used":1764084701458,"created":1764084701458,"remoteIdentityKey":"BY228oL6gpac/bOmoX+9f3r4nMHMLfTRabBd9i1V2Z0Q"},"_chains":{"BXWLLzwAoJ4QAjY2icsAUraF5mJhLJFrYgK81/tdqFZf":{"chainKey":{"counter":6,"key":"1WVVE3qz5IReOejzF/VW2WKYXjxBj6E1AbvdB0q8tcw="},"chainType":2,"messageKeys":{}},"BWdvoZbilOIq3cTxA1QQH3iTazdru4Tjzrx2gDue3Oka":{"chainKey":{"counter":804,"key":"QKvpdWV28x5OhqpDf4VIVjSp/fyQG/jUmoPAOFn2iqw="},"chainType":1,"messageKeys":{}}}}},"version":"v1"}