{"_sessions":{"BQirp/AzSMeBjArM2PmxNvSBkoNlnFy1ZoMLPAY9ncJy":{"registrationId":1114368438,"currentRatchet":{"ephemeralKeyPair":{"pubKey":"BUsCiBRmHTkeosg1s78PCPl01ZHyZuGR4AXdkyjOIT9A","privKey":"aCTe9tK/u6kUuyjO+iPWj0elIuy1uGDmTDvNttFKIGk="},"lastRemoteEphemeralKey":"Ba0x1JT9YH1ogElLOW8uJaBuSIKvz9kqvTtgxiHzlVok","previousCounter":0,"rootKey":"SWGnzusdsIMOwQvNW3wuFeXsi8/nn607un2+8BEK5+0="},"indexInfo":{"baseKey":"BQirp/AzSMeBjArM2PmxNvSBkoNlnFy1ZoMLPAY9ncJy","baseKeyType":2,"closed":1764084769313,"used":1764084768907,"created":1764084768907,"remoteIdentityKey":"BY228oL6gpac/bOmoX+9f3r4nMHMLfTRabBd9i1V2Z0Q"},"_chains":{"Ba0x1JT9YH1ogElLOW8uJaBuSIKvz9kqvTtgxiHzlVok":{"chainKey":{"counter":0,"key":"PFvpJhb7ZFBeheVX8xoj3ao76CqPGqmjsBSL2kF2Vp0="},"chainType":2,"messageKeys":{}},"BUsCiBRmHTkeosg1s78PCPl01ZHyZuGR4AXdkyjOIT9A":{"chainKey":{"counter":-1,"key":"Jot8IP/xsFQHOV2kO7nv+WsUlXpmzI5DcV91qS31Ozg="},"chainType":1,"messageKeys":{}}}},"BYgOnnhXpU/vtqvpFqEwDXxvAWA3Ok/jjy6XjNWVsZ4d":{"registrationId":1114368438,"currentRatchet":{"ephemeralKeyPair":{"pubKey":"BRdwdpbaSEd4yHz478b4CfQqmpD98/+d7gK+RPUlHb8n","privKey":"0KCUfNoEtsfAuWhvB0lh9KwpxnMackWs1gAGaRRhh1Q="},"lastRemoteEphemeralKey":"BSYhpF8vrNM5zm6W2xE8IvAavKsHtTakyLQ0M7irlopQ","previousCounter":0,"rootKey":"NqFXhK9w4mfH9R7IfErK2JZFz0wpRxFMlteg6J7xgvM="},"indexInfo":{"baseKey":"BYgOnnhXpU/vtqvpFqEwDXxvAWA3Ok/jjy6XjNWVsZ4d","baseKeyType":2,"closed":-1,"used":1764084769314,"created":1764084769314,"remoteIdentityKey":"BY228oL6gpac/bOmoX+9f3r4nMHMLfTRabBd9i1V2Z0Q"},"_chains":{"BSYhpF8vrNM5zm6W2xE8IvAavKsHtTakyLQ0M7irlopQ":{"chainKey":{"counter":0,"key":"EY94f0AisSRgF/1sAd7q+c4w68ZCHHA4pFBc+r1rFSQ="},"chainType":2,"messageKeys":{}},"BRdwdpbaSEd4yHz478b4CfQqmpD98/+d7gK+RPUlHb8n":{"chainKey":{"counter":-1,"key":"7NElMFuHcYc6esUAlmQpxxBI80rRTZz3XVt8ijUPjdY="},"chainType":1,"messageKeys":{}}}}},"version":"v1"}